model,dt,seed,tick,vehicleId,route,category,speed,allowance,neededDeceleration,proposedAcceleration,proposedMode,previousRegime,proposedRegime,leaderGap,leaderSpeed,leaderAcceleration
prototype,0.1,42,655,28,route-83/lane-1,signal-amber,10.052506070824405,0.1033303038893223,488.9798757013231,-8.0,braking,,,173.56720161129942,13.824028334358909,5.739491844754715e-10
prototype,0.1,42,4252,205,route-83/lane-1,signal-amber,12.05154390800978,0.6640212010319715,109.3637600282695,-8.0,braking,,,32.7951900468463,11.963067066212963,-0.02397515819227659
prototype,0.1,42,5714,300,route-91/lane-1,signal-amber,5.277123288454213,0.09555939978338301,145.71057512224112,-7.600378409966037,braking,,,148.3805737452597,11.712197132709335,0.0001402072888581074
prototype,0.1,42,6304,341,route-77/lane-2,signal-amber,11.0387439450179,0.7464420904316285,81.62312217228241,-8.0,braking,,,230.1840491623501,14.181246814522876,2.678829978345713e-05
prototype,0.1,42,7511,398,route-79/lane-1,signal-amber,3.650322747129537,0.21914714820303516,30.401618883641902,-5.626967832561327,braking,,,38.63461454736631,11.687146821661143,0.07492264115302305
prototype,0.1,42,7855,427,route-85/lane-1,signal-amber,10.668898754839457,0.06458367230078466,881.2242830579332,-8.0,braking,,,74.32229854477583,12.964098397553622,2.1560315606924025e-08
prototype,0.1,42,7874,428,route-85/lane-1,leader,1.0725797013382945,0.06086516874950121,9.450620439891352,-2.24772585863572,braking,,,2.060865168749501,0.0,-0.8888888888888888
prototype,0.1,43,3907,208,route-79/lane-1,signal-amber,7.915260148551636,0.6949201262970632,45.078089443956884,-8.0,braking,,,94.67630994411564,15.869091569298584,0.0031569985428809844
prototype,0.1,43,5109,294,route-77/lane-2,signal-amber,6.3509046111580405,0.37059111252841603,54.41845205736787,-8.0,braking,,,75.1332027815468,15.018239955739574,3.9677635399471e-07
prototype,0.1,43,5452,307,route-87/lane-2,signal-amber,10.198426248392112,0.8021626395509998,64.8296821715047,-8.0,braking,,,13.56955388590552,11.586234304109308,0.003385414036324382
prototype,0.1,43,5458,313,route-83/lane-2,signal-amber,8.93192170972435,0.5630408781792084,70.84674356739377,-8.0,braking,,,54.39362470060212,12.713125926999245,-0.036495386176497856
prototype,0.1,43,5475,314,route-83/lane-2,leader,2.2504571649270027,0.18088307381941604,13.99953390947863,-3.358231443797714,braking,,,2.180883073819416,0.0,-0.8888888888888888
prototype,0.1,43,8100,437,route-89/lane-2,signal-amber,11.585584621636196,0.8207354384495602,81.77164329510197,-8.0,braking,,,151.04630823063553,11.312544237236526,-0.003550833689323618
prototype,0.1,44,4251,229,route-83/lane-2,signal-amber,12.41303025661465,0.22841303778960764,337.2909918862812,-8.0,braking,,,62.96259129631949,12.421614503626389,-0.04916479022559139
prototype,0.1,44,4503,242,route-89/lane-2,signal-amber,9.495472965563545,0.2479980473043497,181.78370317790547,-8.0,braking,,,146.07546487955665,12.712657862551753,0.00039795156218384403
prototype,0.1,44,5452,307,route-83/lane-2,signal-amber,13.158615075949543,0.8656236903087802,100.01410119404302,-8.0,braking,,,33.36650941670041,14.537705962302242,1.585647807426464e-06
prototype,0.1,45,904,46,route-89/lane-2,signal-amber,10.644023417157477,0.6490344349775228,87.27983324099003,-8.0,braking,,,241.9653229295604,14.29788257306624,3.77931186683611e-05
prototype,0.1,45,1851,112,route-83/lane-1,signal-amber,14.345409154936325,0.7128938796857938,144.33478087456209,-8.0,braking,,,54.82880030210765,14.12230971590484,0.004378868204685915
prototype,0.1,45,2704,155,route-79/lane-1,signal-amber,8.927585369777466,0.3665514762853377,108.71840067644652,-8.0,braking,,,23.644404352564038,11.958190792980409,6.955663067742535e-08
prototype,0.1,45,5101,284,route-77/lane-1,signal-amber,11.023094435737088,0.18538997908234478,327.71083836523707,-8.0,braking,,,13.596055354407838,11.601503184169626,-0.03722319624941681
prototype,0.1,45,5704,323,route-89/lane-1,signal-amber,10.67703294747448,0.4434124185100359,128.54740620990907,-8.0,braking,,,130.07136399780052,12.735973202380025,-0.0948962300230918
prototype,0.1,45,8353,483,route-95/lane-1,signal-amber,11.69075762782432,0.20110093456440836,339.81397005581493,-8.0,braking,,,66.22561982628781,11.42721677780911,-0.1020844544483547
prototype,0.1,45,8716,488,route-77/lane-1,signal-amber,1.158837674673983,0.008912861871635869,75.33521643129241,-3.1611333179138126,braking,,,36.93351545624017,12.692683274513765,0.005007185523728215
prototype,0.1,46,1513,73,route-77/lane-1,signal-amber,4.752253978646775,0.4101426475769472,27.531784381587766,-7.574393416005391,braking,,,207.97103241113382,11.99658959685041,-0.01792657054553162
prototype,0.1,46,1852,92,route-83/lane-1,signal-amber,9.619677754755172,0.9015918578177775,51.31934106487604,-8.0,braking,,,28.444557578607373,11.359307784223796,0.0017586253684160151
prototype,0.1,46,6309,345,route-77/lane-2,signal-amber,5.082380044490739,0.21622544734918847,59.73068210358042,-8.0,braking,,,24.646915640261852,12.622710715879094,-0.00603752267502986
prototype,0.1,46,6653,378,route-83/lane-2,signal-amber,10.150234100136313,0.13680839680154122,376.5384826379654,-8.0,braking,,,16.929236968259715,12.307012147278053,1.752858883226812e-07
prototype,0.1,46,7850,455,route-83/lane-1,signal-amber,12.420023513524999,0.6655463960062207,115.88747606641091,-8.0,braking,,,70.90057273804666,13.978767282879115,-0.07051542708778454
prototype,0.1,47,905,37,route-89/lane-1,signal-amber,11.421285103455007,1.0904111472923432,59.814939409928044,-8.0,braking,,,,,
prototype,0.1,47,2107,94,route-89/lane-1,signal-amber,8.73075469025327,0.0083407828362283,4569.479805318184,-8.0,braking,,,43.46944505635781,13.387366840434138,-0.01087556749565802
prototype,0.1,47,3051,151,route-87/lane-2,signal-amber,10.612211727585379,0.5091371247442567,110.59794334156051,-8.0,braking,,,87.69181983090704,12.371823236469949,3.746693029900901e-09
prototype,0.1,47,3303,168,route-91/lane-1,signal-amber,11.5421343854794,0.011963060593188857,5568.009337356151,-8.0,braking,,,60.03297818354548,14.803671333905605,0.03569580766284849
prototype,0.1,47,4758,259,route-95/lane-1,signal-amber,7.431896602298408,0.01909928371276237,1445.9465584656248,-8.0,braking,,,121.3130200835655,14.03611723477952,-0.02069706170324856
prototype,0.1,47,6308,316,route-79/lane-1,signal-amber,6.803079585607406,0.4150875084627046,55.749559917516336,-8.0,braking,,,209.1262706833458,15.500988436820787,-0.07329444129271949
prototype,0.1,47,7164,381,route-97/lane-1,signal-amber,2.9444388441087943,0.08669369291072826,50.00202330534165,-5.444727651926874,braking,,,24.186249788658984,13.530179149496885,0.051991616021473654
prototype,0.1,47,7503,403,route-81/lane-2,signal-amber,9.245362390971703,0.1976377231777633,216.24597866752595,-8.0,braking,,,,,
prototype,0.1,48,3056,155,route-83/lane-2,signal-amber,9.760247294369092,0.9233306835075723,51.5862999837468,-8.0,braking,,,23.016733438219433,14.295163426773842,1.954388915000512e-06
prototype,0.1,48,7152,414,route-95/lane-1,signal-amber,9.97411145949536,0.07860172281073119,632.829000745863,-8.0,braking,,,113.70035003968013,14.169431876234885,-0.01154813775030991
prototype,0.1,48,7166,418,route-97/lane-1,leader,3.7123275462207572,0.12436170386536105,55.40843918216856,-4.721659848091106,braking,,,2.124361703865361,0.0,-0.8888888888888888
prototype,0.1,48,7508,417,route-79/lane-1,signal-amber,5.7459001133548595,0.43598691725532035,37.86279680190163,-7.949747193659162,braking,,,26.322194803697073,14.332203758511831,0.09497523806779758
prototype,0.1,48,8358,486,route-95/lane-1,signal-amber,7.439162843802536,0.6482433216114032,42.68547162124649,-8.0,braking,,,41.204837964711544,13.880993508678955,0.06911580819629866
prototype,0.1,48,8700,510,route-77/lane-2,signal-amber,12.24872189079989,0.9315120297268322,80.53099861853497,-8.0,braking,,,22.980941337622028,12.546062633275705,-0.04123298963525212
prototype,0.1,49,5450,281,route-83/lane-1,signal-amber,11.554285647369653,0.36170952837835557,184.5424385411366,-8.0,braking,,,126.77323591114475,15.953661087891799,1.2926373926802626e-07
prototype,0.1,49,6655,352,route-83/lane-2,signal-amber,9.259580765662665,0.11480022016939984,373.43062508639713,-8.0,braking,,,216.9686426042514,11.427888396313179,-0.05415283996120479
prototype,0.1,50,1854,93,route-83/lane-1,signal-amber,8.476094208777715,0.6145037386819467,58.45706747868953,-8.0,braking,,,20.687573538612128,11.581720580351481,4.4410822871062315e-08
prototype,0.1,50,2703,141,route-77/lane-1,signal-amber,9.040556028361527,0.5083689622565544,80.38615589271274,-8.0,braking,,,152.0265287683426,13.85505307625235,-0.043695248115156494
prototype,0.1,50,3055,150,route-83/lane-1,signal-amber,7.561722043766026,0.022355224393209028,1278.887638554566,-8.0,braking,,,13.39656185500445,11.342849817172805,0.0035035315540514014
prototype,0.1,50,4257,259,route-83/lane-1,signal-amber,9.961772280448994,0.12119834763444715,409.39876204763004,-8.0,braking,,,37.817618381076215,14.540509931731894,0.024440206219496236
prototype,0.1,50,4259,258,route-83/lane-2,signal-amber,6.281676386617501,0.30844902108049155,63.964311003423035,-8.0,braking,,,211.25484116956653,11.600104460858255,0.001250842396192553
prototype,0.1,50,5103,304,route-79/lane-1,signal-amber,10.81648096638198,0.5380204623077702,108.72844872317967,-8.0,braking,,,17.368612022026753,13.629234374015702,0.2665990744690028
prototype,0.1,50,6301,380,route-77/lane-1,signal-amber,12.00023152626649,0.540048830839396,133.32642203870049,-8.0,braking,,,82.58025411958243,13.654213961724286,-0.16444272016436884
prototype,0.1,50,6902,415,route-89/lane-1,signal-amber,13.889990500694232,0.7379865066880598,130.71501603411195,-8.0,braking,,,185.67499131947193,12.395313856366986,-0.01845242473680806
prototype,0.1,50,8700,506,route-77/lane-1,signal-amber,15.153886383978675,1.2008482760971901,95.61585635317532,-8.0,braking,,,45.280263795292456,13.011486358789853,-0.013354629061469423
prototype,0.1,51,3057,157,route-83/lane-1,signal-amber,5.592843492256204,0.3628150938396857,43.107217505529114,-8.0,braking,,,239.5576602132021,13.317703064590981,-0.1672137070665506
prototype,0.1,52,651,26,route-83/lane-1,signal-amber,12.459554227808052,0.6894290906168408,112.5862642500289,-8.0,braking,,,33.45919424411227,12.273746917333947,-0.024153797337884024
prototype,0.1,52,3902,209,route-79/lane-1,signal-amber,11.617780849558304,0.6311926403639063,106.91888912911496,-8.0,braking,,,15.775813240236062,13.01030246108206,0.1539376900604926
prototype,0.1,52,5114,308,route-77/lane-2,signal-amber,4.511885488965573,0.06835520863955935,148.90679928198475,-6.823174909618129,braking,,,117.86858934757674,16.440845626069628,3.3842038978567263e-07
prototype,0.1,52,7500,424,route-77/lane-1,signal-amber,12.833073741323666,0.9669506407632866,85.1583186915573,-8.0,braking,,,19.744931907318232,12.585090344435075,-0.024017747942442456
prototype,0.1,52,7515,427,route-77/lane-1,leader,3.7788400214410784,0.2788352803286216,25.605855705948574,-4.670507056926928,braking,,,2.2788352803286216,0.0,-0.8888888888888888
prototype,0.1,52,8114,469,route-89/lane-1,signal-amber,5.383783274079601,0.2102095500794121,68.94340036242261,-7.526004911068683,braking,,,223.47331930834906,15.809077511130528,5.065249034785779e-05
prototype,0.1,52,8705,496,route-79/lane-1,signal-amber,7.978558364903646,0.4770726882318286,66.71666095381285,-8.0,braking,,,28.364417877075766,13.711698098947606,0.08519133431415564
prototype,0.1,53,1502,75,route-77/lane-2,signal-amber,10.596257975434868,0.6577314522243682,85.3545035000587,-8.0,braking,,,69.77954498704116,15.85584310015986,0.002150799355029894
prototype,0.1,53,5102,272,route-77/lane-2,signal-amber,10.464877053047525,0.09962907532400322,549.6068862390414,-8.0,braking,,,19.559904280571743,11.847800953864315,7.230641448548643e-08
prototype,0.1,53,8363,458,route-95/lane-2,signal-amber,5.159649404222012,0.107324455526566,124.02570245464153,-6.865975208234618,braking,,,216.26178276017805,13.448273341380352,4.097058350301571e-05
prototype,0.1,53,8700,471,route-77/lane-1,signal-amber,12.324936656835868,1.0337097192382316,73.47520332253366,-8.0,braking,,,36.09161178983942,11.821261870615771,-0.02310823211762683
prototype,0.1,54,1512,84,route-77/lane-1,signal-amber,3.3271896832127092,0.23771982910176348,23.284113971279496,-5.78374203180093,braking,,,154.33935434356528,11.639965959286386,-0.003056817235551376
prototype,0.1,54,2708,131,route-77/lane-1,signal-amber,6.28494857018586,0.15951712376619298,123.81297254261547,-8.0,braking,,,19.852665179558073,13.192678935338874,-0.07879062013366715
prototype,0.1,54,3561,191,route-97/lane-1,signal-amber,4.728678565066273,0.06164042756483923,181.37772445037348,-7.246028483161853,braking,,,183.81410530088777,15.073485326680322,0.0004291409746575899
prototype,0.1,54,5102,287,route-77/lane-2,signal-amber,14.812080524100335,0.21111836034822318,519.6083587674541,-8.0,braking,,,265.26393928977643,11.332524623153171,1.1303967658212362e-07
prototype,0.1,54,5450,302,route-85/lane-1,signal-amber,13.42783536985253,0.9062410656109137,99.48057396754282,-8.0,braking,,,58.7836418059743,12.488193038146076,0.0012378290241924124
prototype,0.1,54,5469,305,route-87/lane-2,signal-amber,1.2083641199110033,0.0636190789068678,11.475675782934578,-3.0774552706693683,braking,,,153.60914112666745,12.395576649912286,9.73715922706712e-11
prototype,0.1,55,3551,189,route-95/lane-1,signal-amber,12.408196472165638,0.9196146045491673,83.71079522347456,-8.0,braking,,,34.93226514532739,13.634804547159145,4.705739110969868e-07
prototype,0.1,55,4506,254,route-89/lane-1,signal-amber,8.584113576581032,0.38866754942364423,94.79438919574503,-8.0,braking,,,16.897057895213948,13.21371560848224,0.04216133005252587
prototype,0.1,55,6304,358,route-77/lane-1,signal-amber,11.198544329115625,1.04326666059751,60.1032314304682,-8.0,braking,,,21.969232499139423,14.159316718419742,1.7573094339695672e-06
prototype,0.1,55,6653,382,route-85/lane-1,signal-amber,12.328550630514028,0.9249925632302052,82.15912575467968,-8.0,braking,,,259.73837391672436,12.037497902252372,-5.396581557685447e-05
prototype,0.1,56,652,36,route-83/lane-1,signal-amber,13.04881352008083,0.5718348588479216,148.88173713726647,-8.0,braking,,,144.390954750412,12.991705668272413,5.608159862428389e-10
prototype,0.1,56,4260,240,route-87/lane-2,signal-amber,7.876665901855168,0.3965488902939569,78.22725929639724,-8.0,braking,,,168.8692363652326,13.041310190435567,1.6426326965301996e-10
prototype,0.1,56,4500,250,route-89/lane-2,signal-amber,13.953861996312154,0.8392018858251618,116.00919153123205,-8.0,braking,,,161.74651509500086,12.033505523640013,-0.031226222243208923
prototype,0.1,56,5103,277,route-79/lane-1,signal-amber,10.561042410444738,0.06159076237696581,905.4573485595085,-8.0,braking,,,32.01548127193263,11.86759534946641,0.0021270819374355674
prototype,0.1,56,8716,487,route-79/lane-1,signal-amber,2.0828765196378622,0.08823895294756312,24.583103329868706,-4.4200675437904,braking,,,169.27713885822914,12.99140786990898,-0.05554742998613052
prototype,0.1,57,304,7,route-81/lane-2,signal-amber,12.624423364706098,0.05437574802516565,1465.5068764992106,-8.0,braking,,,,,
prototype,0.1,57,661,29,route-83/lane-1,signal-amber,7.690600897746958,0.1977109999858726,149.57524410035998,-8.0,braking,,,165.88113784878306,14.777681388759568,4.189254572869079e-09
prototype,0.1,57,2704,153,route-77/lane-1,signal-amber,8.53477136265735,0.488281116954397,74.59055827018507,-8.0,braking,,,107.1050154755007,12.18603839093405,0.00012794013896666456
prototype,0.1,57,3050,169,route-83/lane-1,signal-amber,11.836341858809142,0.06215219753534029,1127.0638380801895,-8.0,braking,,,89.58827162801799,11.279420226000031,-0.05339518685055782
prototype,0.1,57,6657,352,route-83/lane-2,signal-amber,8.918772331884027,0.16835631039759846,236.2385458558811,-8.0,braking,,,221.02079394749433,11.415047611018073,1.606621988040994e-07
prototype,0.1,58,1508,79,route-77/lane-1,signal-amber,5.028876370454606,0.017279930797826637,731.7621188765831,-7.614334156039982,braking,,,78.09497795305072,11.30136926334093,0.000108648848435422
prototype,0.1,58,2703,150,route-77/lane-2,signal-amber,12.559929677184174,0.1317152028425994,598.8368468153456,-8.0,braking,,,205.90012668733436,12.143822007378066,-0.1193058720594406
prototype,0.1,58,3554,200,route-95/lane-1,signal-amber,12.535055530469345,0.6265125904842535,125.39861092855348,-8.0,braking,,,232.99775011164638,13.68522507514423,3.204209936077026e-05
prototype,0.1,58,3912,222,route-77/lane-2,signal-amber,4.441422368693802,0.4094027850626958,24.09147345457456,-6.464779331274697,braking,,,26.048944252859656,13.625404386209304,7.100396797928473e-07
prototype,0.1,58,4252,234,route-83/lane-1,signal-amber,10.020782827272964,0.28946291754903086,173.45242237178735,-8.0,braking,,,30.15691689605137,12.82889081045243,-0.031955198809842426
prototype,0.1,58,6656,349,route-85/lane-1,signal-amber,7.98484916020701,0.2595791726329253,122.8099609544165,-8.0,braking,,,18.081378787750964,12.569496584392082,0.007979396583030743
prototype,0.1,58,7851,423,route-83/lane-1,signal-amber,11.55181681011236,0.5133064427635077,129.98519061631524,-8.0,braking,,,15.373811517651689,12.084805462662027,-0.03309664680199851
prototype,0.1,58,7868,424,route-85/lane-1,leader,2.852476060068766,0.14032678689864042,28.991683815658803,-3.849934408436269,braking,,,2.1403267868986404,0.0,-0.8888888888888888
prototype,0.1,59,302,3,route-77/lane-2,signal-amber,11.16868422347555,0.453448887959496,137.5452786366232,-8.0,braking,,,101.98267527413668,15.983803926986091,3.930145299572511e-07
prototype,0.1,59,654,27,route-83/lane-2,signal-amber,9.61181060488057,0.08169716417836526,565.4229497023359,-8.0,braking,,,,,
prototype,0.1,59,1514,67,route-79/lane-1,signal-amber,1.7193091608219373,0.1456397353902048,10.148411704286321,-4.095355084474508,braking,,,,,
prototype,0.1,59,1852,92,route-83/lane-2,signal-amber,10.328514229840422,0.29074967921263806,183.4536954346863,-8.0,braking,,,25.096013164533588,11.632535844125346,3.6619915988467255e-08
prototype,0.1,59,2351,118,route-95/lane-1,signal-amber,10.41390339328684,0.19174221730645513,282.79996290900345,-8.0,braking,,,68.63591379056106,13.095724050248402,3.624881372843447e-08
prototype,0.1,59,4506,249,route-89/lane-1,signal-amber,8.707611958600078,0.7244477629905077,52.331244497575014,-8.0,braking,,,138.51351380586436,12.83785580542766,5.76166077811043e-10
prototype,0.1,59,5102,259,route-77/lane-1,signal-amber,9.549975625828878,0.26279129459601336,173.52560059900333,-8.0,braking,,,21.746607909580746,12.584517251786501,0.1002866766231243
prototype,0.1,59,5124,265,route-79/lane-1,leader,0.988699212815074,0.0561224468178807,8.708869524107293,-1.9796019200892538,braking,,,2.0561224468178807,0.0,-0.8888888888888888
prototype,0.1,59,6305,344,route-77/lane-1,signal-amber,7.519699684827555,0.4098590474620778,68.98210945950575,-8.0,braking,,,14.258095924858367,11.308099569437124,0.003607081651133844
prototype,0.1,59,7856,462,route-87/lane-2,signal-amber,8.819097929778593,0.3763894865293196,103.31915619137055,-8.0,braking,,,222.1494146124187,11.110053678563299,3.486848664617052e-07
prototype,0.1,59,8107,484,route-89/lane-1,signal-amber,9.749289227246365,0.09290398348605322,511.54233042531894,-8.0,braking,,,79.22909231412285,14.353140564411786,-0.0010213918733823029
prototype,0.1,60,3906,178,route-79/lane-1,signal-amber,9.130451387110119,0.14302878248980733,291.42785487362295,-8.0,braking,,,60.389878093465995,15.013562315224172,0.030354823902870958
prototype,0.1,60,6651,329,route-87/lane-2,signal-amber,11.444006821735995,0.09999894447099678,654.8333726358709,-8.0,braking,,,247.8663672423216,14.342266215789781,-0.2601515443663036
prototype,0.1,60,6906,344,route-89/lane-1,signal-amber,9.493806604223412,0.6009588893908813,74.99045727549871,-8.0,braking,,,143.39483485165516,11.389226075176941,-0.03593869829690317
prototype,0.1,60,7853,397,route-83/lane-1,signal-amber,11.63779874967514,1.1072784436210554,61.15822109524034,-8.0,braking,,,54.67516080910394,13.280895735358989,0.0018417601518976312
prototype,0.1,61,653,22,route-83/lane-2,signal-amber,10.931796408262548,0.23873967155577702,250.2813460639742,-8.0,braking,,,93.53540696422289,14.34367567736077,6.740860432804159e-08
prototype,0.1,61,659,20,route-83/lane-1,signal-amber,4.688056486704732,0.1552268254471869,70.7927690952228,-7.243862211694509,braking,,,,,
prototype,0.1,61,2355,123,route-95/lane-1,signal-amber,7.482941597463932,0.6613653419027514,42.33243821785388,-8.0,braking,,,200.65383045123798,11.500111569512475,1.6364896385567818e-05
prototype,0.1,61,2704,143,route-79/lane-1,signal-amber,9.167276102149014,0.4550483955985669,92.34067403148215,-8.0,braking,,,32.989972850215906,11.17337712123037,0.0010004913934859398
prototype,0.1,61,3052,165,route-87/lane-2,signal-amber,12.96136983880469,0.5636712312426653,149.02047398082635,-8.0,braking,,,305.62810490996185,13.669811750253404,0.26614271117060184
prototype,0.1,61,4751,265,route-99/lane-2,signal-amber,14.34233932509852,0.2554411467185673,402.642056612165,-8.0,braking,,,,,
prototype,0.1,61,5704,321,route-89/lane-2,signal-amber,10.158009212960852,0.027243847563227064,1893.7330883812792,-8.0,braking,,,95.10129252594692,11.891184709708437,-0.04071374549733439
prototype,0.1,61,7510,403,route-77/lane-1,signal-amber,3.0505218999665167,0.06707464772972571,69.36811580190599,-5.4942983456663965,braking,,,53.73611123235099,12.707453182967427,-0.057531168984721326
prototype,0.1,61,7852,441,route-87/lane-2,signal-amber,14.239911350336326,0.9270963651488273,109.3603010906454,-8.0,braking,,,190.65651997887306,15.948103247509769,8.171383569788304e-09
prototype,0.1,61,8707,470,route-79/lane-1,signal-amber,6.435882120174783,0.4046341299705887,51.18275448958813,-8.0,braking,,,103.95031457265623,11.901345039777976,-0.04966252867790841
prototype,0.1,62,304,7,route-77/lane-1,signal-amber,12.736005775599766,0.807840741813493,100.39469088423324,-8.0,braking,,,,,
prototype,0.1,62,2705,113,route-77/lane-1,signal-amber,8.30907888410431,0.0936489421017086,368.61490558689655,-8.0,braking,,,17.720416425944393,12.112533117681942,0.026062687981863064
prototype,0.1,62,3058,158,route-85/lane-1,signal-amber,8.616690070315004,0.4677458478478229,79.3671906543796,-8.0,braking,,,41.00604552650026,11.514290481175067,-0.06102918131970015
prototype,0.1,62,4751,253,route-95/lane-2,signal-amber,13.428007179315316,0.33169087563567246,271.806356539329,-8.0,braking,,,126.90958117417603,13.342896641946624,-0.04596168592893926
prototype,0.1,62,5458,291,route-83/lane-1,signal-amber,5.272209982541698,0.1617777324336771,85.90860337162825,-8.0,braking,,,45.448049781751024,11.842151665055558,-0.03306871170469508
prototype,0.1,62,6308,349,route-77/lane-2,signal-amber,7.079070637157825,0.21201350694849452,118.18407658820612,-8.0,braking,,,21.978252877329226,13.243017808514214,5.191966797231847e-07
prototype,0.1,62,7503,415,route-81/lane-2,signal-amber,11.615461767670249,0.46044126238950867,146.51049232211844,-8.0,braking,,,47.81708879465771,15.017363439077897,0.0004089708430600562
prototype,0.1,62,7851,435,route-83/lane-2,signal-amber,13.443769607374408,1.055804971405962,85.59106376222508,-8.0,braking,,,26.423281028442773,11.203948956884588,1.6316002178958417e-08
prototype,0.1,63,3055,140,route-83/lane-1,signal-amber,9.270340167435785,0.5929396119158241,72.4687683980992,-8.0,braking,,,18.964746529413958,12.983503323746257,-0.03608017147233582
prototype,0.1,63,5109,269,route-79/lane-1,signal-amber,4.29405803080469,0.2997758773943815,30.7545332402784,-7.219480485985052,braking,,,90.84330858679647,13.843213356610878,0.0006350393450122264
prototype,0.1,63,7501,422,route-81/lane-2,signal-amber,15.612242709168243,0.7822921639318565,155.78714299329778,-8.0,braking,,,,,
prototype,0.1,64,1503,60,route-77/lane-2,signal-amber,11.694042723781262,0.14377584684706335,475.5688741346288,-8.0,braking,,,75.49714702956356,15.714806159917716,8.948536584322634e-07
prototype,0.1,64,1855,80,route-85/lane-1,signal-amber,8.950149089384439,0.29953066229313663,133.71781057228446,-8.0,braking,,,,,
prototype,0.1,64,2700,129,route-77/lane-2,signal-amber,13.581390969435047,0.6395265478967644,144.2115118373689,-8.0,braking,,,171.17009794858689,11.554312459013433,-0.002661197599752859
prototype,0.1,64,4258,211,route-83/lane-2,signal-amber,6.009512800490312,0.06257907134698826,288.5488975939796,-8.0,braking,,,131.80907084153807,15.383839426138929,4.8275422178297354e-08
prototype,0.1,64,5466,280,route-85/lane-1,signal-amber,1.7773966759900561,0.0049266131790091094,320.6197471805467,-3.846026162526651,braking,,,205.68594461031432,11.745933234237762,0.0008091203667675018
prototype,0.1,64,6921,361,route-89/lane-1,signal-amber,0.5719325515583026,0.026447487092070787,6.184081731342639,-2.119859729552359,braking,,,27.642510785836976,11.51350742023875,2.5086045241096144e-08
prototype,0.1,64,8703,454,route-77/lane-1,signal-amber,10.485828969026533,0.4316397570275967,127.36617442846708,-8.0,braking,,,18.428062571132784,12.636483841712174,-0.02150756139922613
prototype,0.1,65,2353,118,route-95/lane-1,signal-amber,10.938192960089015,0.11880418609638355,503.53472029628637,-8.0,braking,,,147.75117536065028,12.956013131953293,0.0004225373424588952
prototype,0.1,65,3070,168,route-83/lane-2,signal-amber,0.9678584255188125,0.07629010419123006,6.139393449376355,-3.012966135165353,braking,,,185.84085637463528,11.395694903877505,-0.23919838550943168
prototype,0.1,65,3567,193,route-97/lane-1,signal-amber,1.3160170583753372,0.1076414700528403,8.044766097511953,-3.4667778584738884,braking,,,26.667087895885913,12.54148400142102,-0.05111515328512942
prototype,0.1,65,7506,439,route-77/lane-1,signal-amber,7.706365109479655,0.6757044097528819,43.94529793162422,-8.0,braking,,,16.246903743015594,12.274320990079849,-0.012985421210420449
prototype,0.1,65,7513,460,route-77/lane-2,signal-amber,3.9960365510950187,0.15123541092179948,52.79288765891023,-5.849253715922618,braking,,,123.7746816004211,12.378786628965202,5.076330467090884e-10
prototype,0.1,65,7858,479,route-85/lane-1,signal-amber,8.776671491310555,0.36644156819050977,105.10538262178848,-8.0,braking,,,76.4832921504858,12.352537048895476,-0.03142845388985597
prototype,0.1,66,6301,348,route-77/lane-1,signal-amber,12.548227814446825,0.9454780667459772,83.26899735769408,-8.0,braking,,,97.01709611582197,14.115042657427637,0.001201849311618967
prototype,0.1,66,7502,411,route-79/lane-1,signal-amber,13.023307909294399,0.9939548240695331,85.31904307575707,-8.0,braking,,,224.26026736492685,15.863786078849984,6.60669290143782e-05
prototype,0.1,66,7853,426,route-83/lane-1,signal-amber,10.014681446238983,0.2663543596842146,188.271452715379,-8.0,braking,,,16.701238187279955,12.182851816633237,1.475557643478472e-07
prototype,0.1,66,8100,440,route-89/lane-1,signal-amber,13.904670338063164,0.31697755942911954,304.97404541574025,-8.0,braking,,,45.62368402746648,11.65399431232407,-0.0704041373269413
prototype,0.1,67,651,30,route-83/lane-1,signal-amber,11.88538907016691,0.8977555306820477,78.67535677665074,-8.0,braking,,,15.248649855190195,12.15314945676075,-0.024831597660622602
prototype,0.1,67,2700,150,route-81/lane-2,signal-amber,14.120720118888574,0.6205777858604051,160.65249290186247,-8.0,braking,,,118.19087152197818,13.918728909563463,1.0682800422046057e-08
prototype,0.1,67,2712,152,route-79/lane-1,signal-amber,4.1470384781246885,0.2856997382286295,30.097906714363518,-7.092384058867678,braking,,,89.9900670279797,16.17658353799267,0.025892868167306442
prototype,0.1,67,3050,168,route-83/lane-1,signal-amber,11.75998137479644,0.4693984251826464,147.31319335141222,-8.0,braking,,,62.2259782878661,11.481046383390476,4.631981034582585e-05
prototype,0.1,67,3056,170,route-83/lane-2,signal-amber,9.860341828999163,0.19494295398749273,249.37126219742328,-8.0,braking,,,293.15596846895437,14.936252728502494,0.07044852733728983
prototype,0.1,67,3064,169,route-83/lane-1,leader,3.622808438789188,0.21244428887382583,30.88984188216318,-4.648609539355891,braking,,,2.212444288873826,0.0,-0.8888888888888888
prototype,0.1,67,3561,203,route-95/lane-2,signal-amber,5.708714834257999,0.3160387405549159,51.55922498877079,-8.0,braking,,,200.54440206903575,15.045799095496621,1.3031270877187733e-09
prototype,0.1,67,4250,232,route-83/lane-1,signal-amber,12.59116503295848,1.0007882003675377,79.20628801827087,-8.0,braking,,,14.788405293900894,12.307041578510917,-0.028648182190440644
prototype,0.1,67,5452,315,route-83/lane-1,signal-amber,11.299343980265617,0.17522350202841608,364.32091844523137,-8.0,braking,,,21.402539119105995,12.631145318415761,-0.02388949136375403
prototype,0.1,67,7850,437,route-83/lane-1,signal-amber,14.197623748050184,0.815817904299422,123.54014237055607,-8.0,braking,,,109.34332799096319,12.796310853412207,-0.019394348790346325
prototype,0.1,67,8714,501,route-77/lane-1,signal-amber,3.6578320861119664,0.11918551440686542,56.12987298320336,-6.345873770437871,braking,,,141.0609469328731,11.469274180541197,-0.01541259183688442
prototype,0.1,68,1506,61,route-77/lane-1,signal-amber,8.94649545658147,0.03397135460369327,1178.0481215478405,-8.0,braking,,,22.797263417532236,13.526721493517876,-0.008573260551744441
prototype,0.1,68,1856,82,route-83/lane-1,signal-amber,6.504456359122477,0.5991593198319833,35.306095663831826,-8.0,braking,,,16.219993734050036,11.307912448428006,3.586763123545703e-08
prototype,0.1,68,3305,159,route-89/lane-1,signal-amber,8.033400878934716,0.3118748402103506,103.4638280506079,-8.0,braking,,,210.79869892810848,13.658871432782307,-0.029055371673322648
prototype,0.1,68,5106,238,route-79/lane-1,signal-amber,6.836476014435442,0.16698126403315428,139.94804916158546,-8.0,braking,,,127.85681462472508,13.476321392343875,0.00018607175740470439
prototype,0.1,68,7501,391,route-77/lane-1,signal-amber,15.215791196222394,0.6342758732416769,182.50757398651925,-8.0,braking,,,68.23528136253259,14.375891288283807,-0.04990248303627906
prototype,0.1,69,1850,91,route-85/lane-1,signal-amber,15.65614936053413,1.1742657181408163,104.36948341957788,-8.0,braking,,,65.82545990199736,13.018745051895317,0.0011622024579954389
prototype,0.1,69,2708,128,route-79/lane-1,signal-amber,5.736076069153456,0.3765953439957457,43.68424782156448,-8.0,braking,,,86.8235882769518,15.094297536868932,0.010560444628451885
prototype,0.1,69,5710,301,route-93/lane-2,signal-amber,6.66630930922128,0.06923180479878965,320.9484422323424,-8.0,braking,,,,,
prototype,0.1,69,6307,341,route-77/lane-1,signal-amber,8.574858776094144,0.33347884847819387,110.24417795236386,-8.0,braking,,,50.75539826355788,12.85816894758683,-0.0521577861332812
prototype,0.1,70,3901,197,route-77/lane-1,signal-amber,12.56491120328974,0.4060646108494552,194.39885836922574,-8.0,braking,,,22.182452287887315,13.807845404080753,0.010548643080860861
prototype,0.1,70,5102,268,route-77/lane-1,signal-amber,11.627412777323409,0.5692305568918528,118.7539269083454,-8.0,braking,,,17.71563153040853,13.062522063305735,-0.023818785976489232
prototype,0.1,70,5459,303,route-83/lane-1,signal-amber,6.8001955334009505,0.46131877105995045,50.12007118877545,-8.0,braking,,,203.34525462022572,12.455632761964646,-0.012329641394474428
prototype,0.1,70,7505,404,route-79/lane-1,signal-amber,10.039932539090945,0.1845800771166637,273.05288567461815,-8.0,braking,,,33.11821943854835,12.059002027376895,0.0024641628441225785
prototype,0.1,70,8700,486,route-77/lane-2,signal-amber,11.784113154489422,0.704001679288865,98.6257042583215,-8.0,braking,,,21.936187970978608,11.58175905429287,4.145054551448387e-08
prototype,0.1,71,1501,93,route-77/lane-2,signal-amber,15.287315768328906,1.2022418369156185,97.19426500751545,-8.0,braking,,,68.98233254824726,11.838602891796079,4.261602034224173e-09
prototype,0.1,71,1513,82,route-77/lane-1,signal-amber,2.022818756760018,0.05009588290778311,40.83964075682981,-4.402605757817996,braking,,,41.58794815614203,12.862986734765919,-0.08218499481595361
prototype,0.1,71,2721,144,route-81/lane-2,signal-amber,0.1389351720820391,0.006367999195219909,1.5156237814819022,-1.5015805734855756,braking,,,,,
prototype,0.1,72,2112,97,route-89/lane-2,signal-amber,3.544831811991002,0.203104390494957,30.934418858895654,-5.49436032118379,braking,,,209.32816247958357,12.574942179451574,-0.0012281116841658477
prototype,0.1,72,6301,303,route-77/lane-1,signal-amber,13.501493265618697,0.04892307489541281,1863.03008131894,-8.0,braking,,,18.25387988097532,14.075443043857499,-0.0174823758240419
prototype,0.1,72,6305,323,route-77/lane-2,signal-amber,9.515226014866666,0.14397509797055363,314.42772878860234,-8.0,braking,,,94.07222262026625,13.15227679898544,-0.01995308810719772
prototype,0.1,72,6653,339,route-83/lane-1,signal-amber,10.289209056926186,0.9602422483160353,55.12558065571001,-8.0,braking,,,50.045574999084465,14.408699396609654,0.0058141118990870195
prototype,0.1,72,8709,453,route-81/lane-2,signal-amber,6.329771825406589,0.5052356584454856,39.650815111691244,-8.0,braking,,,18.13505741709622,13.34478389869313,0.004934465676550796
prototype,0.1,73,2106,109,route-89/lane-2,signal-amber,7.484022255460679,0.31811183517822883,88.03600326415024,-8.0,braking,,,84.32072796604865,12.746838576514858,8.8704309083217e-09
prototype,0.1,73,2720,148,route-77/lane-2,signal-amber,2.2424403984659245,0.1775925815945243,14.157514056958387,-4.62301171335571,braking,,,28.91297333658906,15.497762728925652,0.015646995583518713
prototype,0.1,73,5453,306,route-83/lane-1,signal-amber,10.35638949689543,0.20061027406802623,267.32131220516715,-8.0,braking,,,40.651791985863554,14.103109721803094,0.0030926594271285524
prototype,0.1,73,6300,347,route-77/lane-1,signal-amber,12.225207619861747,0.644904660518705,115.87426056784626,-8.0,braking,,,73.14133691009795,11.747756905330784,-0.0362827559430359
prototype,0.1,73,6663,375,route-83/lane-1,signal-amber,4.008495204192327,0.005476290814101503,1467.05446692655,-6.728781828895931,braking,,,33.39815973838171,12.288102617486768,-0.04265576978476743
prototype,0.1,73,7857,453,route-83/lane-1,signal-amber,5.576495991817204,0.16361603165796623,95.03135857664978,-8.0,braking,,,36.26861086133454,13.030683697310025,-0.00835459304394936
prototype,0.1,73,8353,494,route-95/lane-2,signal-amber,9.273473978152689,0.3925424508243509,109.53887846126973,-8.0,braking,,,49.39974259262948,11.486799912811136,-0.0030400551799776854
prototype,0.1,74,6660,328,route-83/lane-2,signal-amber,4.421855539172502,0.15007640619745644,65.14283925344265,-6.872520973395579,braking,,,164.72762515190516,11.847237688163604,-0.03976339094318507
prototype,0.1,74,7855,393,route-83/lane-1,signal-amber,8.112550311616733,0.0010444084652476704,31507.535005906808,-8.0,braking,,,60.05112408301932,14.298848845010472,-0.13133089071715554
prototype,0.1,75,1507,72,route-79/lane-1,signal-amber,6.271049492245186,0.002554750668878114,7696.653574311056,-8.0,braking,,,56.135029003932175,13.12777188188924,-0.02945357196766993
prototype,0.1,75,3051,164,route-83/lane-2,signal-amber,13.487312867078186,0.741115970816054,122.72546776596354,-8.0,braking,,,163.74316763433046,12.577973149134861,0.002216669743809123
prototype,0.1,75,3901,198,route-77/lane-1,signal-amber,12.819879771152115,0.7691699302763482,106.83550596403815,-8.0,braking,,,17.7502867115939,13.37741006855515,-0.03822210016317259
prototype,0.1,75,6673,361,route-83/lane-1,signal-amber,0.4343657337321564,0.004066826782207045,23.196659305253526,-2.1968423445424885,braking,,,104.70392123920391,11.26564440933192,1.420540722089451e-10
prototype,0.1,75,8700,459,route-77/lane-2,signal-amber,12.541181012129739,1.04517680997742,75.24144225052287,-8.0,braking,,,231.19976085054338,12.904094941465138,4.689582056016661e-12
prototype,0.1,75,8708,458,route-79/lane-1,signal-amber,7.163198843465198,0.6177604943054575,41.530186977001584,-8.0,braking,,,45.01393961339926,15.645649651099145,0.16430139370584604
prototype,0.1,76,1504,76,route-77/lane-1,signal-amber,8.940779846535607,0.5748831781577906,69.52503334710246,-8.0,braking,,,12.526167495693699,11.893478424868023,-0.02882080471361356
prototype,0.1,76,1861,107,route-83/lane-2,signal-amber,5.555470929566926,0.07226208895320951,213.55082378844253,-8.0,braking,,,180.5982313870764,11.61222906194376,-0.004295094324512484
prototype,0.1,76,2702,126,route-77/lane-1,signal-amber,9.730642227611952,0.18220753562297887,259.8284363982248,-8.0,braking,,,40.08658387154708,12.859232958104108,0.09308445472894178
prototype,0.1,76,8108,451,route-89/lane-1,signal-amber,6.256188499049958,0.022141124532652157,883.8732305110391,-8.0,braking,,,73.59308240794923,14.756355252190565,-0.007285042640268193
prototype,0.1,77,1502,62,route-77/lane-1,signal-amber,12.105234495298586,0.845921524303094,86.61365030691822,-8.0,braking,,,16.398158802416674,13.328576143964415,-0.13273637990103873
prototype,0.1,77,1511,73,route-81/lane-2,signal-amber,3.7108420597391416,0.07166105701929837,96.07972143517692,-6.3904820566092955,braking,,,148.60552049910058,11.135698250178633,-0.0008654371819218909
prototype,0.1,77,3909,187,route-77/lane-1,signal-amber,5.785921333208127,0.057651590052785195,290.3379216724276,-8.0,braking,,,72.5875757852254,12.622086489495613,-0.037925035999487
prototype,0.1,77,5100,257,route-77/lane-1,signal-amber,10.958659152722884,0.5365901798065806,111.90310123532777,-8.0,braking,,,36.85431859489046,11.54091659854326,0.0016910453881031628
prototype,0.1,77,6300,300,route-79/lane-1,signal-amber,12.367485796141512,0.1937974308724506,394.62521311345574,-8.0,braking,,,64.1459796424162,13.623862263755324,0.021691347649048492
prototype,0.1,77,6317,301,route-77/lane-1,leader,2.653501581846209,0.16975965548397198,20.738351008037718,-3.793275194741911,braking,,,2.169759655483972,0.0,-0.8888888888888888
prototype,0.1,77,8364,455,route-95/lane-1,signal-amber,3.789178559954556,0.31388332730352886,22.871355230243005,-6.487606135787324,braking,,,285.3354194828139,15.91946302626748,1.8500962427244378e-05
prototype,0.1,77,8701,468,route-77/lane-1,signal-amber,12.396329820655081,1.0555708882324666,72.7895183239556,-8.0,braking,,,18.42981409470019,13.312845025897163,-0.04953014985510707
prototype,0.1,78,2122,89,route-89/lane-1,signal-amber,0.7247382001627396,0.05290024983327157,4.964489396841889,-2.325678224989908,braking,,,65.87438924876801,11.643238543802628,3.2830863953374014e-09
prototype,0.1,78,2712,128,route-77/lane-1,signal-amber,3.633634832476087,0.28471732125359495,23.186685723316895,-6.756470525582972,braking,,,39.493477046291446,12.90561025562861,1.2758669024985161e-07
prototype,0.1,78,3315,158,route-89/lane-2,signal-amber,4.22415996394456,0.08255131501033475,108.07536741697115,-7.333732886386365,braking,,,107.47140213957437,11.45074911724928,-0.044985246124139636
prototype,0.1,78,6305,308,route-77/lane-1,signal-amber,9.057328370793996,0.08279045319773104,495.43874956489606,-8.0,braking,,,18.22437951716597,14.023638659483423,0.36008414404224237
prototype,0.1,79,2356,83,route-95/lane-2,signal-amber,8.803743696096346,0.3111809637450733,124.53509709233175,-8.0,braking,,,38.51244997340552,13.328075665320018,2.4895866938360694e-07
prototype,0.1,79,3056,136,route-85/lane-1,signal-amber,10.20995400637319,0.40472603597368106,128.7823756648989,-8.0,braking,,,138.34592952748164,15.664724812394386,4.8693500056392246e-05
prototype,0.1,79,3551,161,route-95/lane-1,signal-amber,12.367050131407277,0.7477804382134536,102.26526473341829,-8.0,braking,,,18.369468497852154,14.362053963628357,0.884662807328534
prototype,0.1,79,5105,256,route-79/lane-1,signal-amber,8.376058621047,0.10319802865382144,339.9210185427209,-8.0,braking,,,23.670244208469057,12.17524808566443,9.733728963586448e-08
prototype,0.1,79,6903,353,route-89/lane-1,signal-amber,10.059198717639784,0.5693592047388734,88.86084390905188,-8.0,braking,,,48.76456488678866,12.464939313833135,0.009591096839535851
prototype,0.1,80,6661,332,route-83/lane-2,signal-amber,5.708911149802645,0.31269153963035023,52.11472391429161,-8.0,braking,,,231.70543753750553,12.014646512710513,-0.06039855912727611
prototype,0.1,81,902,22,route-89/lane-2,signal-amber,10.952176955086069,0.7390826604121798,81.14801393704947,-8.0,braking,,,195.50431564370825,12.739035928659762,-0.015573918302151983
prototype,0.1,81,3904,202,route-77/lane-1,signal-amber,10.972524716179853,0.17379842180815785,346.36764072597157,-8.0,braking,,,31.123096795276467,12.120449131721882,0.002480273278578693
prototype,0.1,81,7151,399,route-95/lane-1,signal-amber,11.608702965073762,0.041132097966283254,1638.160842680323,-8.0,braking,,,68.20474329011245,11.616092590172059,-0.025193805099658836
prototype,0.1,81,8713,490,route-77/lane-1,signal-amber,5.87237516476253,0.3677871270026003,46.88145335151431,-8.0,braking,,,307.77525202091243,13.632014857061558,0.3610947413693483
prototype,0.25,42,2281,295,route-89/lane-2,signal-amber,9.77539838378525,1.9061129492224609,25.06630407203606,-8.0,braking,,,14.771657581085435,11.559813351169666,2.764949987484518e-08
prototype,0.25,42,2663,355,route-83/lane-1,signal-amber,7.84197545153631,0.6371065401588112,48.26239812823841,-8.0,braking,,,38.06003555599631,12.208376549479556,1.933276294607822e-08
prototype,0.25,42,3480,478,route-77/lane-1,signal-amber,13.650868109882813,1.767379291448492,52.71822552608153,-8.0,braking,,,20.16384460300077,13.550912430383583,-0.02539611106595587
prototype,0.25,43,940,131,route-97/lane-1,signal-amber,14.969192043435097,0.8403417472805472,133.32475219658033,-8.0,braking,,,130.7079892166588,11.481421662116782,0.00020684286252740472
prototype,0.25,43,1222,170,route-83/lane-2,signal-amber,12.643221719052136,0.5741934733918583,139.1961619598742,-8.0,braking,,,68.0546780974779,12.959677735285199,0.00020491963452210862
prototype,0.25,43,1226,161,route-83/lane-1,signal-amber,1.6963398902118416,0.04161115634485668,34.57689326482275,-4.167647689395778,braking,,,24.673404155247454,12.625979400583972,0.005505499165906258
prototype,0.25,43,3140,429,route-83/lane-2,signal-amber,12.272310125765435,2.539845313502269,29.649363884937685,-8.0,braking,,,51.05702947315183,12.828892663611034,-0.015630283747249618
prototype,0.25,43,3480,473,route-79/lane-1,signal-amber,12.958006849933067,1.4698473656152942,57.11815575239111,-8.0,braking,,,210.8128843257714,15.002463139777579,2.339580465715585e-05
prototype,0.25,44,842,116,route-93/lane-2,signal-amber,10.03259844343193,1.4127180636093044,35.623892027683794,-8.0,braking,,,,,
prototype,0.25,44,942,131,route-95/lane-1,signal-amber,12.077724053170606,0.42510227255525024,171.57214595409744,-8.0,braking,,,57.124049586055776,12.408093801272546,-0.03379319086111829
prototype,0.25,44,1222,164,route-83/lane-2,signal-amber,9.202981251220468,1.0436937430889088,40.574576819658375,-8.0,braking,,,207.43475111310454,11.475215781802605,7.237931226219038e-07
prototype,0.25,44,3005,429,route-79/lane-1,signal-amber,2.442971126040884,0.11780796517683711,25.329814981996172,-5.115322154402315,braking,,,159.64989820961335,13.135070479834706,3.4421726113009754e-05
prototype,0.25,44,3144,447,route-83/lane-1,signal-amber,4.527595844716844,0.7273318179546209,14.092002870673392,-6.840884819925828,braking,,,77.26712849321564,11.279562669741926,-0.029068855519077553
prototype,0.25,45,462,60,route-95/lane-2,signal-amber,10.32910769529579,1.4263980069565037,37.39856101196589,-8.0,braking,,,212.84102029312533,13.369948703795622,7.999502512253306e-07
prototype,0.25,45,602,90,route-77/lane-2,signal-amber,11.816819049497065,0.2867801157901795,243.45692877591492,-8.0,braking,,,207.76073237394888,12.465867638604028,0.0044787992916010605
prototype,0.25,45,741,102,route-83/lane-1,signal-amber,11.050289430114994,1.7011743422362429,35.88958916720889,-8.0,braking,,,68.24034130292449,12.769640336128884,0.0006542301967738714
prototype,0.25,45,840,126,route-89/lane-2,signal-amber,14.714416802519917,2.170539271886639,49.87563796762954,-8.0,braking,,,31.591026578979097,14.253909314368748,6.480992678821925e-07
prototype,0.25,45,1080,158,route-79/lane-1,signal-amber,12.260968838951579,1.3356995428882215,56.27439107476065,-8.0,braking,,,94.60646326182433,13.611631625701277,-0.051745384258039505
prototype,0.25,45,1222,176,route-87/lane-2,signal-amber,12.544235444514573,0.14058844177674246,559.6400418794863,-8.0,braking,,,105.14375806626055,14.443851416671391,1.785403351088159e-08
prototype,0.25,45,1420,197,route-95/lane-1,signal-amber,11.5377701585775,0.07472698408400902,890.7099748767201,-8.0,braking,,,17.015398867817964,11.380603428304362,0.025771823105827707
prototype,0.25,45,1900,269,route-99/lane-2,signal-amber,14.308211047188072,2.56201062132493,39.95395289676871,-8.0,braking,,,,,
prototype,0.25,45,2183,315,route-83/lane-1,signal-amber,8.84121636870352,1.4435799816194503,27.074047809440014,-8.0,braking,,,159.28182050086798,12.072043047473644,1.052905910607175e-11
prototype,0.25,45,3004,435,route-79/lane-1,signal-amber,4.4391236005382115,0.7499297250516861,13.138443298468523,-7.003752305787211,braking,,,21.97056668947414,14.386005794920223,1.1613613288830038e-06
prototype,0.25,45,3343,479,route-95/lane-1,signal-amber,7.834469904448323,0.7712683862864083,39.79089495632045,-8.0,braking,,,45.54470943764727,13.051013599368614,5.1133438224345205e-08
prototype,0.25,45,3481,497,route-77/lane-1,signal-amber,12.372410148984807,2.228786851180132,34.340774402372524,-8.0,braking,,,18.015876155348508,14.785521495021888,0.4306139823786867
prototype,0.25,46,841,110,route-93/lane-2,signal-amber,13.364041196501299,1.726827825485998,51.71262428885156,-8.0,braking,,,,,
prototype,0.25,46,2182,299,route-83/lane-1,signal-amber,7.983070803664043,0.75143570477303,42.40510468927122,-8.0,braking,,,21.314406794604565,11.930706217659093,-0.1662293534641789
prototype,0.25,46,2521,353,route-81/lane-2,signal-amber,12.002860276190207,1.9781170606868272,36.41560392783893,-8.0,braking,,,31.446443444225963,12.363697272034242,0.0016476093583766744
prototype,0.25,46,2526,355,route-81/lane-2,leader,5.923980438574548,0.3209429410359803,54.67255974431856,-6.778283428736364,braking,,,2.3209429410359803,0.0,-0.8888888888888888
prototype,0.25,46,2661,382,route-83/lane-1,signal-amber,12.16748073054897,0.8046128098977192,91.99927313306135,-8.0,braking,,,17.504537628912317,15.252087284123556,0.6395932202137757
prototype,0.25,46,3003,422,route-77/lane-2,signal-amber,9.150931094058135,0.6570545858938317,63.72342700742587,-8.0,braking,,,67.35512445625523,13.709008279796581,4.2993661963919294e-08
prototype,0.25,47,362,37,route-89/lane-1,signal-amber,11.421304566945082,2.365781274059259,27.5693698824275,-8.0,braking,,,,,
prototype,0.25,47,845,92,route-89/lane-1,signal-amber,3.9963780984364305,0.08366219661377272,95.4495492115323,-6.989917752049346,braking,,,50.22696662744568,13.459070081470292,-0.01388989256004925
prototype,0.25,47,1083,141,route-77/lane-1,signal-amber,8.829893446826308,1.6289936218415733,23.931038537205765,-8.0,braking,,,192.96668780722973,14.65082237353002,0.00016820607399026244
prototype,0.25,47,1560,202,route-79/lane-1,signal-amber,14.909799503222319,0.7715614469888692,144.05989444771694,-8.0,braking,,,260.7369090289215,13.724226429648997,-0.20609010691580196
prototype,0.25,47,1702,229,route-83/lane-2,signal-amber,9.549022193102283,1.2866625525401787,35.43424212678815,-8.0,braking,,,156.0163869310041,12.525048650248891,3.5775826745521044e-11
prototype,0.25,47,1802,245,route-89/lane-1,signal-amber,8.258423645812067,1.2053531245488784,28.291112257759877,-8.0,braking,,,30.243491035778334,11.883578455893295,0.016527939838938483
prototype,0.25,48,261,19,route-83/lane-2,signal-amber,9.61373491345853,0.6081924046245035,75.98245085230369,-8.0,braking,,,46.533011788811905,12.326539355907366,-0.013355654506183623
prototype,0.25,48,1221,155,route-83/lane-2,signal-amber,12.17132040067897,0.05937274913043211,1247.5507911090888,-8.0,braking,,,20.273475506645582,13.44609045763654,3.561625980808003e-07
prototype,0.25,48,1223,154,route-83/lane-1,signal-amber,7.678457375930041,0.15827862925436875,186.24974183729572,-8.0,braking,,,142.74304876369797,12.359838467881273,-0.03520693235705765
prototype,0.25,48,1704,240,route-87/lane-2,signal-amber,4.753653016492486,0.7133130329723372,15.839621566317613,-6.313203310350876,braking,,,296.4462390418346,14.180300032506464,1.1533700032787404
prototype,0.25,48,1802,243,route-91/lane-1,signal-amber,10.105546771283514,1.783115520014519,28.6358551648317,-8.0,braking,,,20.636295722376985,15.571791834867621,0.4174968681081654
prototype,0.25,48,2663,392,route-85/lane-1,signal-amber,6.255362276206547,0.545228011947188,35.88366366838296,-8.0,braking,,,69.56792047372966,16.333966703570557,0.050383606313080996
prototype,0.25,48,3241,473,route-89/lane-2,signal-amber,10.215779081681436,1.4080826991709614,37.058243208003844,-8.0,braking,,,23.649489163577016,11.955798235023668,0.02993679978304087
prototype,0.25,49,741,80,route-87/lane-2,signal-amber,13.64869300458137,2.994923244224651,31.1004332235459,-8.0,braking,,,83.78192099991736,11.33362821327724,2.2562810878904807e-10
prototype,0.25,49,2761,360,route-91/lane-1,signal-amber,14.477878750953867,2.1185397609953043,49.47015321271237,-8.0,braking,,,50.44715465251255,13.20562243801292,5.350834205349505e-08
prototype,0.25,49,2860,373,route-95/lane-2,signal-amber,15.073433035085571,2.9461344059162116,38.5604239587552,-8.0,braking,,,211.80381753977485,14.153086130935595,7.727005713557371e-05
prototype,0.25,50,740,103,route-85/lane-1,signal-amber,12.90081148128358,2.5780079511319514,32.278980521092215,-8.0,braking,,,279.03048327989603,13.769585826444763,1.2552769182351635
prototype,0.25,50,743,106,route-83/lane-2,signal-amber,9.145546074693248,0.2828853305713892,147.835543178209,-8.0,braking,,,165.78504235170095,12.865745154052334,-0.10476231777246109
prototype,0.25,50,2180,319,route-83/lane-1,signal-amber,12.988568597261208,2.9947711798311616,28.166244443301853,-8.0,braking,,,21.544921200676015,13.119655290967483,0.24951038697043673
prototype,0.25,50,2283,347,route-91/lane-1,signal-amber,9.145909193139367,0.2771207896292367,150.92273495803835,-8.0,braking,,,137.64737894685857,13.636738897008689,0.0003103772991461066
prototype,0.25,50,2660,364,route-83/lane-1,signal-amber,13.487704384822527,0.10577285133132364,859.9473649552996,-8.0,braking,,,20.65421470406784,13.827197934195098,-0.07352653427147932
prototype,0.25,50,2665,365,route-83/lane-1,leader,5.910188910253188,0.48450559658812153,36.047398833840575,-7.00384513532849,braking,,,2.4845055965881215,0.0,-0.8888888888888888
prototype,0.25,50,3140,443,route-83/lane-1,signal-amber,12.723244054141846,0.07641786071184242,1059.18261616665,-8.0,braking,,,39.37234007809974,12.11774510097001,0.0018194990473953492
prototype,0.25,50,3145,446,route-85/lane-1,leader,5.157516900051113,0.6910287717951746,19.246651991935618,-6.249831645498068,braking,,,2.6910287717951746,0.0,-0.8888888888888888
prototype,0.25,50,3487,505,route-79/lane-1,signal-amber,1.189864148956167,0.07538894678810948,9.389816102288904,-3.357222360997416,braking,,,250.59694715688175,15.649562764349023,8.109636901565409e-06
prototype,0.25,51,741,90,route-85/lane-1,signal-amber,11.034830890514327,0.9293702544392204,65.51075429873931,-8.0,braking,,,18.40529857388293,13.56834411009656,0.2669824047463128
prototype,0.25,51,845,95,route-89/lane-1,signal-amber,5.519852200971609,0.16414653150081904,92.80966232423586,-8.0,braking,,,46.277758022882324,13.294316563017556,-0.12037573643063208
prototype,0.25,51,2661,335,route-83/lane-1,signal-amber,9.724467925424644,1.603185136500258,29.49293699137207,-8.0,braking,,,16.222974119372225,11.512737337139814,2.2725457663833975e-08
prototype,0.25,51,3480,445,route-77/lane-1,signal-amber,13.306512347068175,1.8632104112257935,47.51564014881955,-8.0,braking,,,30.081489238694644,11.873413670572933,0.008409272482606886
prototype,0.25,51,3485,448,route-79/lane-1,leader,5.814689315618082,0.5376193780905965,31.444748101570024,-6.400150424890839,braking,,,2.5376193780905965,0.0,-0.8888888888888888
prototype,0.25,52,600,81,route-77/lane-2,signal-amber,11.719292262436557,2.2654781435994664,30.31188173684875,-8.0,braking,,,90.9724268831867,12.618952586167003,-0.04804110520745834
prototype,0.25,52,840,105,route-89/lane-1,signal-amber,11.423493120852363,1.4161413873231368,46.074564393895685,-8.0,braking,,,20.579603705498585,11.935065377252252,-0.018707286452059272
prototype,0.25,52,1323,191,route-89/lane-1,signal-amber,5.678266602111524,0.37819767701779483,42.62679752411339,-8.0,braking,,,43.91797305084151,14.001825870121577,0.012160096973383125
prototype,0.25,52,2280,330,route-91/lane-1,signal-amber,12.03869864442429,1.287357522146749,56.289827246118456,-8.0,braking,,,47.72458534945696,13.445288776765567,0.024100634592779595
prototype,0.25,53,260,33,route-83/lane-2,signal-amber,12.725715955956792,2.7890586559340704,29.031990103029486,-8.0,braking,,,67.47326164226433,12.200580388938487,3.73837257446515e-09
prototype,0.25,53,2182,296,route-83/lane-1,signal-amber,12.647647318821182,0.5127868863879712,155.97413559856295,-8.0,braking,,,44.10000204734445,13.141976277255333,6.293515042443687e-08
prototype,0.25,54,601,83,route-77/lane-2,signal-amber,13.65092807098686,2.0045134623102285,46.48206178283498,-8.0,braking,,,52.24183739722599,11.998020934134132,-0.011615935732453264
prototype,0.25,54,1562,195,route-77/lane-1,signal-amber,9.002561943269304,1.670463924873843,24.258566837509395,-8.0,braking,,,18.656124401143984,12.626194510637358,-0.04952854874115766
prototype,0.25,54,1701,224,route-83/lane-1,signal-amber,13.077207896279774,0.780705792564163,109.52484789490477,-8.0,braking,,,104.93557585704798,14.394815158918162,1.7579915597328483e-08
prototype,0.25,54,1800,249,route-93/lane-2,signal-amber,15.380696266828355,2.33721329333963,50.60852133747713,-8.0,braking,,,,,
prototype,0.25,54,3480,485,route-77/lane-2,signal-amber,13.234254031952041,1.1271456596336407,77.69425286132356,-8.0,braking,,,14.272540435280462,12.756357485786536,-0.05920993297168725
prototype,0.25,55,464,41,route-99/lane-2,signal-amber,4.582705941353913,0.5055578457329943,20.770317306095215,-6.722631804428224,braking,,,180.28933575158135,11.158429787625755,7.008592626552475e-06
prototype,0.25,55,742,86,route-83/lane-2,signal-amber,9.269273997042111,1.9951460479762204,21.532118042033453,-8.0,braking,,,22.45479744148804,12.9820302353665,1.7978208196230602e-07
prototype,0.25,55,945,111,route-97/lane-1,signal-amber,5.643360288854275,0.29523508521072017,53.93585814349717,-7.435650695065835,braking,,,125.02493214227093,11.784491726870693,0.00027483050670677284
prototype,0.25,55,1326,163,route-89/lane-2,signal-amber,2.2408705853924595,0.07160913431204108,35.06187463875526,-4.699194049625732,braking,,,31.447789859260354,12.889717462207877,8.448158439477993e-08
prototype,0.25,55,1562,204,route-77/lane-1,signal-amber,10.48685687288138,2.1927523324432627,25.0767415556141,-8.0,braking,,,90.31357460593483,15.458998169501717,-0.03109537481819684
prototype,0.25,55,2380,340,route-95/lane-2,signal-amber,14.483730251559578,1.4266187094442557,73.52295347425452,-8.0,braking,,,139.76792397902972,11.796489776073036,-0.033234124896566575
prototype,0.25,56,602,86,route-77/lane-2,signal-amber,8.700393609407115,1.1109085281017315,34.06979379659611,-8.0,braking,,,54.44744925549793,12.911322933811581,-0.1008725216867254
prototype,0.25,56,1801,249,route-91/lane-1,signal-amber,9.522161465630766,1.0666343281395143,42.50358186750753,-8.0,braking,,,,,
prototype,0.25,57,1080,151,route-79/lane-1,signal-amber,14.709830428745937,1.3451300442736738,80.43055471238749,-8.0,braking,,,69.32591347150833,11.330999860466326,0.00027171224664238974
prototype,0.25,57,1223,174,route-83/lane-1,signal-amber,8.462055338453709,1.6775437591447258,21.342626730512386,-8.0,braking,,,33.67208448367546,11.864102120532536,1.4515315172047849e-08
prototype,0.25,57,2662,350,route-87/lane-2,signal-amber,12.59670582005402,1.5665754155322702,50.64454476424604,-8.0,braking,,,192.00604776430566,11.527909373468296,3.3869203737898107e-13
prototype,0.25,57,2862,377,route-95/lane-1,signal-amber,7.348902747852534,0.01884734234715779,1432.73175078551,-8.0,braking,,,,,
prototype,0.25,57,3241,423,route-89/lane-1,signal-amber,10.385391744042035,0.4575350640447482,117.8667714816583,-8.0,braking,,,110.79352568946024,14.004808637432166,-0.26171979527343064
prototype,0.25,58,842,116,route-89/lane-1,signal-amber,9.679141304989322,0.21992086533435895,212.99883542090078,-8.0,braking,,,32.95504827247083,13.051206133176839,-0.0328377030382004
prototype,0.25,58,1225,167,route-83/lane-1,signal-amber,6.456976116959524,0.17973359806086364,115.98427067839381,-8.0,braking,,,162.9536689590364,12.924477685062024,-0.45414396094844434
prototype,0.25,58,1562,217,route-77/lane-1,signal-amber,7.420091114389146,1.2454357450563407,22.103810800510658,-8.0,braking,,,109.37483844412338,11.981561982800033,-0.09552001485228204
prototype,0.25,58,2041,285,route-79/lane-1,signal-amber,13.750570638574331,0.5223166245934863,180.99959295147852,-8.0,braking,,,187.1138975608436,15.575271960742338,0.00014809546728974018
prototype,0.25,58,2043,284,route-77/lane-2,signal-amber,10.593951138057186,1.8652581747410295,30.084789932933894,-8.0,braking,,,158.8539811321338,11.834212226976051,-0.2652314841557526
prototype,0.25,58,2862,395,route-95/lane-1,signal-amber,9.990072566868914,0.237384958206178,210.21034914231035,-8.0,braking,,,37.97851178451242,14.31322308238531,4.574251886898158e-07
prototype,0.25,58,3243,458,route-89/lane-1,signal-amber,9.114282724049206,0.4991111490364233,83.21808652669434,-8.0,braking,,,55.686299501536496,12.143252414102356,-0.02974841197578093
prototype,0.25,58,3344,471,route-95/lane-1,signal-amber,6.551873633651262,0.6556865273408334,32.73442896976028,-8.0,braking,,,168.51347624476227,13.748068131493499,0.0002626528731729157
prototype,0.25,58,3481,489,route-79/lane-1,signal-amber,10.732149316438573,0.15414298577547925,373.6109962152276,-8.0,braking,,,78.14594563445382,15.532756533929362,0.02086722723824626
prototype,0.25,58,3484,477,route-77/lane-2,signal-amber,3.9966551023112533,0.6848959364492657,11.661079557313016,-6.629301810927771,braking,,,19.446886050083663,11.74700599376897,-0.028595540694599852
prototype,0.25,58,3485,492,route-77/lane-1,leader,6.267214922054462,0.8100902681043181,24.24296675673936,-6.8737608010538,braking,,,2.810090268104318,0.0,-0.8888888888888888
prototype,0.25,59,120,3,route-77/lane-2,signal-amber,12.768685261025128,1.9457858425246286,41.895495314011335,-8.0,braking,,,100.54115578164362,15.98380421674608,2.0836828322027637e-07
prototype,0.25,59,261,27,route-83/lane-2,signal-amber,10.81181177022297,1.3494249051000793,43.31299700818197,-8.0,braking,,,,,
prototype,0.25,59,601,68,route-77/lane-2,signal-amber,10.175707639502452,1.7383449116034626,29.78264706660482,-8.0,braking,,,141.82468081066241,12.319007636713723,-0.27757505286487155
prototype,0.25,59,604,67,route-79/lane-1,signal-amber,3.651675494453977,0.41157097324571623,16.199798799749892,-6.237308627795635,braking,,,,,
prototype,0.25,59,740,90,route-83/lane-1,signal-amber,11.642363999681779,2.6380388688917265,25.690417434605564,-8.0,braking,,,12.501799130488962,11.5316179942249,-0.06773401677587564
prototype,0.25,59,845,111,route-91/lane-1,signal-amber,5.395784003771428,0.31019681103975927,46.92905274842413,-7.891600632765664,braking,,,98.64151664154105,12.352959825095093,0.00011936277052389717
prototype,0.25,59,1421,193,route-95/lane-1,signal-amber,12.142063796668998,2.3765103275524098,31.018109101637947,-8.0,braking,,,26.224684199469607,11.332187236423573,-0.036065239845319806
prototype,0.25,59,1903,256,route-95/lane-1,signal-amber,6.405064275602923,1.1746463923289525,17.462637540334793,-7.790565247403319,braking,,,16.361457386344398,11.83379085977528,-0.03375467904217283
prototype,0.25,59,2043,284,route-77/lane-1,signal-amber,8.06075085520957,0.2416621719140153,134.43499211138536,-8.0,braking,,,172.6086131052295,11.555587132446657,0.013572366187815198
prototype,0.25,59,3144,446,route-83/lane-1,signal-amber,5.236690457600108,0.7811891333631706,17.552040714301167,-8.0,braking,,,41.59024303536677,11.520656317642755,0.0006760716454271195
prototype,0.25,60,601,60,route-77/lane-1,signal-amber,12.40656461361689,1.652332946944739,46.577430352781874,-8.0,braking,,,131.94812275879127,11.967878614865374,4.3854697651113383e-11
prototype,0.25,60,1320,158,route-93/lane-2,signal-amber,14.661952845075014,2.476086738289382,43.4098002115464,-8.0,braking,,,152.88879629376896,15.516390875223369,9.816665406484995e-09
prototype,0.25,60,2040,240,route-77/lane-1,signal-amber,16.568149498335956,0.6161491485845545,222.7574106284265,-8.0,braking,,,243.99136940207597,11.399720449435671,-0.0432410802038928
prototype,0.25,60,2288,282,route-89/lane-1,signal-amber,2.4355684407244365,0.1844855335555735,16.077124084273898,-4.489260024677147,braking,,,67.29218820678778,12.11367798857692,-0.062202261970349594
prototype,0.25,60,2762,343,route-89/lane-2,signal-amber,7.957489137558518,1.0649132819691545,29.730887221761567,-8.0,braking,,,170.44527606215433,12.31421307517847,-0.03709425270291047
prototype,0.25,61,261,22,route-83/lane-2,signal-amber,11.331798460650159,1.1952171170035513,53.718129754835076,-8.0,braking,,,93.33797621857462,14.343675734314653,2.993453070606241e-08
prototype,0.25,61,264,20,route-83/lane-1,signal-amber,3.8849751169957627,0.03717984039496969,202.97332505115162,-6.465147243419718,braking,,,,,
prototype,0.25,61,744,92,route-83/lane-1,signal-amber,6.93634420502535,0.9356756076228407,25.71023041458961,-8.0,braking,,,20.59643594467019,14.704645061618127,0.11116738554877041
prototype,0.25,61,1561,216,route-77/lane-1,signal-amber,9.715976094929234,1.8486190323916958,25.532624576277293,-8.0,braking,,,122.86140576772056,12.745880836832923,-0.12352161031801501
prototype,0.25,61,1572,217,route-77/lane-1,leader,0.06178171103104502,0.0041799320085829095,0.456583959988573,-0.4092390428752028,braking,,,2.004179932008583,0.0,-0.8888888888888888
prototype,0.25,61,2661,373,route-83/lane-2,signal-amber,12.65776322264912,2.003482273934253,39.98512287459011,-8.0,braking,,,54.54342301767048,12.831966425059457,2.3189856553547845e-08
prototype,0.25,61,3483,492,route-77/lane-1,signal-amber,5.73494093122085,0.595616708966304,27.609658182417554,-7.9231445226945265,braking,,,24.903098606408378,11.522545235560086,3.2666386815094484e-05
prototype,0.25,62,1080,129,route-81/lane-2,signal-amber,12.49497736802392,2.781604447635573,28.06374205364449,-8.0,braking,,,71.25498708659472,11.251551052877982,0.00024020381173054753
prototype,0.25,62,1081,116,route-77/lane-1,signal-amber,9.174004360055703,1.486424173516923,28.310342867739582,-8.0,braking,,,26.145810586027324,11.86549099554414,-0.15577116271639413
prototype,0.25,62,2043,272,route-77/lane-1,signal-amber,6.79467843958323,0.48699347726983433,47.40069143858011,-8.0,braking,,,37.50731385496539,12.078208322745676,-0.10600438538622936
prototype,0.25,62,2763,382,route-89/lane-1,signal-amber,6.459952664747448,0.9197116232533062,22.686996323457432,-8.0,braking,,,151.68066800530846,14.577772909883274,-0.05643244511318499
prototype,0.25,63,1081,107,route-79/lane-1,signal-amber,7.892763727950786,0.43685638395038495,71.29999875694926,-8.0,braking,,,16.20165708346741,11.049259382721857,0.36812842931011264
prototype,0.25,63,1702,218,route-83/lane-2,signal-amber,9.598956797587805,0.36911342620663845,124.81254413971789,-8.0,braking,,,143.4969052461858,12.083416983335944,2.6290081223123707e-11
prototype,0.25,63,1803,235,route-89/lane-2,signal-amber,6.502003515949211,0.052913702901946635,399.4811117240919,-8.0,braking,,,171.88899596990268,15.791589533083878,1.1589349962074872e-05
prototype,0.25,63,3142,440,route-87/lane-2,signal-amber,7.1226183327024195,0.012599578247943555,2013.2297651164945,-8.0,braking,,,277.07152748838877,11.354706189215703,-0.0014141744486472086
prototype,0.25,63,3145,442,route-83/lane-2,signal-amber,5.43749034209066,0.2581170675636031,57.27304571411908,-7.85394650069777,braking,,,114.11643532588357,12.684258969771802,-0.06957487616182337
prototype,0.25,63,3481,490,route-77/lane-2,signal-amber,12.30757348409426,1.045192608199784,72.46337367773752,-8.0,braking,,,95.5470924051773,13.183243394996047,0.0034130890265053893
prototype,0.25,64,601,60,route-77/lane-2,signal-amber,12.094047532066726,1.1783354207914272,62.06466474955406,-8.0,braking,,,74.44763357079978,15.714806814646929,4.784527263268501e-07
prototype,0.25,65,2521,387,route-81/lane-2,signal-amber,12.89667412037701,1.8887806759306045,44.02951742537656,-8.0,braking,,,268.6633406859589,12.25293841792533,-0.00016587568843699313
prototype,0.25,65,2765,426,route-89/lane-2,signal-amber,3.2984144004662017,0.14128524135497855,38.502031255579,-5.907145845356118,braking,,,23.13721135354001,12.740247137122754,0.023193789698210548
prototype,0.25,65,3003,455,route-79/lane-1,signal-amber,6.449190208705968,0.00892289880783892,2330.6357745270852,-8.0,braking,,,18.921941011154445,12.25517090348314,0.002292801527146319
prototype,0.25,65,3010,457,route-77/lane-1,leader,1.5600938665644977,0.24493576690355212,4.968430914074206,-2.4197339305004433,braking,,,2.244935766903552,0.0,-0.8888888888888888
prototype,0.25,65,3484,522,route-79/lane-1,signal-amber,5.4126078078661966,0.08697507788144776,168.41791922110582,-8.0,braking,,,162.94427520240475,12.451399346374576,1.3090831306072914e-05
prototype,0.25,66,364,36,route-89/lane-1,signal-amber,6.562712227688921,0.47278460988610505,45.5484282724782,-8.0,braking,,,164.56515231102878,11.407482490057491,0.004863719107902792
prototype,0.25,66,742,105,route-83/lane-2,signal-amber,11.136085900877152,1.390579534063022,44.59018925345933,-8.0,braking,,,19.576096527329582,13.857961239852413,6.928626964016379e-07
prototype,0.25,66,1902,261,route-95/lane-1,signal-amber,7.798513809571062,1.5325052088472262,19.842287415067876,-8.0,braking,,,116.59291092783258,13.800037141590634,0.001904406201636751
prototype,0.25,66,2040,283,route-79/lane-1,signal-amber,16.616207427285435,3.8089617966012383,36.24325525041233,-8.0,braking,,,,,
prototype,0.25,67,260,30,route-83/lane-1,signal-amber,12.865436114714816,0.7526589653700739,109.95647035203002,-8.0,braking,,,15.657626128182471,12.182076495071444,-0.03395132301633342
prototype,0.25,67,1082,146,route-77/lane-1,signal-amber,7.439966026768989,0.7957658356224897,34.77976309210149,-8.0,braking,,,,,
prototype,0.25,67,1561,195,route-77/lane-1,signal-amber,10.238392014181173,0.9701209048079704,54.026601486748824,-8.0,braking,,,15.761401305735717,11.940922457063287,-0.04855424065829535
prototype,0.25,67,2042,252,route-77/lane-1,signal-amber,8.166874762506872,1.5559327991066993,21.43339462500071,-8.0,braking,,,14.05956545788456,11.708260871822908,-0.05903954582417449
prototype,0.25,67,2182,313,route-83/lane-2,signal-amber,9.631634763859013,0.7786947820052887,59.566591666044715,-8.0,braking,,,51.31946649562269,13.193465247936642,-0.08344643903656013
prototype,0.25,67,2522,360,route-77/lane-2,signal-amber,12.591569445823708,1.2908849899027928,61.410436386335334,-8.0,braking,,,143.7181240951544,11.225197150124782,-0.0002734207756319841
prototype,0.25,67,2666,383,route-87/lane-2,signal-amber,4.672008317557619,0.9273699831504132,11.768583260143798,-6.556084805608044,braking,,,,,
prototype,0.25,67,3143,437,route-83/lane-2,signal-amber,8.197625858407564,1.3786227098086101,24.372538344360244,-8.0,braking,,,155.032881454601,11.78601227145664,2.377888298118099e-07
prototype,0.25,67,3245,455,route-93/lane-2,signal-amber,4.818004430349019,0.06694537074679374,173.37394977362595,-7.262663845230339,braking,,,31.809448886934263,12.639156769230901,5.4485398711297726e-08
prototype,0.25,68,744,82,route-83/lane-1,signal-amber,3.5300258356593153,0.6538349320290422,9.52922656009816,-6.132522773484965,braking,,,18.813158357003203,11.307912483197477,1.2356170013087345e-08
prototype,0.25,68,1323,159,route-89/lane-1,signal-amber,6.0334012606278336,0.6922902773496844,26.29094468226835,-8.0,braking,,,215.1160334692379,13.67002988552398,0.07827060780947706
prototype,0.25,68,2521,321,route-77/lane-1,signal-amber,9.459117928940177,0.9299482254736517,48.107469611023305,-8.0,braking,,,14.031139013898553,11.33950034262971,-0.024683260422826772
prototype,0.25,68,3242,422,route-93/lane-2,signal-amber,10.499986289444124,0.13602584825105168,405.25280119935655,-8.0,braking,,,184.16560465899175,11.882103002237388,0.007335853358172291
prototype,0.25,69,1083,135,route-81/lane-2,signal-amber,5.929724058254553,0.2729201245096533,64.4174325184275,-8.0,braking,,,183.21494953356643,11.775880139290487,-0.019388383538505905
prototype,0.25,69,1222,161,route-87/lane-2,signal-amber,10.98776173498988,1.887788991501111,31.976801562156147,-8.0,braking,,,,,
prototype,0.25,69,2185,292,route-85/lane-1,signal-amber,6.413567979613191,0.8037416580410763,25.588977389434643,-8.0,braking,,,,,
prototype,0.25,69,2762,355,route-89/lane-1,signal-amber,7.696217304225495,0.13538366017940007,218.7552054486138,-8.0,braking,,,30.045632379162384,15.088128829167896,0.18566343936866522
prototype,0.25,70,1220,157,route-83/lane-1,signal-amber,14.481062009680269,2.1916239933521524,47.84149962865234,-8.0,braking,,,37.18981493897769,13.077632634742256,-0.06365821733104109
prototype,0.25,70,1562,180,route-79/lane-1,signal-amber,9.026558607561146,0.3259551038175914,124.98463644449137,-8.0,braking,,,60.78669624234789,12.75870013946492,0.04194549824810186
prototype,0.25,70,1569,189,route-77/lane-1,leader,2.4047140023885034,0.3477807101987196,8.313643143087447,-3.5354372584836744,braking,,,2.3477807101987196,0.0,-0.8888888888888888
prototype,0.25,70,2046,265,route-77/lane-1,signal-amber,1.1825334787118145,0.08630105659801757,8.101786254992316,-3.5200943916832297,braking,,,38.21105973891383,13.077199875200973,-0.03249391158159661
prototype,0.25,71,361,47,route-93/lane-2,signal-amber,14.633209202583565,0.31024762568705455,345.0966161181346,-8.0,braking,,,201.53797584215317,13.304992673089192,-0.0029416965513134764
prototype,0.25,71,3000,373,route-77/lane-1,signal-amber,13.18709453256578,2.2897568498032683,37.97334686994547,-8.0,braking,,,14.325281021902924,12.856282847320971,-0.07713208928188485
prototype,0.25,72,266,21,route-85/lane-1,signal-amber,1.665878821609648,0.21062143621890073,6.588009981574974,-4.245249428971883,braking,,,,,
prototype,0.25,72,746,92,route-83/lane-1,signal-amber,4.653046563100901,0.1109138432645409,97.60207419170223,-7.231934244349388,braking,,,58.62489087578916,12.230726805845784,-0.06777698277606348
prototype,0.25,72,1080,133,route-77/lane-1,signal-amber,15.537345522584946,3.466039814509543,34.8249181786088,-8.0,braking,,,72.7890142571473,13.950750044275173,0.0019431986860152979
prototype,0.25,72,2660,336,route-83/lane-1,signal-amber,12.445193224744628,0.8276479436962063,93.56806573428784,-8.0,braking,,,42.087357927065284,13.393205087640027,-0.06020478468718496
prototype,0.25,72,2660,339,route-83/lane-2,signal-amber,12.689210197050555,0.33318423175433054,241.63216635001962,-8.0,braking,,,144.06078861609876,12.13752448932475,-0.05798021610264018
prototype,0.25,72,3000,380,route-77/lane-2,signal-amber,11.98551553542683,2.462228871414652,29.171248927688744,-8.0,braking,,,94.43442224166603,14.969765354032965,7.45085178740131e-08
prototype,0.25,72,3483,451,route-77/lane-1,signal-amber,6.965516869046441,1.2089591150253227,20.066197710893753,-8.0,braking,,,76.35569803418235,11.697378154413565,-0.00662665838681577
prototype,0.25,73,840,108,route-91/lane-1,signal-amber,14.438820568220326,2.1664620765741915,48.115206274676474,-8.0,braking,,,73.69069717522228,12.892738383173326,0.002294044451164249
prototype,0.25,73,1561,212,route-77/lane-1,signal-amber,10.302892533088468,1.8078098917110879,29.35861647706213,-8.0,braking,,,16.288357124590107,12.097073829897402,0.00316711301229707
prototype,0.25,73,1701,225,route-85/lane-1,signal-amber,10.667889693635423,0.6195383064605835,91.84570940070948,-8.0,braking,,,35.25714548955625,12.030190904437829,0.014539726477649376
prototype,0.25,73,1707,228,route-83/lane-1,leader,3.530598693960497,0.1888384809307695,33.00473260628864,-4.810736809072948,braking,,,2.1888384809307695,0.0,-0.8888888888888888
prototype,0.25,73,2280,321,route-89/lane-2,signal-amber,12.547771279906836,0.007342416637300175,10721.71274597871,-8.0,braking,,,81.4063545149657,14.029736521605127,-0.2505871660879269
prototype,0.25,73,3145,452,route-83/lane-2,signal-amber,3.279132637375281,0.48713214958473827,11.036749332461476,-5.954321143625947,braking,,,220.74174359385086,12.62943125529719,-0.0178525997554707
prototype,0.25,73,3480,507,route-77/lane-1,signal-amber,15.281730271436086,3.5118644512463675,33.2489028735214,-8.0,braking,,,114.83774397413453,13.438189387000477,0.0007279089835776631
prototype,0.25,74,1427,157,route-95/lane-2,signal-amber,0.8992852030015908,0.12455344515052502,3.2464532609285413,-2.9747302729143974,braking,,,98.80989171527693,13.890461210754172,1.0563855568079816e-08
prototype,0.25,74,2184,264,route-83/lane-2,signal-amber,5.763093305902164,0.3563535840465306,46.601529968332706,-8.0,braking,,,78.84081267435965,14.415847356369344,0.00043196719244302056
prototype,0.25,74,2764,330,route-91/lane-1,signal-amber,5.717175059358903,0.9034291835703812,18.090012617358116,-7.195315300259855,braking,,,48.41256746357624,15.156041233681757,0.08371903336967652
prototype,0.25,75,1561,207,route-81/lane-2,signal-amber,10.956564879252214,2.094741093185405,28.654212767343132,-8.0,braking,,,,,
prototype,0.25,75,2522,345,route-81/lane-2,signal-amber,10.7232553196801,1.6843413344836904,34.13447212179693,-8.0,braking,,,,,
prototype,0.25,75,2764,374,route-93/lane-2,signal-amber,7.448591734859674,1.4309740139023006,19.385928148799994,-8.0,braking,,,157.216467742419,12.498664822935211,-0.11398204844201988
prototype,0.25,76,744,99,route-83/lane-2,signal-amber,6.481728681053932,0.36404187221808115,57.70326149409147,-8.0,braking,,,21.745511939506457,14.305920061886047,0.006481599060657335
prototype,0.25,76,1220,178,route-87/lane-2,signal-amber,14.36951024982541,0.2289198203393994,450.9937682846848,-8.0,braking,,,54.19744425835802,16.274140361693906,0.0004427589086925347
prototype,0.25,76,1702,244,route-83/lane-1,signal-amber,10.954559265599633,2.076221908541413,28.899215495668955,-8.0,braking,,,136.9126067824037,14.362014979482064,0.0005569733013276826
prototype,0.25,76,2042,292,route-79/lane-1,signal-amber,9.539066821633675,1.4695926565725017,30.958849522225833,-8.0,braking,,,119.48553560145007,12.877156838506949,6.127921873636902e-10
prototype,0.25,76,2042,294,route-77/lane-2,signal-amber,11.316273608697262,0.1516373876413013,422.25090519832696,-8.0,braking,,,130.05264356163337,11.319423908325968,1.4154686525102989e-06
prototype,0.25,76,3144,436,route-85/lane-1,signal-amber,5.044723928315783,0.8729591267358501,14.576421010729948,-7.898141257884678,braking,,,81.43128003347977,11.313868714540442,9.667341247876493e-05
prototype,0.25,76,3240,448,route-91/lane-1,signal-amber,12.75296323055743,2.2543307641591923,36.072362083167874,-8.0,braking,,,125.13499153838336,11.505867954571592,-0.023841587908838353
prototype,0.25,77,601,60,route-79/lane-1,signal-amber,11.991900907639936,0.5741761022728724,125.22785849968469,-8.0,braking,,,35.89079597461722,13.51738208959244,0.08294886578700182
prototype,0.25,77,1704,230,route-83/lane-2,signal-amber,4.025965060922362,0.04180460879376824,193.8589444973321,-6.1495430100991175,braking,,,222.09315193817514,11.981867275309503,-0.006272080143271953
prototype,0.25,77,2381,334,route-97/lane-1,signal-amber,13.333568745769849,2.9647913612368484,29.98255759622876,-8.0,braking,,,151.74770908958652,15.49378930584425,0.000793094669357212
prototype,0.25,77,2521,353,route-77/lane-2,signal-amber,9.88783658812656,0.9212361261742217,53.064197992059874,-8.0,braking,,,14.186943468701543,11.576574092799223,2.7784420097987095e-08
prototype,0.25,77,2660,372,route-83/lane-1,signal-amber,13.442833961630802,2.237888183468783,40.375070178857136,-8.0,braking,,,69.33839450991758,13.234911734637581,-0.039389357123324746
prototype,0.25,77,2663,373,route-83/lane-2,signal-amber,9.863730294948851,0.83886929187139,57.99066450176371,-8.0,braking,,,69.77254699058125,16.104374062511585,9.269531962748564e-07
prototype,0.25,77,3000,412,route-77/lane-1,signal-amber,12.966619980478743,1.4280590040160064,58.86774749689056,-8.0,braking,,,48.44191494708082,11.182951214321047,0.0006080163098154401
prototype,0.25,77,3002,416,route-77/lane-2,signal-amber,7.9679364238082115,0.8416025175271784,37.71852479742572,-8.0,braking,,,149.10386707010161,11.25008853257828,0.0064570256851407895
prototype,0.25,77,3005,413,route-79/lane-1,leader,5.421556896465665,0.6918452291730546,21.24266956118746,-6.330039203158181,braking,,,2.6918452291730546,0.0,-0.8888888888888888
prototype,0.25,78,847,89,route-89/lane-2,signal-amber,1.6870268999150044,0.1435614615521672,9.912339043729478,-3.4405979725056843,braking,,,122.1603533016497,12.15863091392802,-0.13981914222243652
prototype,0.25,78,1084,128,route-77/lane-2,signal-amber,5.1928025272184986,0.7112846735771541,18.95527844785051,-8.0,braking,,,38.895873458336666,12.905610360583664,5.893304925545332e-08
prototype,0.25,78,2044,259,route-77/lane-1,signal-amber,6.085214104811705,0.6284961723038123,29.459074162427246,-8.0,braking,,,138.93192980663815,14.479004782702438,3.5833668713773176e-07
prototype,0.25,79,942,83,route-95/lane-2,signal-amber,9.603747178655727,0.28109010031937487,164.06120273667375,-8.0,braking,,,38.082753101542494,13.328075869870489,1.1519333279845038e-07
prototype,0.25,79,1222,136,route-85/lane-1,signal-amber,11.009968784646443,1.1852354638926386,51.13727032802885,-8.0,braking,,,135.4387458375336,15.664758351399847,2.7705515694975702e-05
prototype,0.25,79,1421,161,route-95/lane-1,signal-amber,10.771184904044812,0.0583091276905634,994.8564558606745,-8.0,braking,,,18.81504483821078,14.414214081872196,0.9490942496128874
prototype,0.25,79,2041,252,route-79/lane-1,signal-amber,11.50639857875434,1.5149796513214824,43.69603517039744,-8.0,braking,,,36.020186882932876,12.3946338110187,0.0016380453256594762
prototype,0.25,79,3141,393,route-83/lane-2,signal-amber,10.210549444931054,1.0110221407587119,51.5593654008133,-8.0,braking,,,197.53592265611763,11.738970745681076,-0.06694309954975076
prototype,0.25,79,3482,437,route-79/lane-1,signal-amber,7.81530523671238,0.4934196882255719,61.893553703374984,-8.0,braking,,,284.4666490554855,13.701754727583165,1.3682790124932158
prototype,0.25,79,3483,440,route-77/lane-2,signal-amber,8.321583714352386,0.9295121147669647,37.250055386494886,-8.0,braking,,,164.28763876771393,11.696230908483068,-0.05340199663529866
prototype,0.25,79,3491,442,route-77/lane-2,leader,2.7502300020419965,0.15630372776217882,24.19572831826645,-3.4902247416790946,braking,,,2.156303727762179,0.0,-0.8888888888888888
prototype,0.25,80,840,111,route-93/lane-2,signal-amber,12.797381636385245,1.729578573109393,47.344763427793666,-8.0,braking,,,209.8837212405566,12.411347656155971,1.7093290360037372e-05
prototype,0.25,80,1564,209,route-79/lane-1,signal-amber,6.960978814313222,1.2324140494629319,19.65866344774047,-8.0,braking,,,58.13870333156393,13.730664620565568,7.472683449805118e-08
prototype,0.25,80,3000,372,route-77/lane-1,signal-amber,13.882334757684053,0.8035742008079296,119.9137666009181,-8.0,braking,,,184.14329030865412,11.37901003149867,-0.10628728598705206
prototype,0.25,80,3481,433,route-81/lane-2,signal-amber,9.55684752764746,0.6374928926848611,71.63478661075142,-8.0,braking,,,124.83633980660125,15.077520228481553,1.790249370969832e-08
prototype,0.25,81,361,22,route-89/lane-2,signal-amber,10.554019089834743,1.573142126418702,35.402814875402335,-8.0,braking,,,197.24196468340023,12.73405097676616,-0.01016081479587151
prototype,0.25,81,2043,257,route-77/lane-1,signal-amber,5.751886545314685,0.8645050442156048,19.13476332586962,-7.929014252252269,braking,,,252.44317705881207,13.739900293318893,1.1520226574172436e-06
prototype,0.5,42,852,213,route-83/lane-1,signal-amber,6.130288944098114,0.09762245937110947,192.47846643194268,-8.0,braking,,,18.60195138001228,11.84029813138036,-0.18084933207467105
prototype,0.5,42,1021,258,route-79/lane-1,signal-amber,8.093745338541144,0.7579102418641241,43.216669987223035,-8.0,braking,,,112.3876935196169,13.267218468813272,-0.30022310745855485
prototype,0.5,43,1740,472,route-81/lane-2,signal-amber,13.621314920044885,1.3226289964055127,70.14068973811894,-8.0,braking,,,16.70485228781132,13.396229212405283,0.0116434105903546
prototype,0.5,44,780,214,route-77/lane-2,signal-amber,16.189858188739933,5.41932196583241,24.183053694176394,-8.0,braking,,,211.63471270705134,12.182344750608738,4.607129800030899e-05
prototype,0.5,44,1023,277,route-77/lane-2,signal-amber,1.950225575747619,0.27598684715724175,6.890509159179569,-4.215341152785612,braking,,,159.76837886284522,12.466816213092297,-0.07303836807629693
prototype,0.5,45,231,58,route-95/lane-1,signal-amber,9.408615480647866,0.08845072102877793,500.4031862775066,-8.0,braking,,,149.36138138124642,12.545996262805799,-0.007577782922290341
prototype,0.5,45,370,105,route-83/lane-2,signal-amber,14.396252747332989,1.4951912651006865,69.30621453006422,-8.0,braking,,,73.95468312581465,12.07220546354127,-0.02342729668617323
prototype,0.5,45,372,110,route-83/lane-2,leader,10.490815907372223,2.9420712604450046,18.704036826376413,-8.0,braking,,,4.9420712604450046,0.0,-0.8888888888888888
prototype,0.5,45,420,135,route-91/lane-1,signal-amber,15.18060700134531,4.620674884568018,24.936923142866696,-8.0,braking,,,160.7367958662715,11.843317716739165,4.244515856181389e-05
prototype,0.5,45,540,161,route-77/lane-1,signal-amber,14.092800879051984,0.4434014085807121,223.9585088964101,-8.0,braking,,,26.672177561381716,13.891330325229998,1.0616707513122492e-07
prototype,0.5,45,850,245,route-85/lane-1,signal-amber,12.460536549896041,4.424132726883954,17.547503736472752,-8.0,braking,,,97.44253637995479,14.076822490207666,0.002938660145922256
prototype,0.5,45,1021,270,route-77/lane-1,signal-amber,6.930670897176784,0.9096820249437769,26.401642424418583,-8.0,braking,,,22.118057268138784,12.817766909450091,0.2024714431122104
prototype,0.5,45,1090,301,route-83/lane-1,signal-amber,11.450210760495192,1.9828102431080765,33.060986777596966,-8.0,braking,,,134.50354630514602,12.65140659883753,-0.014333010512232076
prototype,0.5,45,1430,420,route-95/lane-1,signal-amber,13.071179243542884,5.415383628561017,15.775034469924186,-8.0,braking,,,94.96244032710729,12.493094601008355,0.0018578818754626525
prototype,0.5,45,1500,434,route-77/lane-2,signal-amber,12.864858611496363,2.8514681877803696,29.020942229522756,-8.0,braking,,,89.78152470996343,15.785785794256649,5.8698075141213245e-08
prototype,0.5,46,60,1,route-81/lane-2,signal-amber,11.548578115049256,0.14109582360237027,472.6208511148098,-8.0,braking,,,,,
prototype,0.5,46,232,50,route-95/lane-2,signal-amber,6.237271968010438,2.032022649786768,9.572620070699305,-7.670947448610422,braking,,,273.0023451588511,15.646083413709214,7.292072030651298e-06
prototype,0.5,46,370,99,route-85/lane-2,signal-amber,10.037614988008876,3.2135036697408736,15.676614219585577,-8.0,braking,,,,,
prototype,0.5,46,900,250,route-89/lane-2,signal-amber,12.606582523545843,1.5199929597910682,52.27850625861345,-8.0,braking,,,128.12941527556552,11.217651103127812,3.6270000906076426e-05
prototype,0.5,46,1265,340,route-77/lane-1,leader,3.0806631173747414,0.6491592435956477,7.309828317460232,-3.6530552341942117,braking,,,2.6491592435956477,0.0,-0.5712331035125671
prototype,0.5,47,181,37,route-89/lane-1,signal-amber,11.421323088699628,1.9497145594611425,33.452748368590875,-8.0,braking,,,,,
prototype,0.5,47,301,75,route-77/lane-1,signal-amber,10.779947419063841,0.8831771720879829,65.78932859136701,-8.0,braking,,,18.925818474254015,14.5922905038264,0.026341835622269844
prototype,0.5,47,372,98,route-83/lane-1,signal-amber,6.7280510059419765,0.9300847413263114,24.334702165958586,-8.0,braking,,,53.611006820668536,15.642982207704451,2.8424419203550616e-07
prototype,0.5,47,470,111,route-97/lane-1,signal-amber,11.996832440904031,0.9610753811347195,74.87653489011426,-8.0,braking,,,83.9463308806055,13.69604794173884,-0.20734472302894003
prototype,0.5,47,472,116,route-97/lane-1,leader,8.672329478846324,1.85667514961915,20.253758069927915,-8.0,braking,,,3.85667514961915,0.0,-0.8888888888888888
prototype,0.5,47,1500,402,route-77/lane-2,signal-amber,12.134196001198848,4.965431645089723,14.826375944688852,-8.0,braking,,,194.37673880607588,12.877829595329557,4.932234614803596e-07
prototype,0.5,47,1670,446,route-99/lane-2,signal-amber,14.98317672175511,0.4952926364716177,226.6292370855878,-8.0,braking,,,45.018501937430926,15.643570422839359,4.264461033187672e-07
prototype,0.5,47,1742,472,route-79/lane-1,signal-amber,6.780558230915075,2.089858367044144,10.999781288494136,-8.0,braking,,,98.88800695166287,16.379987007651625,0.007572498258992273
prototype,0.5,48,130,19,route-83/lane-2,signal-amber,11.613744690130606,4.151052466704414,16.246369662802582,-8.0,braking,,,45.28271288257878,12.392601768174325,-0.011181684456416242
prototype,0.5,48,300,67,route-77/lane-1,signal-amber,13.290528168548178,4.4917964521987415,19.66230447870227,-8.0,braking,,,31.332509317251947,11.409533181477343,1.2358588226864715e-09
prototype,0.5,48,859,240,route-85/lane-1,leader,5.856364370026936,2.522439583942486,6.798379602994489,-3.120670791334308,braking,,,4.522439583942486,3.776288518754174,-1.9628820169573074
prototype,0.5,48,1020,299,route-81/lane-2,signal-amber,12.867613782539822,3.1453903733464017,26.32033941791014,-8.0,braking,,,293.1950392901444,11.48866978015504,5.609428488718828e-06
prototype,0.5,48,1141,333,route-89/lane-2,signal-amber,9.262471983193198,2.828641684897775,15.165121071624778,-8.0,braking,,,52.33994708875184,13.938758560469767,-0.004803253090377319
prototype,0.5,48,1571,461,route-87/lane-2,signal-amber,12.341169196165119,4.655588870026577,16.357163549055542,-8.0,braking,,,263.8911086708978,14.610287166400107,7.046215462954327e-13
prototype,0.5,48,1622,474,route-91/lane-1,signal-amber,6.257153767342361,1.6890613723649608,11.589861063884127,-8.0,braking,,,106.36179431722371,12.655992998187148,0.0007918452846844559
prototype,0.5,48,1670,494,route-95/lane-2,signal-amber,11.687992126076269,1.8768331988330829,36.39352714566146,-8.0,braking,,,15.634483838787162,11.340521673026254,2.7085261441091766e-09
prototype,0.5,49,302,64,route-77/lane-1,signal-amber,5.2582665723356605,1.3637611622502845,10.137173616280275,-7.10451105459542,braking,,,51.686623193951505,12.590633482995086,2.708643383660577e-09
prototype,0.5,49,780,199,route-77/lane-2,signal-amber,12.675368787143304,0.16146419567974135,497.52508044805217,-8.0,braking,,,179.32099925980805,12.342652892774408,0.015490920914908755
prototype,0.5,49,781,162,route-77/lane-1,signal-amber,9.029180393694263,2.4421721172582807,16.691308938822594,-8.0,braking,,,16.194454475513737,12.721729013220498,0.016714127972630166
prototype,0.5,49,1020,256,route-77/lane-2,signal-amber,14.273656115548476,5.596690121055474,18.20158473116534,-8.0,braking,,,91.3654631535531,14.058685175678908,4.404941004546951e-09
prototype,0.5,49,1190,286,route-95/lane-1,signal-amber,11.521732083007544,1.0665311734061333,62.23461325028436,-8.0,braking,,,15.111313139056847,11.180833079581044,0.28318694387200455
prototype,0.5,49,1193,289,route-95/lane-1,leader,3.9732408842766116,1.2460712174873834,6.3345669585081446,-4.94582356381323,braking,,,3.2460712174873834,0.0,-0.8888888888888888
prototype,0.5,49,1620,430,route-89/lane-1,signal-amber,15.14136937717282,5.219049653603349,21.963870994952103,-8.0,braking,,,120.85646885220461,13.211483928049132,-0.07522256589715966
prototype,0.5,50,541,158,route-81/lane-2,signal-amber,9.10455423091036,1.16276209878896,35.64482701574224,-8.0,braking,,,,,
prototype,0.5,50,1262,379,route-77/lane-2,signal-amber,4.236067118302511,0.7335717276723699,12.230749873431643,-6.03062796111648,braking,,,157.79656650081034,14.392176914634119,-0.08123501836063302
prototype,0.5,51,780,194,route-77/lane-1,signal-amber,10.599647521821336,0.6462618252505195,86.92492980171033,-8.0,braking,,,13.751895007265432,11.032926044439208,0.3828674378448523
prototype,0.5,51,782,208,route-77/lane-2,signal-amber,4.35572878373948,0.10654940076108232,89.03087723617848,-7.534372112246729,braking,,,22.606796187938812,11.61880349874981,0.00683064683321651
prototype,0.5,51,900,232,route-91/lane-1,signal-amber,12.265516202479443,2.2405374169067613,33.57294695863281,-8.0,braking,,,249.67397454342637,15.047897400398316,1.2912961146582802e-05
prototype,0.5,51,1620,419,route-89/lane-1,signal-amber,13.07920131853526,1.4634047316674241,58.44777710123296,-8.0,braking,,,85.6190732831472,12.361624986572904,-0.007611264570692777
prototype,0.5,51,1622,425,route-91/lane-1,leader,9.769209660927112,3.4254004515896668,13.930846735724113,-8.0,braking,,,5.425400451589667,0.0,-0.8888888888888888
prototype,0.5,52,900,244,route-89/lane-1,signal-amber,11.119585050531796,0.40659255021353147,152.05046382561005,-8.0,braking,,,26.805359629217435,13.15328308728864,0.04354986448897572
prototype,0.5,52,1261,362,route-79/lane-1,signal-amber,8.277051807440198,3.0011729636045175,11.41380177914947,-8.0,braking,,,73.6296662186034,16.24722021097053,0.028877737240717256
prototype,0.5,52,1741,517,route-79/lane-1,signal-amber,9.267787197568873,3.1552707018533397,13.610857459705505,-8.0,braking,,,90.67228346604367,11.161953157918166,8.743228363528033e-12
prototype,0.5,53,131,33,route-83/lane-2,signal-amber,8.72571653963809,0.16709497321011213,227.82890372882275,-8.0,braking,,,71.38291069951822,12.200580393294723,3.1673034565452934e-10
prototype,0.5,53,301,66,route-77/lane-1,signal-amber,10.273692660334934,1.489757969969105,35.42480154719655,-8.0,braking,,,19.313429038163235,14.128401361561158,-0.11568251225680881
prototype,0.5,53,370,97,route-83/lane-1,signal-amber,16.52383440818515,0.7970598991713018,171.27765669368037,-8.0,braking,,,187.1049927862274,12.034963647993038,7.768676262287499e-07
prototype,0.5,53,1190,322,route-97/lane-1,signal-amber,14.767676712500366,3.6502111452544455,29.872830201679143,-8.0,braking,,,184.01570408406042,16.64704272961902,0.0006796105559322049
prototype,0.5,54,230,59,route-95/lane-2,signal-amber,11.650494765097138,3.3517383294713454,20.248303257755286,-8.0,braking,,,209.6381376024808,13.763723232260249,1.6827254281537307e-05
prototype,0.5,54,422,123,route-89/lane-1,signal-amber,7.722768441347995,0.3526075960538151,84.57156491543377,-8.0,braking,,,115.79873905534203,11.427290874048078,0.00018546369491308687
prototype,0.5,54,900,253,route-91/lane-1,signal-amber,16.531244748656672,0.6951671380002153,196.5585238437322,-8.0,braking,,,124.47383540484282,16.30740354231669,-0.004724478108584976
prototype,0.5,54,1020,278,route-81/lane-2,signal-amber,12.489925898563529,4.175957630993651,18.678140768694636,-8.0,braking,,,224.58197409332604,12.195520494850705,-0.15875441507434004
prototype,0.5,54,1092,301,route-85/lane-1,signal-amber,5.708545987981646,1.5454501698603167,10.543043681520551,-7.877739402839525,braking,,,249.18575353237037,11.194429172140888,1.5722244247247847e-08
prototype,0.5,55,232,41,route-99/lane-2,signal-amber,4.58270664495055,0.047146479129594354,222.72289024962677,-6.926370889202397,braking,,,180.76085183093943,11.158436358093212,2.1902733268556554e-06
prototype,0.5,55,301,67,route-81/lane-2,signal-amber,8.6842043145703,1.3339207011654253,28.26832378840518,-8.0,braking,,,36.12347447967659,11.510155844154644,8.55077786354741e-10
prototype,0.5,55,783,195,route-77/lane-1,signal-amber,3.396039779535556,0.2768501854102965,20.829110457512765,-5.145572035825478,braking,,,43.81358231044385,13.882911679889474,0.0014205262247225885
prototype,0.5,55,785,211,route-79/lane-1,leader,1.6516769524654258,0.41012981440246676,3.325821068726805,-3.214697329356097,braking,,,2.4101298144024668,0.0,-0.8888888888888888
prototype,0.5,55,1260,311,route-79/lane-1,signal-amber,12.170908712161323,0.7729012097472605,95.8279124237646,-8.0,braking,,,32.94632743575619,14.446358632326081,-0.06826324581161185
prototype,0.5,55,1500,394,route-79/lane-1,signal-amber,13.426230352713153,4.306430702329351,20.929590413078195,-8.0,braking,,,152.4095105912089,14.263787783307126,6.297841471673375e-05
prototype,0.5,55,1620,460,route-89/lane-1,signal-amber,14.146890226114643,4.370147383090625,22.897912304298565,-8.0,braking,,,33.06182258578065,15.040532037747406,0.183023754240633
prototype,0.5,55,1671,480,route-97/lane-1,signal-amber,9.600877115613189,3.2839787182991813,14.034323802933276,-8.0,braking,,,,,
prototype,0.5,55,1740,450,route-77/lane-1,signal-amber,12.275816511740317,0.2679753708319481,281.17447988236944,-8.0,braking,,,40.047301060366294,12.975483927886165,0.12589048101922984
prototype,0.5,55,1744,451,route-77/lane-1,leader,1.4481504758532013,0.1594138285042277,6.577659605792093,-3.0310669643456247,braking,,,2.1594138285042277,0.0,-0.8888888888888888
prototype,0.5,56,661,191,route-89/lane-2,signal-amber,7.558130349624221,0.5815992080620163,49.110567543808834,-8.0,braking,,,76.04822211927677,11.318205812109325,3.104361212535878e-11
prototype,0.5,56,1332,371,route-83/lane-2,signal-amber,7.639490134558484,1.6226062624204474,17.983971487006926,-8.0,braking,,,183.40384288288868,12.472745050653387,3.4232246323521545e-06
prototype,0.5,56,1500,406,route-79/lane-1,signal-amber,14.040599073641864,2.108215913567051,46.754798945900966,-8.0,braking,,,30.18812353490847,16.109705453758494,0.11987613945604399
prototype,0.5,56,1740,486,route-79/lane-1,signal-amber,13.005142426571116,0.735755702340839,114.93878266746265,-8.0,braking,,,14.319191195690564,12.719118226977924,0.0051530951243622765
prototype,0.5,57,470,127,route-95/lane-1,signal-amber,15.172161611227118,0.08509233551643547,1352.6158763895492,-8.0,braking,,,56.132349851565095,13.564772848717158,-0.07151692895282658
prototype,0.5,57,540,135,route-77/lane-1,signal-amber,11.500281322467181,1.0420327666122375,63.460802161657426,-8.0,braking,,,16.80701771771703,11.433407016261675,0.0016345558686090556
prototype,0.5,57,543,138,route-77/lane-1,leader,3.6970878028066743,0.9132648153683931,7.48329399734309,-5.335670254935506,braking,,,2.913264815368393,0.0,-0.8888888888888888
prototype,0.5,57,783,199,route-77/lane-1,signal-amber,3.493592520346967,0.6012548502123991,10.14976319435317,-5.489841493166823,braking,,,61.55252119124384,13.792442593804509,0.0012118592188272714
prototype,0.5,57,785,206,route-77/lane-1,leader,3.949848215849735,0.8941811609382739,8.72379200646585,-5.0046731939782845,braking,,,2.894181160938274,0.0,-0.8888888888888888
prototype,0.5,57,1500,393,route-79/lane-1,signal-amber,12.278977256097102,4.995032222986765,15.092323304933103,-8.0,braking,,,64.36860004416758,14.030981448161425,-0.0331329017521169
prototype,0.5,58,230,46,route-95/lane-1,signal-amber,11.648231972872413,3.400954060772449,19.94753614270083,-8.0,braking,,,241.59678828708064,14.406693387809305,1.0916404331595686e-05
prototype,0.5,58,370,98,route-85/lane-1,signal-amber,13.311508464626659,0.08951370983839979,989.771611095785,-8.0,braking,,,64.4050042583724,11.23440982761112,0.00011499648197480876
prototype,0.5,58,421,116,route-89/lane-2,signal-amber,11.945900302011385,1.9227848474777716,37.10881490791586,-8.0,braking,,,178.77118366720288,12.96073605836528,3.2415355830058466e-05
prototype,0.5,58,1331,362,route-85/lane-1,signal-amber,9.77683454592875,0.0861725414696366,554.6226913369284,-8.0,braking,,,285.55215619061926,14.024237304030246,1.2266951227995773
prototype,0.5,58,1431,388,route-99/lane-2,signal-amber,8.62474996859611,2.5081441076402484,14.828954961998555,-8.0,braking,,,236.16857610444748,15.659094565845226,3.776747347809343e-05
prototype,0.5,59,541,144,route-77/lane-2,signal-amber,9.509312616946103,0.10913209990616224,414.3007718378206,-8.0,braking,,,18.064353303342955,13.754533030066026,-0.013200361611116457
prototype,0.5,59,544,145,route-77/lane-2,leader,2.8420056507160014,0.5696175168145601,7.089841762477928,-4.006956346440078,braking,,,2.56961751681456,0.0,-0.8888888888888888
prototype,0.5,59,660,176,route-89/lane-2,signal-amber,14.068548999975045,0.9425138349092208,104.99796588331358,-8.0,braking,,,95.64142571590321,13.421323734724401,-0.02634052983041381
prototype,0.5,59,1092,306,route-83/lane-1,signal-amber,3.697499899820599,0.48062643916875913,14.222589931608981,-5.663849026053785,braking,,,119.87672190354209,13.039123163539829,0.00384475470383647
prototype,0.5,59,1332,375,route-83/lane-2,signal-amber,4.242230565524871,0.6025984706462282,14.93243100316364,-6.121513358383013,braking,,,127.68527584249654,13.769089077624233,2.312283697847306e-10
prototype,0.5,59,1334,378,route-83/lane-2,leader,4.241388240336871,1.0408506222911456,8.641669524907067,-5.394257679307371,braking,,,3.0408506222911456,0.0,-0.8888888888888888
prototype,0.5,59,1620,469,route-89/lane-1,signal-amber,11.760795160121173,0.9935594775990921,69.60645332102663,-8.0,braking,,,16.13282594590771,11.445472552605166,0.027841254434355516
prototype,0.5,60,370,82,route-83/lane-1,signal-amber,15.607577693195305,5.913113780209358,20.59798699159337,-8.0,braking,,,126.77360202396801,11.829183080577788,-0.09411872000515675
prototype,0.5,60,471,118,route-95/lane-2,signal-amber,12.00620855242546,1.0332349038885695,69.75618190105209,-8.0,braking,,,89.96829043623183,11.213392728460544,-0.05321363087980223
prototype,0.5,60,660,155,route-89/lane-2,signal-amber,11.249784434962232,0.8175116710052635,77.40418536012783,-8.0,braking,,,87.41174962888039,13.013113826314747,6.222945122165887e-10
prototype,0.5,60,1091,261,route-83/lane-2,signal-amber,9.286521124961927,0.96856197128659,44.519337513224826,-8.0,braking,,,27.7332654584319,12.663582164306856,1.409863041127816e-08
prototype,0.5,60,1095,263,route-83/lane-2,leader,1.931278685205728,0.5383812737026688,3.463936750881345,-3.1656712609865565,braking,,,2.5383812737026688,0.0,-0.8888888888888888
prototype,0.5,60,1141,278,route-89/lane-2,signal-amber,9.768987755722758,0.2254531119344847,211.6473819159202,-8.0,braking,,,162.49366252446106,11.38825687005413,-0.04092786381243209
prototype,0.5,60,1260,316,route-77/lane-2,signal-amber,15.998473698210292,0.14738320977932062,868.318586138701,-8.0,braking,,,212.4791040267466,12.074002597404569,-0.0008036858625363802
prototype,0.5,60,1333,335,route-83/lane-1,signal-amber,1.4417658336178656,0.11934338289580637,8.708856195247261,-3.460084175777244,braking,,,23.36387462758853,13.1635450926274,0.1488255453771039
prototype,0.5,61,131,22,route-83/lane-2,signal-amber,9.331799859473902,1.528743821241335,28.48171400835702,-8.0,braking,,,94.06604340596061,14.343675766880915,4.851899622811591e-09
prototype,0.5,61,420,107,route-91/lane-1,signal-amber,11.18811545721177,1.9019826904401498,32.90616894492706,-8.0,braking,,,133.14086675384732,14.331950575291836,0.0010347457540179998
prototype,0.5,61,610,165,route-83/lane-2,signal-amber,12.792925721702192,0.38162238786327407,214.42524564311532,-8.0,braking,,,15.984764999055301,12.44407861211712,0.00034488823355616205
prototype,0.5,61,611,167,route-83/lane-1,signal-amber,9.515952834657803,2.811922948635072,16.101678460888685,-8.0,braking,,,20.51637879381167,11.503276526670925,2.8786952081342556e-09
prototype,0.5,61,661,185,route-89/lane-1,signal-amber,10.807522440878952,1.7306303998161638,33.74566323419185,-8.0,braking,,,39.95651543998997,13.840941854172264,-0.03926744174781602
prototype,0.5,61,665,188,route-89/lane-1,leader,2.210604623978816,0.2569038430128785,9.51089860362959,-3.7045355194589997,braking,,,2.2569038430128785,0.0,-0.8888888888888888
prototype,0.5,61,710,201,route-95/lane-2,signal-amber,15.332265684460516,2.307876100362307,50.92959084371583,-8.0,braking,,,181.9360724699922,13.646597035530977,-0.042265949171812006
prototype,0.5,61,851,239,route-83/lane-1,signal-amber,10.522973762776383,1.3651501378028001,40.55706905260403,-8.0,braking,,,236.78598490979113,13.21249492800903,4.882680594657055e-07
prototype,0.5,61,901,244,route-93/lane-2,signal-amber,8.024106394650834,2.584697058460222,12.455286243687135,-8.0,braking,,,161.1898967267059,11.367480714212753,-0.054525511580369515
prototype,0.5,61,1431,393,route-95/lane-2,signal-amber,11.523117513724769,0.3973458027605261,167.08649784723687,-8.0,braking,,,162.43957643989,11.674369093250816,0.0004708322541146816
prototype,0.5,61,1501,410,route-77/lane-1,signal-amber,8.52524731279561,1.7098401208152723,21.25340283560376,-8.0,braking,,,16.529701383643896,12.344356616739237,0.002926126952229898
prototype,0.5,62,64,7,route-77/lane-1,signal-amber,1.7922061166092247,0.4222484087356406,3.8034515914806843,-3.364706452968253,braking,,,,,
prototype,0.5,62,610,143,route-83/lane-2,signal-amber,14.881391928991203,1.7881908923576475,61.92175194793247,-8.0,braking,,,18.207451083204944,14.149361080217393,-0.14115078271681275
prototype,0.5,62,1090,285,route-83/lane-1,signal-amber,11.273693851431402,1.9025330949717727,33.401829747852,-8.0,braking,,,48.575974074956605,12.00169026815711,-0.030523908332074065
prototype,0.5,62,1093,295,route-83/lane-1,leader,3.8056827821148684,0.10137627806290084,71.43299061097495,-5.121198028452397,braking,,,2.101376278062901,0.0,-0.8888888888888888
prototype,0.5,62,1177,327,route-79/lane-1,leader,8.742090088631722,4.039573811113513,9.459430956243201,-1.5678306349835023,braking,,,6.039573811113513,7.723215695005347,-1.2526719358336496
prototype,0.5,62,1333,363,route-83/lane-1,signal-amber,2.198856092137923,0.3338537029517852,7.241147950709297,-4.426416068945109,braking,,,24.84617296764253,13.705164986290654,0.008880525533424333
prototype,0.5,63,540,113,route-79/lane-1,signal-amber,11.989933624621568,2.435867712876643,29.50868545998727,-8.0,braking,,,13.974097992116526,11.728907587890053,0.218601615524958
prototype,0.5,63,543,126,route-77/lane-1,leader,4.286940032094893,0.7467831803720628,12.304679137003017,-5.57134501240125,braking,,,2.746783180372063,0.0,-0.8888888888888888
prototype,0.5,63,546,127,route-77/lane-1,leader,1.899645520463539,0.2760310318521988,6.536680095717369,-2.7719722731480685,braking,,,2.276031031852199,0.0,0.0
prototype,0.5,63,613,153,route-83/lane-2,signal-amber,3.0193959887099595,0.8538596212295033,5.338554435628572,-5.087721599033271,braking,,,25.428560295978627,14.202137284517281,-0.30557950394421984
prototype,0.5,63,1093,285,route-85/lane-1,signal-amber,5.7190073452902634,0.38383422396191236,42.60569143350996,-7.784330682582956,braking,,,17.709960150454776,13.022734569427275,-0.09950728248291622
prototype,0.5,63,1261,322,route-77/lane-1,signal-amber,8.805280190052171,1.3893179211453344,27.903245918474912,-8.0,braking,,,73.69357459857241,14.13396956432354,0.006029359146726421
prototype,0.5,64,301,60,route-77/lane-2,signal-amber,10.09405102505375,1.5025963795955022,33.904602553287575,-8.0,braking,,,79.10244659471186,15.714807326567689,8.614514849606773e-08
prototype,0.5,64,540,125,route-79/lane-1,signal-amber,14.014172199604705,0.46169352134683095,212.69198435712622,-8.0,braking,,,48.205004643177574,14.79405505650074,0.04784889972905996
prototype,0.5,64,542,126,route-79/lane-1,leader,9.887819852573514,0.5166106020691927,94.62541133045904,-8.0,braking,,,2.5166106020691927,0.0,-0.8888888888888888
prototype,0.5,64,1090,283,route-83/lane-2,signal-amber,15.841887796628185,2.4570310651358795,51.07086607939938,-8.0,braking,,,161.45346382605572,11.768090490112156,0.00030186295936868786
prototype,0.5,64,1264,334,route-77/lane-2,leader,9.01891353493588,3.1477579903585706,12.920434417098221,-6.994238842413558,braking,,,5.147757990358571,1.924611579141736,-6.604862893675911
prototype,0.5,64,1673,443,route-95/lane-2,signal-amber,0.6400746897442513,0.026426874284652513,7.751495769765166,-2.646271557954325,braking,,,196.8327104048517,12.096850896532235,5.770685562585716e-06
prototype,0.5,65,471,118,route-95/lane-1,signal-amber,9.338196417403154,1.4088083431469727,30.948820240236124,-8.0,braking,,,151.19284108289185,12.95648515641411,0.00011952781862352897
prototype,0.5,65,1092,319,route-83/lane-2,signal-amber,4.5041695861246325,1.360901960938918,7.453712406503293,-5.944664909954472,braking,,,16.85715920897394,12.160880960887312,0.010936370580444313
prototype,0.5,65,1260,378,route-77/lane-2,signal-amber,13.40177902327098,2.0379252569541677,44.0663072346979,-8.0,braking,,,17.201407243027404,13.154369074389178,0.004397502561259851
prototype,0.5,65,1500,463,route-77/lane-1,signal-amber,12.988745959365112,0.16301519998484082,517.4594811177486,-8.0,braking,,,15.435280875113563,12.561531058890607,-0.0756293604001941
prototype,0.5,65,1573,469,route-83/lane-1,signal-amber,5.164590588621074,1.2365546981416742,10.785206666619045,-7.3634473482023965,braking,,,20.32167835657765,12.960118207230543,0.0812207454886907
prototype,0.5,66,370,97,route-83/lane-1,signal-amber,12.856277807090168,3.0166486832053465,27.395281388460592,-8.0,braking,,,61.11134047019584,12.223604075387641,-0.022715533124139615
prototype,0.5,66,470,129,route-95/lane-1,signal-amber,13.289596849822297,1.320053115758185,66.89631739907949,-8.0,braking,,,58.98203036569299,11.637894854100612,0.0011329544920428702
prototype,0.5,66,903,240,route-89/lane-1,leader,7.719349481455673,2.4006836611857807,12.41070562112653,-6.193572315657784,braking,,,4.400683661185781,1.6024790723655906,-4.964102844960589
prototype,0.5,66,1507,404,route-77/lane-1,leader,4.143633254699814,0.4672824534537199,18.371860983171576,-4.249300321613774,braking,,,2.46728245345372,1.25,2.5
prototype,0.5,66,1740,471,route-77/lane-2,signal-amber,15.104919999240654,5.7749035963844335,19.75432181467985,-8.0,braking,,,55.715057245425044,16.373341381785494,8.007157248357544e-07
prototype,0.5,67,133,30,route-87/lane-2,signal-amber,3.7035363144546647,1.0514962044223921,6.522220990811381,-5.900273030369754,braking,,,,,
prototype,0.5,67,782,218,route-81/lane-2,signal-amber,8.057231066973234,2.4658375383340285,13.163675922960287,-8.0,braking,,,134.5881157967624,13.966544773546618,5.744627619937622e-05
prototype,0.5,67,852,249,route-83/lane-1,signal-amber,4.093413247113034,1.1148674868659896,7.514808804203022,-6.314310650771697,braking,,,20.10371863105388,11.605749144335013,-0.06196095192719401
prototype,0.5,67,1501,423,route-77/lane-1,signal-amber,8.344531168184982,1.6009761892738084,21.746482203584446,-8.0,braking,,,153.3234353455744,13.577121622195765,-0.024790986831656408
prototype,0.5,67,1740,486,route-77/lane-1,signal-amber,13.235625010767377,1.4726325645490306,59.47911707334051,-8.0,braking,,,18.759866296575183,12.861752938097515,-0.03091112981514279
prototype,0.5,68,540,115,route-77/lane-1,signal-amber,10.912401121022018,1.0631953436189292,56.00123201290254,-8.0,braking,,,16.546282708052274,13.033447493780065,1.9095312603985566
prototype,0.5,68,783,191,route-77/lane-2,signal-amber,4.003856835929522,1.065909156448697,7.519810419881282,-6.776831547614128,braking,,,181.3263047956005,11.395274350914217,9.717530522953172e-05
prototype,0.5,68,1500,387,route-81/lane-2,signal-amber,11.188976021704038,2.578266514321058,24.278557650824432,-8.0,braking,,,,,
prototype,0.5,69,300,60,route-79/lane-1,signal-amber,14.204193775633653,5.2062637565401815,19.376575049842334,-8.0,braking,,,18.31670935663169,13.996632607892039,0.09017177754931656
prototype,0.5,69,372,94,route-83/lane-1,signal-amber,3.1838153233073534,0.7593857594689553,6.674262643544548,-5.329983534164169,braking,,,56.899168414114,14.35927565235023,-0.09202637026819867
prototype,0.5,69,542,124,route-79/lane-1,signal-amber,4.930173416888827,0.47835183061221187,25.40662370779347,-7.717460918931563,braking,,,20.306598940696176,12.656532984604176,-0.03914244522358743
prototype,0.5,69,660,167,route-89/lane-1,signal-amber,12.9943801549778,0.35817831567635494,235.71208560355032,-8.0,braking,,,113.9192631283118,12.124732122892755,0.00042612942749779376
prototype,0.5,69,780,192,route-79/lane-1,signal-amber,11.11863392569782,2.882406265230202,21.444586397297005,-8.0,braking,,,129.2254385445853,11.186572492219577,0.0027084553632034966
prototype,0.5,69,1022,264,route-77/lane-1,signal-amber,6.682544373032096,1.6923216394988003,13.193827418873049,-8.0,braking,,,86.70598890061899,14.36059884487134,0.0004604775463737572
prototype,0.5,69,1330,356,route-83/lane-1,signal-amber,13.436208072613706,5.116206575655951,17.643119438294345,-8.0,braking,,,23.14993573232067,15.885266314912588,0.4558862037817022
prototype,0.5,69,1741,465,route-79/lane-1,signal-amber,9.809804306710928,1.9219700283770749,25.03479739931831,-8.0,braking,,,196.03194848323318,15.63343382968376,2.8720234573379837e-05
prototype,0.5,70,662,183,route-89/lane-1,signal-amber,4.91214830903909,0.5902678816885327,20.4391952861903,-6.9421846862756045,braking,,,68.06809624314434,12.563442879441158,-0.28722927680878046
prototype,0.5,70,780,213,route-77/lane-1,signal-amber,14.081007484697846,1.436872831840276,68.99524000679176,-8.0,braking,,,15.304513379485854,15.023199534932912,1.207899948544971
prototype,0.5,70,783,214,route-77/lane-1,leader,5.014072186614806,0.8195898893417279,15.33750002258854,-6.127198584013018,braking,,,2.819589889341728,0.0,-0.8888888888888888
prototype,0.5,70,1381,382,route-91/lane-1,signal-amber,8.354348078851363,0.12390141462179827,281.6559118217212,-8.0,braking,,,90.92050771485168,14.202738337284751,0.0043765006159854165
prototype,0.5,70,1430,393,route-95/lane-2,signal-amber,11.896136525266876,3.9570979950287324,17.88154657852504,-8.0,braking,,,185.77142140935888,12.23138068777534,1.857648113083125e-05
prototype,0.5,70,1500,418,route-81/lane-2,signal-amber,11.978372643097737,2.556539700644578,28.06164346689716,-8.0,braking,,,,,
prototype,0.5,70,1740,492,route-77/lane-2,signal-amber,15.661587300158146,5.116470074549966,23.970170174605165,-8.0,braking,,,226.57878602272194,11.825086452505754,-0.027269162413489655
prototype,0.5,71,181,47,route-93/lane-2,signal-amber,12.63324890911639,0.6394596865770836,124.79205597306375,-8.0,braking,,,205.59247086330254,13.304699435648287,-1.2873828224100464e-05
prototype,0.5,71,376,101,route-83/lane-1,leader,0.38560787467817814,0.05276572079731068,1.4089965110587481,-1.1268727379932861,braking,,,2.0527657207973107,0.0,-0.046314441307787196
prototype,0.5,71,663,180,route-89/lane-1,signal-amber,5.33958071629424,1.1708552016204408,12.175340804893068,-7.265514926127388,braking,,,20.28280075105522,12.96704626282579,-0.08096950918774254
prototype,0.5,71,1330,329,route-83/lane-1,signal-amber,13.137047027235674,3.7526646415653886,22.994594652056453,-8.0,braking,,,51.16408587110641,13.188467795886934,-0.08698496702341607
prototype,0.5,71,1382,345,route-89/lane-1,signal-amber,5.570070383650563,0.0611665038971978,253.61662104283275,-8.0,braking,,,,,
prototype,0.5,71,1740,436,route-77/lane-2,signal-amber,13.097574912881107,3.5011908077655107,24.49830329413194,-8.0,braking,,,33.03117817884413,15.000291004164342,-0.016828620750155013
prototype,0.5,72,372,84,route-87/lane-2,signal-amber,6.768332539107137,0.6023275869400209,38.0277496442299,-8.0,braking,,,,,
prototype,0.5,72,376,83,route-83/lane-1,leader,4.719545192421771,1.3558194899088107,8.214259711228062,-3.9380813589214227,braking,,,3.3558194899088107,1.78690456350841,-1.5744151095321035
prototype,0.5,72,1091,264,route-85/lane-1,signal-amber,9.659867363748669,2.2074064617577847,21.136351438173815,-8.0,braking,,,69.2248214574492,16.214026036522764,0.018742871997467603
prototype,0.5,72,1332,317,route-83/lane-1,signal-amber,3.936704063458717,1.1227018167715528,6.9019389884918265,-5.571062866674072,braking,,,16.36425451046688,11.510228361685709,-0.04309734743861255
prototype,0.5,73,1260,347,route-79/lane-1,signal-amber,12.225270717678406,3.0756312423452528,24.297003174957972,-8.0,braking,,,106.60218843760879,11.221687048199557,1.846072639466456e-05
prototype,0.5,73,1500,427,route-77/lane-1,signal-amber,12.496834088629312,3.294168315789477,23.70414126840083,-8.0,braking,,,135.36758829565235,12.713388952734034,-0.058808976301783784
prototype,0.5,73,1570,450,route-85/lane-1,signal-amber,14.953109052423347,3.5012549205526966,31.930761313770464,-8.0,braking,,,292.0438221051776,11.527640152006853,4.0824742105390515e-09
prototype,0.5,73,1740,502,route-81/lane-2,signal-amber,15.409082569846086,0.995574733796218,119.24761526387607,-8.0,braking,,,101.53034093455062,13.05987983208468,2.808680695428241e-10
prototype,0.5,74,180,37,route-89/lane-2,signal-amber,16.12004968947982,6.414096842234358,20.25663225726861,-8.0,braking,,,85.02713039984349,15.764841070452485,8.748587039993556e-08
prototype,0.5,74,372,86,route-85/lane-1,signal-amber,3.797864179304078,0.9523819937232929,7.572472190518834,-5.463102154972087,braking,,,26.978109314318885,13.32385096656001,0.09115281398100095
prototype,0.5,74,471,110,route-97/lane-1,signal-amber,7.252434221145309,1.7571211576713495,14.967039097561598,-8.0,braking,,,,,
prototype,0.5,74,473,114,route-95/lane-1,leader,5.841427021162401,0.7923894378573095,21.531249669250922,-6.440335302773525,braking,,,2.7923894378573095,0.0,-0.8888888888888888
prototype,0.5,74,611,142,route-85/lane-1,signal-amber,8.665320522639739,0.08387929445649434,447.594249848079,-8.0,braking,,,219.8987869665774,13.951534239595025,-0.12212244790928324
prototype,0.5,74,780,176,route-81/lane-2,signal-amber,15.336265935442986,4.743281744677802,24.793072128441057,-8.0,braking,,,29.438131419959404,14.190483390776837,1.772870999635264e-07
prototype,0.5,74,1263,306,route-77/lane-1,signal-amber,0.9629475871463633,0.06274117520337086,7.389629319066247,-3.2719560091267255,braking,,,27.677038635949486,12.94889430913879,0.12878072028709178
prototype,0.5,74,1330,315,route-85/lane-1,signal-amber,13.571003597008717,4.738504548036758,19.43357200177524,-8.0,braking,,,39.357509075187465,13.219259490259924,0.02846805146336469
prototype,0.5,74,1500,376,route-81/lane-2,signal-amber,14.907097081792045,2.39403837383054,46.41144140275645,-8.0,braking,,,21.24723001380255,14.647952979885579,4.60954777755281e-07
prototype,0.5,74,1500,377,route-77/lane-1,signal-amber,16.2710907147231,4.27230545561315,30.98425379427281,-8.0,braking,,,223.62813202843705,12.355796766684566,0.00037758766499607077
prototype,0.5,74,1740,439,route-79/lane-1,signal-amber,15.912285979401032,1.4186552585051686,89.23973726958845,-8.0,braking,,,84.6438034981806,15.624574700888935,-0.30601777737611946
prototype,0.5,75,131,21,route-83/lane-1,signal-amber,8.358058041420387,1.320293561845972,26.45515218830616,-8.0,braking,,,194.12557729359924,11.318166542182938,-0.052938735558219624
prototype,0.5,75,181,38,route-93/lane-2,signal-amber,12.58741343596824,1.269702641445349,62.393733712183334,-8.0,braking,,,,,
prototype,0.5,75,781,211,route-79/lane-1,signal-amber,9.60929274478893,3.1303934533053166,14.748706262076237,-8.0,braking,,,42.14277308622121,11.225224940299842,3.419404019192977e-10
prototype,0.5,75,900,230,route-91/lane-1,signal-amber,13.769444490004176,2.2495111070776943,42.141957193892175,-8.0,braking,,,133.61041824694553,11.923712796788104,0.00016477191783437206
prototype,0.5,75,950,256,route-95/lane-1,signal-amber,15.657691200462585,5.173937689547245,23.69213821654054,-8.0,braking,,,209.32356603987978,15.92672180874353,-0.013903492697774716
prototype,0.5,75,1091,300,route-83/lane-1,signal-amber,10.569631574481265,0.053518698850894,1043.7203633399351,-8.0,braking,,,50.194057799474365,12.3644822774561,-0.029892276355859494
prototype,0.5,75,1330,361,route-87/lane-2,signal-amber,15.855283427356339,2.606404246673833,48.22544562736428,-8.0,braking,,,,,
prototype,0.5,75,1570,421,route-83/lane-2,signal-amber,12.948385183264392,1.2435815780083885,67.41040628902348,-8.0,braking,,,271.59163964945003,11.623830982706503,-1.3491976075622837e-05
prototype,0.5,76,542,142,route-77/lane-1,signal-amber,5.096375503312915,1.5316976690563706,8.478514982257927,-7.213303869681596,braking,,,19.63243892909935,12.683461661500546,0.0034501153801874316
prototype,0.5,76,547,150,route-77/lane-1,leader,5.442562530528509,1.8633066588304814,7.9486344231993025,-3.964275071647136,braking,,,3.8633066588304814,2.306192521107292,-1.896894743652286
prototype,0.5,76,612,169,route-83/lane-1,signal-amber,4.084075823421648,0.18696049382509727,44.607486293497786,-6.7447365622920685,braking,,,60.55316202023522,13.845996870969934,-0.052186595358721735
prototype,0.5,76,711,214,route-95/lane-1,signal-amber,12.636860365910437,0.24284251445618565,328.7938281011536,-8.0,braking,,,54.08492475315626,12.160298012688159,1.0595115895739582e-09
prototype,0.5,76,780,231,route-77/lane-1,signal-amber,12.863935807509051,3.8843929476105927,21.300734335014408,-8.0,braking,,,15.060033673760017,12.59701670646986,0.004072290623169532
prototype,0.5,76,1090,299,route-83/lane-1,signal-amber,13.69362174389171,2.5768755503164584,36.38423214535052,-8.0,braking,,,27.682386287285055,15.318706207865443,0.0501825158404543
prototype,0.5,76,1093,302,route-85/lane-1,leader,5.916486316504013,1.7035238015037066,10.27423576426709,-6.588967412506989,braking,,,3.7035238015037066,0.0,-0.8888888888888888
prototype,0.5,76,1260,350,route-77/lane-1,signal-amber,14.044288163304065,1.3610134044775464,72.46145753047826,-8.0,braking,,,160.53058341615593,13.493884773671386,-0.18782561934745967
prototype,0.5,76,1499,418,route-81/lane-1,dead-end,4.399641058099224,0.13732523349196413,70.47809403959675,-6.343126806240768,braking,,,,,
prototype,0.5,76,1740,479,route-79/lane-1,signal-amber,12.962878972306184,3.563639428032957,23.576491764124658,-8.0,braking,,,71.92380780074859,15.847064199890747,0.04653003122584091
prototype,0.5,76,1743,482,route-79/lane-1,leader,5.6651148954752895,1.3792103716217525,11.634746750489791,-6.550378981972388,braking,,,3.3792103716217525,0.0,-0.8888888888888888
prototype,0.5,77,422,117,route-89/lane-1,signal-amber,6.76112668764768,0.3760664935200566,60.77759501855715,-8.0,braking,,,50.33402388630907,12.840335043428402,4.454578335829258e-09
prototype,0.5,77,541,144,route-77/lane-1,signal-amber,9.34182811391187,2.8681495745609027,15.213598566112909,-8.0,braking,,,40.347390877376256,12.727775723929488,0.0017680173833210706
prototype,0.5,77,1262,346,route-77/lane-1,signal-amber,3.517052423529176,0.12766443804810024,48.44598048985232,-5.928063366325933,braking,,,18.446820185803062,11.371190121889041,0.09947050155799649
prototype,0.5,77,1382,387,route-89/lane-2,signal-amber,7.213544055468315,0.5115804940328417,50.857312238376494,-8.0,braking,,,169.96010739319894,12.290421808021813,-0.14843927955441183
prototype,0.5,77,1571,432,route-83/lane-2,signal-amber,8.049288046014894,1.702627725519335,19.02677757345803,-8.0,braking,,,210.12406997182802,11.597903599136954,7.542923322982158e-08
prototype,0.5,77,1573,434,route-83/lane-1,signal-amber,1.829219909777045,0.09462586771667247,17.680395218902646,-4.148210096826755,braking,,,216.1110950761635,13.08049083436574,1.1351684546430836e-06
prototype,0.5,78,424,95,route-79/lane-1,leader,7.724234283304406,3.1902019824258616,9.351099960449242,-3.3574250323905432,braking,,,5.190201982425862,5.171006825303065,-2.3081092758557684
prototype,0.5,78,540,102,route-77/lane-1,signal-amber,11.849827548965848,3.8419786008444134,18.274231526090222,-8.0,braking,,,25.08648880984282,14.639765008402527,-0.054762196319764686
prototype,0.5,78,545,121,route-77/lane-1,leader,5.198243211770701,2.0593702907200395,6.560678429344603,-4.016839447443393,braking,,,4.0593702907200395,2.0204692183625075,-1.6865423571406508
prototype,0.5,78,780,173,route-77/lane-1,signal-amber,12.034167955356784,0.5873079032376722,123.29239703686544,-8.0,braking,,,59.88366245813836,14.81117099590614,-0.012022095587223515
prototype,0.5,78,783,174,route-77/lane-1,leader,4.315734085715846,1.0576106226506,8.80549055564983,-6.119299409946117,braking,,,3.0576106226506,0.0,-0.8888888888888888
prototype,0.5,78,901,222,route-89/lane-1,signal-amber,8.41931077758801,0.04929925107876443,718.9236389854929,-8.0,braking,,,95.34079275881163,12.05956610993867,0.0007252333600694291
prototype,0.5,78,1330,338,route-87/lane-2,signal-amber,14.368979512468748,3.1880175329848726,32.381812536086564,-8.0,braking,,,73.51190832116731,14.770930594314926,0.0017044644596886371
prototype,0.5,78,1740,463,route-77/lane-2,signal-amber,11.582937737927168,4.460349746162592,15.03967785890827,-8.0,braking,,,12.586860799230465,11.404991725203207,0.0016348770916477424
prototype,0.5,79,660,154,route-89/lane-2,signal-amber,15.671420642672432,4.971427907792759,24.70049143975413,-8.0,braking,,,130.21593805842252,13.818506247301688,0.0009080475679515606
prototype,0.5,79,1090,266,route-85/lane-1,signal-amber,13.163491054435566,2.943388087737958,29.435040771903747,-8.0,braking,,,34.68787795815297,12.314324651486885,-0.03313747989420504
prototype,0.5,79,1501,375,route-77/lane-1,signal-amber,8.044099492271386,1.8128844946079425,17.846569054459955,-8.0,braking,,,106.52788459935647,13.703428574617703,7.648649121468528e-10
prototype,0.5,79,1623,409,route-89/lane-1,signal-amber,4.603552256386024,0.39891157229169494,26.56314688431774,-7.063230559047792,braking,,,49.986297203700644,15.47799361306395,2.6932299708922375e-07
prototype,0.5,80,541,141,route-77/lane-1,signal-amber,7.5454754020955015,0.8631717928871012,32.97964525300179,-8.0,braking,,,38.6684364233534,12.083040992729769,2.3232461880221913e-09
prototype,0.5,80,610,163,route-83/lane-2,signal-amber,16.330048099395707,3.461636804315333,38.51797372216253,-8.0,braking,,,,,
prototype,0.5,80,660,177,route-91/lane-1,signal-amber,12.581611353025172,2.0131735986522585,39.31527423778694,-8.0,braking,,,267.10958250691516,11.285940675451418,1.1842378929335002e-15
prototype,0.5,80,1020,264,route-77/lane-2,signal-amber,13.332099799304757,0.5231227360846447,169.88831950697482,-8.0,braking,,,70.07178492788734,11.309355972320935,4.640436183459921e-11
prototype,0.5,80,1502,375,route-77/lane-1,signal-amber,4.508310005201402,1.2067192944447243,8.42153564485418,-6.514748751319214,braking,,,128.95810965427677,13.78083038681105,-0.0300514314011906
prototype,0.5,81,180,22,route-89/lane-2,signal-amber,12.559119613765583,2.852505122892012,27.647888203081532,-8.0,braking,,,195.77486994523474,12.729766902531786,-0.0033591484557382346
prototype,0.5,81,540,133,route-79/lane-1,signal-amber,11.643821671419772,2.2680983517562368,29.888162259551784,-8.0,braking,,,13.253072516774864,11.423238613279128,0.004497921499831155
prototype,0.5,81,1261,324,route-77/lane-1,signal-amber,7.8349912638167964,0.8730143064991012,35.15812263733431,-8.0,braking,,,27.339216605697857,12.72879600927588,-0.13153800609696611
prototype,0.5,81,1261,344,route-77/lane-2,signal-amber,9.000775939411778,1.2350577386557688,32.79764377642344,-8.0,braking,,,107.07092503688159,11.31166387916587,0.028932601342267123
prototype,0.5,81,1331,367,route-83/lane-1,signal-amber,12.318925607185253,4.614481510014343,16.44344308087745,-8.0,braking,,,55.64614038193537,15.50916804483244,0.001459547443412627
prototype,0.5,81,1502,420,route-77/lane-2,signal-amber,5.5344510936195075,0.729028329691289,21.00751621040342,-8.0,braking,,,68.49415173163374,12.175240087899976,-0.041328717122991174
w74,0.1,42,1150,57,route-97/lane-1,signal-amber,11.237075086706318,1.0452518935544504,60.40259638989016,-8.0,braking,free,emergency,37.982291400099996,12.921690243682825,0.0
w74,0.1,42,5716,300,route-91/lane-1,signal-amber,5.477280600317751,0.40641767787946037,36.90858494535649,-8.0,braking,emergency,emergency,113.1924352334355,11.712393422913737,0.0
w74,0.1,42,6305,341,route-77/lane-2,signal-amber,10.238756232340817,0.5450882239571229,96.16069892710077,-8.0,braking,emergency,emergency,255.5796554541065,14.181284318142572,0.0
w74,0.1,42,6653,347,route-83/lane-2,signal-amber,11.722154741077683,1.0689288728281099,64.27411367896794,-8.0,braking,emergency,emergency,53.82458136048115,13.405991775837258,-0.011685808471023481
w74,0.1,42,8107,391,route-91/lane-1,signal-amber,7.083404082158184,0.668278985016002,37.54016998599304,-8.0,braking,emergency,emergency,81.83602272792808,14.432201517880895,0.0
w74,0.1,42,8358,455,route-97/lane-1,signal-amber,5.81658673453255,0.4441069708828991,38.090689246646555,-8.0,braking,emergency,emergency,159.82481242445954,14.118085212106816,0.0
w74,0.1,43,2350,115,route-95/lane-2,signal-amber,13.33455063886306,0.4978656501720593,178.57251316590444,-8.0,braking,free,emergency,37.34774201342083,14.965072859465145,0.0
w74,0.1,43,2357,111,route-95/lane-1,signal-amber,6.911412911730697,0.1440260263741493,165.82984908695443,-8.0,braking,emergency,emergency,72.3929444463792,12.580430035202163,-0.2343191288723293
w74,0.1,43,3463,197,route-79/lane-1,leader,1.0176500329526283,0.087678657772841,5.905722189837586,-1.470321547658711,braking,emergency,emergency,2.087678657772841,0.7375444943581277,-0.08685849693413056
w74,0.1,43,5101,282,route-77/lane-2,signal-amber,10.964481845214031,0.7218317715410763,83.27415533217972,-8.0,braking,emergency,emergency,53.28547252430286,12.752743318589554,0.3569297810936515
w74,0.1,43,5956,308,route-95/lane-1,signal-amber,7.8312526440002825,0.3139742697940733,97.66487874051755,-8.0,braking,emergency,emergency,32.50963792092301,12.457305031032302,0.0
w74,0.1,43,6302,272,route-77/lane-1,signal-amber,10.149546103491446,0.2053226693619763,250.8570690878993,-8.0,braking,emergency,emergency,72.24706102391764,12.035751526202075,0.0
w74,0.1,43,6668,345,route-83/lane-2,signal-amber,3.3092235277816844,0.12094022672181381,45.27426751900014,-8.0,braking,emergency,emergency,37.526756111999305,14.560272641799772,-0.30842965324715277
w74,0.1,43,6911,370,route-89/lane-1,signal-amber,3.501239796434474,0.20865147263299377,29.375973141821163,-8.0,braking,emergency,emergency,74.33097682081996,12.082664591190404,0.0
w74,0.1,43,7509,402,route-77/lane-2,signal-amber,7.223503657690984,0.6550521355558203,39.82813142682182,-8.0,braking,emergency,emergency,31.669028576392577,13.538341057910584,0.0
w74,0.1,43,8356,447,route-95/lane-1,signal-amber,6.808098701531996,0.42070840056652514,55.085907326055946,-8.0,braking,emergency,emergency,36.715817948546544,13.446393077871763,0.0
w74,0.1,44,1503,80,route-77/lane-1,signal-amber,8.394559268218403,0.30609701381962395,115.10831881090657,-8.0,braking,emergency,emergency,20.662506226449068,13.805677395478744,0.30824949939165197
w74,0.1,44,3902,211,route-77/lane-2,signal-amber,9.977313492943741,0.3564964606408694,139.61819474662272,-8.0,braking,emergency,emergency,30.575203884818052,11.377743114423938,0.0
w74,0.1,44,5955,296,route-95/lane-1,signal-amber,8.430899365996007,0.023347121159019935,1522.2447263501433,-8.0,braking,emergency,emergency,173.14512282988534,16.067519567278215,0.0
w74,0.1,44,6303,301,route-77/lane-1,signal-amber,12.054152987155726,1.0701261179179369,67.89041114166038,-8.0,braking,emergency,emergency,57.52934241720362,11.839000919121318,0.0
w74,0.1,44,6655,349,route-83/lane-2,signal-amber,8.281634559633668,0.09655070831155399,355.17849728250656,-8.0,braking,emergency,emergency,28.90231613465062,11.358434832426719,0.0
w74,0.1,44,6903,394,route-89/lane-2,signal-amber,13.811634109248406,0.36650723384383355,260.2421168705174,-8.0,braking,emergency,emergency,51.6143124126159,16.38267476469744,0.0
w74,0.1,44,7163,357,route-95/lane-1,signal-amber,1.8722094149399664,0.07199351802972842,24.343636686447628,-8.0,braking,emergency,emergency,97.35176151136551,15.989175650277176,0.0
w74,0.1,44,8103,449,route-89/lane-2,signal-amber,9.23416187054943,0.15209863866078877,280.3106793140931,-8.0,braking,emergency,emergency,43.73449479436181,14.706386431777727,0.27586891884080267
w74,0.1,44,8600,487,route-79/lane-1,leader,2.255668214624788,0.20584990179021645,12.358614335541068,-1.7577409673773163,braking,emergency,emergency,2.2058499017902164,1.7108157506807293,-0.16891657523805326
w74,0.1,45,905,46,route-89/lane-2,signal-amber,9.844031225028445,0.08068527256756397,600.5120121406857,-8.0,braking,emergency,emergency,241.29380511697258,14.297935483432376,0.0
w74,0.1,45,2107,116,route-89/lane-2,signal-amber,5.727883076830765,0.34152065700391177,48.03317730421865,-8.0,braking,emergency,emergency,38.2219828323656,13.363441203613766,0.0
w74,0.1,45,2351,110,route-95/lane-1,signal-amber,10.8844289887306,0.7752814652206439,76.40502174071865,-8.0,braking,emergency,emergency,26.64196987866154,11.272229420752264,0.0
w74,0.1,45,3300,157,route-89/lane-2,signal-amber,12.864422220371669,0.1913129950697794,432.5199106407549,-8.0,braking,approaching,emergency,27.16185536407852,12.049937177435496,0.0
w74,0.1,45,3558,163,route-97/lane-1,signal-amber,6.420031059288199,0.18146455982440557,113.56707569265494,-8.0,braking,emergency,emergency,78.3476827965514,12.381009592137667,-0.3739068877548435
w74,0.1,45,4501,237,route-89/lane-1,signal-amber,11.817829075469636,0.47358996778751816,147.4493692396754,-8.0,braking,emergency,emergency,32.43335626546599,13.463880168325268,0.0
w74,0.1,45,4504,217,route-89/lane-2,signal-amber,9.677440115646329,0.41319387234739224,113.32797200000864,-8.0,braking,emergency,emergency,37.886352479440234,14.692956915632372,0.09480600219541503
w74,0.1,45,5952,331,route-95/lane-1,signal-amber,11.467118889707326,0.6546169392830166,100.43645966044289,-8.0,braking,emergency,emergency,68.57006412281669,12.631674199677072,0.0
w74,0.1,45,6301,360,route-77/lane-2,signal-amber,11.926546834550896,0.8054900504989746,88.29564021841202,-8.0,braking,emergency,emergency,24.634057044440794,12.457050337613286,0.3632860799931486
w74,0.1,45,6305,364,route-81/lane-2,signal-amber,11.607283106758256,0.8618914573647203,78.15892591184095,-8.0,braking,emergency,emergency,295.3399490069982,12.691914953292294,1.7309024398505293
w74,0.1,45,7152,403,route-95/lane-1,signal-amber,11.53591711727062,0.3451180977379522,192.79977579962033,-8.0,braking,emergency,emergency,37.57725255325414,13.031306489999405,0.0
w74,0.1,45,7504,355,route-79/lane-1,signal-amber,9.8312858602358,0.477629859601052,101.18105026599922,-8.0,braking,emergency,emergency,41.826259609423346,14.24016184044718,-0.0655648027647181
w74,0.1,45,8101,433,route-91/lane-1,signal-amber,12.323241142929467,1.1115314218155845,68.31218141307083,-8.0,braking,emergency,emergency,161.99354480500915,14.504230385399424,0.0
w74,0.1,45,8351,451,route-95/lane-1,signal-amber,10.304493434324584,0.8872874844116723,59.83550247440052,-8.0,braking,emergency,emergency,32.964883557569465,11.193825652063824,0.0
w74,0.1,45,8703,385,route-77/lane-1,signal-amber,12.517141653007258,1.102943562569692,71.02758494569352,-8.0,braking,emergency,emergency,41.651668519471286,15.937671872577631,0.0
w74,0.1,46,1503,66,route-79/lane-1,signal-amber,9.815979274562558,0.48716766039450476,98.89146689315888,-8.0,braking,emergency,emergency,38.92196394193002,11.909791028856308,-0.20112927497981206
w74,0.1,46,2108,93,route-89/lane-1,signal-amber,5.2415108781913275,0.3397123439834786,40.43632321988004,-8.0,braking,emergency,emergency,83.56196342482048,14.574859053022228,0.0
w74,0.1,46,2702,138,route-77/lane-1,signal-amber,14.836680532637452,0.752475802115157,146.26855017050465,-8.0,braking,emergency,emergency,91.61146210003238,11.883656631517225,0.0
w74,0.1,46,3301,156,route-91/lane-1,signal-amber,12.610146227222867,0.8121228354644359,97.90131549558346,-8.0,braking,emergency,emergency,38.061755512175466,13.895949024581352,0.0
w74,0.1,46,4255,225,route-83/lane-2,signal-amber,10.924583796956119,0.6093187916866327,97.93439227957953,-8.0,braking,emergency,emergency,42.78239266671193,14.276548911980354,0.16069882967208804
w74,0.1,46,4502,221,route-91/lane-1,signal-amber,11.678377775557932,0.8614626654069752,79.15868727997294,-8.0,braking,emergency,emergency,103.34041219139232,12.278063099537976,0.0
w74,0.1,46,5110,224,route-77/lane-1,signal-amber,4.883238167618398,0.25913435865692236,46.01090940868964,-8.0,braking,emergency,emergency,38.14636682133886,12.566834400808183,-0.034898823021072854
w74,0.1,46,5456,265,route-85/lane-1,signal-amber,8.930319672285219,0.5332792640263619,74.77377692043733,-8.0,braking,emergency,emergency,31.634489173640475,12.66758120098131,-0.3020417182038127
w74,0.1,46,5700,279,route-89/lane-1,signal-amber,13.633281862884935,0.6658143399997698,139.57823013614546,-8.0,braking,free,emergency,122.99638161546454,14.415292355963029,0.0
w74,0.1,46,6305,270,route-77/lane-1,signal-amber,10.143323597198084,0.9618663876836422,53.48300705529748,-8.0,braking,emergency,emergency,29.62368143409759,13.751174776439857,0.3402185318933566
w74,0.1,46,6659,378,route-83/lane-2,signal-amber,6.450661478489211,0.1752686027705863,118.7064678222214,-8.0,braking,emergency,emergency,25.155763831646368,12.307012392678297,0.0
w74,0.1,46,6906,306,route-89/lane-1,signal-amber,7.74812388621736,0.5873793832672618,51.102767194721544,-8.0,braking,emergency,emergency,62.32653166508106,12.279191370467274,0.21491847037780246
w74,0.1,46,7152,375,route-95/lane-1,signal-amber,11.438332982744397,0.8393846040721087,77.93534738987107,-8.0,braking,emergency,emergency,35.48082130725078,13.636121236588506,-0.020758244330684565
w74,0.1,46,7501,346,route-79/lane-1,signal-amber,11.032549878382124,1.0517336939703341,57.86500780416314,-8.0,braking,emergency,emergency,49.262041429543785,15.57306331420783,0.0
w74,0.1,46,8106,352,route-89/lane-1,signal-amber,7.219660276108896,0.634285516226953,41.08835309095607,-8.0,braking,emergency,emergency,30.963657062389018,11.964596733585932,0.0
w74,0.1,46,8718,420,route-81/lane-2,signal-amber,3.8166010989625843,0.3119131393619341,23.35016084670285,-8.0,braking,emergency,emergency,,,
w74,0.1,47,908,37,route-89/lane-1,signal-amber,9.021329859816465,0.2915826696357726,139.55629211653184,-8.0,braking,emergency,emergency,,,
w74,0.1,47,1503,50,route-79/lane-1,signal-amber,9.339959130263885,0.681815785999504,63.9724382643314,-8.0,braking,emergency,emergency,160.519006980057,13.038943685186096,0.291811222702385
w74,0.1,47,1854,96,route-83/lane-2,signal-amber,10.81232360397931,0.49412543519588326,118.29621933024319,-8.0,braking,emergency,emergency,45.17050224906126,15.654437012693577,-0.1972278504419076
w74,0.1,47,2354,117,route-97/lane-1,signal-amber,9.570113515466774,0.63418279780484,72.20873304663834,-8.0,braking,emergency,emergency,214.32317108841374,15.125239269147617,-0.008630462104159051
w74,0.1,47,3050,151,route-87/lane-2,signal-amber,11.412211947678587,0.2635120886018285,247.12069611259983,-8.0,braking,free,emergency,86.96426390385187,12.371823241715319,0.0
w74,0.1,47,3307,108,route-89/lane-1,signal-amber,7.172793514447962,0.03614723428273692,711.6584134554048,-8.0,braking,emergency,emergency,43.72411148409435,14.828274425738492,0.0
w74,0.1,47,3552,169,route-95/lane-1,signal-amber,10.592143903826361,0.7559342240288629,74.2085150487129,-8.0,braking,emergency,emergency,31.96529180173968,12.282913012052651,0.22399108175857668
w74,0.1,47,4512,198,route-89/lane-1,signal-amber,2.8777278034322,0.14633669750622857,28.295422309548275,-8.0,braking,emergency,emergency,122.57592038382586,13.602849500535426,-0.24214374643065653
w74,0.1,47,5102,253,route-79/lane-1,signal-amber,4.367774259137986,0.013034233540224704,731.8210127167742,-8.0,braking,emergency,emergency,61.40019933331871,13.670161380548961,0.0
w74,0.1,47,5469,299,route-83/lane-2,signal-amber,5.514100412162957,0.4196699991898072,36.22525247708268,-8.0,braking,emergency,emergency,32.51943597228836,16.177483050213198,0.0
w74,0.1,47,5700,284,route-91/lane-1,signal-amber,13.514329522939528,1.1619975879809203,78.58755661100123,-8.0,braking,free,emergency,34.90242380966794,12.981899302643724,0.0
w74,0.1,47,5962,276,route-95/lane-1,signal-amber,2.8621353750924436,0.16475679578871905,24.860336917029493,-8.0,braking,emergency,emergency,29.693424580114538,12.223257204280234,0.0
w74,0.1,47,6908,347,route-89/lane-1,signal-amber,5.778964517987331,0.2004589052790493,83.29994333169424,-8.0,braking,emergency,emergency,36.07172674418979,11.685535034941177,-0.012653285175603653
w74,0.1,47,7505,403,route-81/lane-2,signal-amber,7.645362746068273,0.22865841943678333,127.81416853781889,-8.0,braking,emergency,emergency,292.8911870549241,14.01549823021982,0.0
w74,0.1,47,8706,308,route-77/lane-1,signal-amber,4.020610506829535,0.36187422088488574,22.335535269822838,-8.0,braking,emergency,emergency,44.62871053775234,13.67907641631929,-0.024455043015805106
w74,0.1,48,2356,94,route-95/lane-1,signal-amber,7.8371255073813915,0.2505105330730544,122.59072595669352,-8.0,braking,emergency,emergency,85.95293297471426,15.639178019978269,-0.4064808654622285
w74,0.1,48,3313,139,route-89/lane-1,signal-amber,1.9753735754089143,0.11510573479552022,16.950071034061384,-8.0,braking,emergency,emergency,93.43989428928046,15.744470416319976,-0.07946017844385306
w74,0.1,48,4259,207,route-83/lane-1,signal-amber,8.171825406747608,0.30605765461035617,109.09501767466348,-8.0,braking,emergency,emergency,66.15668188137568,13.233214914691635,0.0
w74,0.1,48,4505,168,route-91/lane-1,signal-amber,6.95030216242248,0.5912666503721198,40.8501816554107,-8.0,braking,emergency,emergency,34.24981710646267,11.181427445053123,0.0
w74,0.1,48,4506,238,route-89/lane-2,signal-amber,7.305636640754526,0.5134070477410546,51.97856842983415,-8.0,braking,emergency,emergency,36.89178153766727,11.80728948490697,-0.21157629593927393
w74,0.1,48,5112,293,route-81/lane-2,signal-amber,4.996067362655882,0.15247528951340428,81.8515877944963,-8.0,braking,emergency,emergency,261.2105722653455,10.635185361116154,-0.1458943272955846
w74,0.1,48,6905,312,route-89/lane-1,signal-amber,8.758949653325317,0.5409645632224738,70.90963460940843,-8.0,braking,emergency,emergency,70.45230988642248,12.126090035154483,0.0
w74,0.1,48,7155,390,route-95/lane-1,signal-amber,8.709044373946067,0.5099994604511267,74.36032759747413,-8.0,braking,emergency,emergency,40.53095531465681,14.276744859708693,-0.020180561944552602
w74,0.1,48,8351,430,route-95/lane-1,signal-amber,11.650003004958501,0.5545121555903734,122.38015762796232,-8.0,braking,emergency,emergency,30.295617143785307,11.264363276096992,0.0
w74,0.1,49,2566,128,route-79/lane-1,leader,4.462691472160552,0.37674402177202637,26.431229196445965,-2.4450354775060426,braking,emergency,emergency,2.3767440217720264,3.48823308499342,-0.453532324659211
w74,0.1,49,3301,139,route-89/lane-1,signal-amber,10.374768008231184,0.763528194210835,70.4858131243386,-8.0,braking,emergency,emergency,62.588960199616054,11.660894684852101,0.0
w74,0.1,49,4255,189,route-83/lane-2,signal-amber,8.031926637346409,0.035668124530900513,904.3347015880521,-8.0,braking,emergency,emergency,29.048858307901355,11.229646285013295,0.0
w74,0.1,49,4502,215,route-89/lane-1,signal-amber,10.293977764276365,0.3463635239695009,152.96930952340566,-8.0,braking,emergency,emergency,31.93366897533815,11.273696535336784,0.0
w74,0.1,49,5055,258,route-91/lane-1,leader,4.907487617150649,0.4208468492201689,28.613062872056272,-2.4732036285315977,braking,emergency,emergency,2.420846849220169,3.9292041894754357,-0.7970053860556692
w74,0.1,49,5702,242,route-91/lane-1,signal-amber,9.944611833854577,0.8114309358851415,60.93883049834766,-8.0,braking,emergency,emergency,75.26185892345711,13.10893532989081,0.0
w74,0.1,49,5951,300,route-95/lane-1,signal-amber,11.569322230149192,0.7422027378476059,90.17025270830185,-8.0,braking,emergency,emergency,30.57570276142758,11.475607412963884,-0.2612927827464216
w74,0.1,49,7503,363,route-77/lane-2,signal-amber,9.569182262965477,0.18039754153380727,253.79849526578113,-8.0,braking,emergency,emergency,38.66518126178636,13.554995299330912,0.0
w74,0.1,49,7852,415,route-83/lane-2,signal-amber,11.20901813685708,0.6211338720892172,101.13929801460276,-8.0,braking,emergency,emergency,27.283870966330028,11.795739212254993,0.0
w74,0.1,49,8101,342,route-89/lane-1,signal-amber,11.740201250844082,0.7690223251809698,89.6152952242873,-8.0,braking,emergency,emergency,30.349682162164356,11.99215048846323,0.0
w74,0.1,50,3051,176,route-83/lane-2,signal-amber,13.551476372660776,0.8317494092266315,110.3953365290249,-8.0,braking,emergency,emergency,38.209574552582524,13.006580850980244,0.0
w74,0.1,50,3304,182,route-89/lane-1,signal-amber,9.520039261086312,0.40131087764467566,112.91887733587734,-8.0,braking,emergency,emergency,68.74007415332255,12.968256703787484,0.0
w74,0.1,50,4259,258,route-83/lane-2,signal-amber,6.281682538422753,0.43577770788346015,45.27484403134954,-8.0,braking,emergency,emergency,121.02324971436224,12.702344988989644,0.29920317850282907
w74,0.1,50,4501,240,route-89/lane-2,signal-amber,10.404546084259636,0.7909955774549076,68.42932015359708,-8.0,braking,emergency,emergency,28.289637627433308,11.547810407760553,0.0
w74,0.1,50,4751,269,route-95/lane-1,signal-amber,10.740968338758684,0.09898983163986941,582.7285436444282,-8.0,braking,emergency,emergency,36.1378274557685,14.218920141416898,0.278943969701423
w74,0.1,50,5951,347,route-95/lane-2,signal-amber,12.647691512185792,0.8694761119608643,91.988784042992,-8.0,braking,emergency,emergency,35.122379006181916,13.866473600671629,-0.19001732807097574
w74,0.1,50,6304,365,route-77/lane-2,signal-amber,11.039220175359649,0.11476474891895805,530.9312451252907,-8.0,braking,emergency,emergency,32.03700928944846,13.517103191376664,0.0
w74,0.1,50,6916,415,route-89/lane-1,signal-amber,2.2539146094531795,0.09392315736278078,27.044081616018996,-8.0,braking,emergency,emergency,49.08610166665136,13.597493763779559,0.26504504102118337
w74,0.1,50,8703,481,route-79/lane-1,signal-amber,9.595261723710413,0.6671762440363409,68.99904513198402,-8.0,braking,emergency,emergency,96.78157316603296,13.104014742790804,-0.027506314453079474
w74,0.1,51,300,3,route-81/lane-2,signal-amber,12.30065520597156,0.03442854560125852,2197.3934108135013,-8.0,braking,free,emergency,,,
w74,0.1,51,652,26,route-87/lane-2,signal-amber,11.702607435383833,0.6317827821096671,108.38457826390123,-8.0,braking,emergency,emergency,,,
w74,0.1,51,1863,74,route-85/lane-1,signal-amber,6.192969053466801,0.5395394135343281,35.54222799587679,-8.0,braking,emergency,emergency,,,
w74,0.1,51,3053,137,route-83/lane-1,signal-amber,11.96277445113752,0.5103180304951138,140.2144976436991,-8.0,braking,emergency,emergency,100.02954301887814,12.517088901318834,0.36571679443190747
w74,0.1,51,3300,140,route-91/lane-1,signal-amber,13.300362690924942,1.2638764760692993,69.98296552694467,-8.0,braking,approaching,emergency,29.354833140439723,12.336803922844119,0.0
w74,0.1,51,4507,170,route-89/lane-1,signal-amber,6.944102756947208,0.13272739495027963,181.6526389186855,-8.0,braking,emergency,emergency,45.178645446146106,15.01646334809279,-0.1998784527916897
w74,0.1,51,5705,280,route-89/lane-2,signal-amber,8.474792741404364,0.45006393086390517,79.79101088138341,-8.0,braking,emergency,emergency,33.64012778358642,11.680465976917185,0.0
w74,0.1,51,6651,339,route-87/lane-2,signal-amber,14.699084865418264,0.2574626265403026,419.6008927279126,-8.0,braking,emergency,emergency,106.9580579241441,13.603968126340769,0.0
w74,0.1,51,7158,337,route-97/lane-1,signal-amber,6.041616140993102,0.15731461317909634,116.01314352644826,-8.0,braking,emergency,emergency,33.27627052273118,12.013332945677284,-0.0223964284422146
w74,0.1,52,661,26,route-83/lane-1,signal-amber,5.342211781484071,0.31065752519037915,45.93358345454149,-8.0,braking,emergency,emergency,43.022754078456046,12.132137566392124,0.2834755477194874
w74,0.1,52,2101,106,route-89/lane-2,signal-amber,12.001931755202822,0.15353367205796076,469.1034999871777,-8.0,braking,emergency,emergency,30.212046339874348,11.815722962371073,0.0
w74,0.1,52,2108,114,route-91/lane-1,signal-amber,4.716873905674345,0.28217944130039996,39.42331755194388,-8.0,braking,emergency,emergency,74.54438543268117,12.953821900519543,0.0
w74,0.1,52,3301,161,route-89/lane-1,signal-amber,10.65095890405122,0.5659437649561596,100.22455639614277,-8.0,braking,emergency,emergency,36.218074893170524,13.358695812017197,-0.014191517779734422
w74,0.1,52,4500,193,route-91/lane-1,signal-amber,11.725692800809629,0.8656956697089413,79.41120446240964,-8.0,braking,free,emergency,143.0121645414851,14.115569302493189,0.292473630357322
w74,0.1,52,5116,308,route-77/lane-2,signal-amber,4.0271993544651155,0.09135411623270784,88.76630473492303,-8.0,braking,emergency,emergency,97.542505711064,14.164172408308666,-0.29915564417655116
w74,0.1,52,6900,320,route-91/lane-1,signal-amber,13.549717266855927,0.5212634634354458,176.10560771105182,-8.0,braking,free,emergency,41.55862102302774,16.250573827563787,0.0
w74,0.1,52,7155,396,route-95/lane-1,signal-amber,9.014556394030542,0.27209955944772446,149.32443688275976,-8.0,braking,emergency,emergency,83.45094845795148,14.134796720021406,0.0
w74,0.1,52,7861,447,route-87/lane-2,signal-amber,2.8499123545968876,0.008923818607456724,455.0742673151855,-8.0,braking,emergency,emergency,,,
w74,0.1,52,8106,381,route-91/lane-1,signal-amber,8.063525246034255,0.060987397288101874,533.0645533722155,-8.0,braking,emergency,emergency,34.755994459115016,13.564384521464817,0.0
w74,0.1,53,306,8,route-77/lane-1,signal-amber,11.454616166050542,0.44529950256441,147.3258231324522,-8.0,braking,emergency,emergency,,,
w74,0.1,53,1156,58,route-95/lane-1,signal-amber,8.363831837656903,0.222874644972876,156.9350408098612,-8.0,braking,emergency,emergency,40.15650508935374,13.151969492340978,-0.0418806374911688
w74,0.1,53,3051,146,route-83/lane-1,signal-amber,10.78566731203813,0.5939776325277535,97.92508420805922,-8.0,braking,emergency,emergency,89.24405911771339,14.317728035408074,0.0
w74,0.1,53,3901,203,route-77/lane-2,signal-amber,10.53773627964314,0.0545717376175503,1017.4120409865369,-8.0,braking,emergency,emergency,36.98489701184184,12.342342163859866,0.36304697465370245
w74,0.1,53,3908,149,route-77/lane-1,signal-amber,9.506083140827934,0.19969707273094173,226.25673838015038,-8.0,braking,emergency,emergency,76.57394756473542,14.091898089745083,0.0
w74,0.1,53,4503,236,route-89/lane-2,signal-amber,10.24441718505398,0.7548838154729083,69.51273911978296,-8.0,braking,emergency,emergency,42.600648752248276,13.959945693123155,0.0
w74,0.1,53,4750,254,route-95/lane-1,signal-amber,13.860030705984096,0.5947161939744774,161.5059864832486,-8.0,braking,free,emergency,29.531249142729962,13.731298652095212,-0.02029703525846057
w74,0.1,53,5107,199,route-79/lane-1,signal-amber,8.9413887311289,0.6812850626666318,58.67472870183817,-8.0,braking,emergency,emergency,121.64510464771496,14.766280559529552,0.0
w74,0.1,53,5113,260,route-77/lane-2,signal-amber,5.328350201068895,0.15224617678262575,93.24147399040281,-8.0,braking,emergency,emergency,65.62889628771416,13.880117180091329,0.23771138501607958
w74,0.1,53,5707,286,route-91/lane-1,signal-amber,6.975508478946283,0.07316551494307078,332.5181171601914,-8.0,braking,emergency,emergency,83.05237992841938,16.321074984450824,0.0
w74,0.1,53,6317,301,route-81/lane-2,signal-amber,3.425952355903574,0.2629264948886316,22.32021073017533,-8.0,braking,emergency,emergency,,,
w74,0.1,53,7157,359,route-95/lane-1,signal-amber,6.8847363179539585,0.3007499671858227,78.80232641632793,-8.0,braking,emergency,emergency,40.74763879686515,12.746401224514077,-0.0201970982904339
w74,0.1,53,7500,302,route-77/lane-1,signal-amber,12.52377926091198,1.2088012686093634,64.87627497135556,-8.0,braking,free,emergency,100.10989841599138,16.15221850522328,0.0
w74,0.1,53,8100,401,route-89/lane-1,signal-amber,13.04635518078496,0.21296189182157832,399.6193451497794,-8.0,braking,approaching,emergency,32.40324189299224,11.956049708346836,0.0
w74,0.1,53,8363,458,route-95/lane-2,signal-amber,6.857062836983239,0.35683077804901586,65.8846064336382,-8.0,braking,emergency,emergency,200.41839669513274,13.448330700197257,0.0
w74,0.1,54,1850,81,route-83/lane-2,signal-amber,12.154311158445934,0.37778953961571915,195.5153124231403,-8.0,braking,approaching,emergency,30.694859072768452,11.086786920034044,-0.3220800104892303
w74,0.1,54,3561,191,route-97/lane-1,signal-amber,4.708124223989432,0.3091408533062463,35.85167322831513,-8.0,braking,emergency,emergency,129.94360371922022,15.074086124044843,0.0
w74,0.1,54,3901,169,route-79/lane-1,signal-amber,10.826034758607856,0.2412675487062188,242.89016327118773,-8.0,braking,emergency,emergency,204.52906586464258,11.225575307453981,0.0
w74,0.1,54,4508,218,route-91/lane-1,signal-amber,6.195614095912423,0.43047652256638,44.585049373452875,-8.0,braking,emergency,emergency,227.0209993828792,15.961844906820918,0.0
w74,0.1,54,5102,287,route-77/lane-2,signal-amber,14.839526021531782,0.8865517643197336,124.1955300335401,-8.0,braking,emergency,emergency,242.98297260429183,11.332524781408718,0.0
w74,0.1,54,6320,365,route-79/lane-1,leader,2.8952587560770127,0.2613672776560918,16.03590805209819,-3.360730057822111,braking,emergency,emergency,2.261367277656092,1.7989659805584746,-0.2068643690052195
w74,0.1,54,6901,358,route-89/lane-1,signal-amber,12.516962832247412,1.1230012219180594,69.75698489279783,-8.0,braking,emergency,emergency,105.56299473673647,13.149648625333793,0.0
w74,0.1,54,7009,391,route-85/lane-1,leader,4.7970451614258796,0.44077938541357753,26.10335583090838,-1.6733207391238283,braking,emergency,emergency,2.4407793854135775,3.9093420662005944,0.3233662602261403
w74,0.1,54,7110,397,route-85/lane-1,leader,6.4540966027692495,0.6379683523468955,32.646888207416474,-1.1996496392251061,braking,emergency,emergency,2.6379683523468955,6.290831489190804,-0.5212391477450498
w74,0.1,54,8102,429,route-91/lane-1,signal-amber,9.619473367468451,0.6510138188224346,71.06935766341525,-8.0,braking,emergency,emergency,292.25193580883786,12.180394580294378,0.0
w74,0.1,55,319,6,route-77/lane-1,signal-amber,3.7157053743721935,0.2747225728467697,25.128016030992747,-8.0,braking,emergency,emergency,108.42509821545832,16.64672246332746,0.0
w74,0.1,55,2709,113,route-77/lane-1,signal-amber,6.23312189488962,0.4438826841532659,43.76360009476899,-8.0,braking,emergency,emergency,29.98694395048119,12.265803329166957,0.0
w74,0.1,55,3306,150,route-89/lane-1,signal-amber,7.7696087428900045,0.3102701373436503,97.28106696702729,-8.0,braking,emergency,emergency,31.682739499909758,12.285230576652102,0.0
w74,0.1,55,3902,218,route-81/lane-2,signal-amber,14.927245780318046,0.3321022005288796,335.4730354559127,-8.0,braking,emergency,emergency,162.73714999378592,16.492676300588066,0.37620873615180794
w74,0.1,55,4251,240,route-83/lane-2,signal-amber,13.84321918971371,0.9706527592318821,98.71435264146696,-8.0,braking,emergency,emergency,30.356408632323053,14.181897997944617,0.0
w74,0.1,55,4753,260,route-95/lane-1,signal-amber,11.079987681734119,0.32149568350308755,190.92966613065087,-8.0,braking,emergency,emergency,83.51824565721472,14.387296167786012,-0.39179550202006286
w74,0.1,55,5700,265,route-89/lane-1,signal-amber,13.356425860649907,0.42159381923573847,211.57107105415926,-8.0,braking,free,emergency,33.94105460216133,14.083675067234925,-0.020384555362609004
w74,0.1,55,7156,386,route-95/lane-1,signal-amber,8.304370147361125,0.5537617358448301,62.267360744212446,-8.0,braking,emergency,emergency,75.2732987088367,14.305736389826052,0.0
w74,0.1,55,8110,403,route-89/lane-1,signal-amber,4.524884033945114,0.2701391007636289,37.8963568449993,-8.0,braking,emergency,emergency,37.159791918709516,12.95802592296619,0.0
w74,0.1,56,653,36,route-83/lane-1,signal-amber,12.248830451755783,0.612414662220317,122.49367682667017,-8.0,braking,emergency,emergency,145.24422408430388,12.991705669057556,0.287622057310556
w74,0.1,56,3053,168,route-85/lane-1,signal-amber,12.77247938671615,0.09964952224464696,818.5499840309188,-8.0,braking,emergency,emergency,94.30280399926306,11.88642298624385,0.0
w74,0.1,56,4501,250,route-89/lane-2,signal-amber,13.153869005697779,0.05520058039508058,1567.2323423113537,-8.0,braking,emergency,emergency,135.9113063141872,12.062062839766153,-0.28904228271396487
w74,0.1,56,4502,228,route-89/lane-1,signal-amber,9.786616912634805,0.07455897591523808,642.2960442989057,-8.0,braking,emergency,emergency,31.116411531286417,11.686889718431047,0.24054685313250646
w74,0.1,56,5100,225,route-77/lane-2,signal-amber,12.710403292332776,0.40400059812759537,199.94320875079524,-8.0,braking,free,emergency,59.47172240259658,14.966761069094721,-0.2810268050242258
w74,0.1,56,5950,324,route-95/lane-1,signal-amber,12.501143988096155,1.0762809186373943,72.60121326361815,-8.0,braking,free,emergency,23.567255661965362,12.825510289524683,0.0
w74,0.1,56,6313,298,route-81/lane-2,signal-amber,5.238438135804817,0.4668091331392361,29.392349200748487,-8.0,braking,emergency,emergency,244.10990361754727,9.234461639763147,-0.3689877462594804
w74,0.1,56,6650,331,route-83/lane-1,signal-amber,12.464298386261799,0.23702623223306318,327.7247686851119,-8.0,braking,free,emergency,45.37534943932974,14.601224903236144,0.0
w74,0.1,56,8105,442,route-89/lane-1,signal-amber,7.329209767659191,0.5266349470298337,51.00052334288767,-8.0,braking,emergency,emergency,40.2375428418581,14.261261301781051,0.0
w74,0.1,57,1159,40,route-97/lane-1,signal-amber,5.123280168586586,0.45219032670649995,29.023176896560642,-8.0,braking,emergency,emergency,36.35787336453342,12.355900527103804,0.0
w74,0.1,57,1850,96,route-83/lane-2,signal-amber,13.137880052016117,0.054594661774842734,1580.7762760122,-8.0,braking,free,emergency,33.31235895250876,14.101528089544736,0.37139926248765265
w74,0.1,57,2357,87,route-95/lane-1,signal-amber,7.1076648792546315,0.3165969615709514,79.78424648347129,-8.0,braking,emergency,emergency,80.95488066177143,13.37164645419649,-0.20757366500329028
w74,0.1,57,3552,129,route-95/lane-1,signal-amber,11.117995576099492,0.048933254883081645,1263.0452023426012,-8.0,braking,emergency,emergency,36.477420375832935,14.750263035154681,-0.03286287279234762
w74,0.1,57,4761,223,route-95/lane-1,signal-amber,3.750669090469483,0.24182256321830664,29.08644759815826,-8.0,braking,emergency,emergency,35.690065177394615,11.970458191906818,-0.026155416971525274
w74,0.1,57,5703,312,route-89/lane-2,signal-amber,9.793729558070684,0.3539676030259784,135.48858403517204,-8.0,braking,emergency,emergency,31.687465998529376,12.802300819032826,0.0
w74,0.1,57,6658,352,route-83/lane-2,signal-amber,8.118791076051998,0.479638121461619,68.71302090805152,-8.0,braking,emergency,emergency,178.92546324625482,11.41504783594515,0.0
w74,0.1,57,8102,361,route-89/lane-1,signal-amber,11.681191675379466,0.6340120557473483,107.60855232958654,-8.0,braking,emergency,emergency,41.312318938076885,14.753299117670394,0.0
w74,0.1,57,8352,436,route-95/lane-2,signal-amber,11.03274355788961,0.9372957960642907,64.93223960102219,-8.0,braking,emergency,emergency,25.288806864183414,11.251899600396863,0.0
w74,0.1,58,2352,97,route-95/lane-1,signal-amber,11.248806468197143,0.9777521934615265,64.70742167858555,-8.0,braking,emergency,emergency,30.888073930699136,13.136193497641944,0.0
w74,0.1,58,2701,117,route-77/lane-2,signal-amber,13.58466748217097,0.5210905030358504,177.07402987198273,-8.0,braking,emergency,emergency,51.69833786918639,12.833805212908185,0.39409435437163026
w74,0.1,58,3556,200,route-95/lane-1,signal-amber,10.935111535186877,0.9712691878592068,61.556912224580266,-8.0,braking,emergency,emergency,130.2324950391171,13.685269934083335,0.0
w74,0.1,58,4253,230,route-83/lane-2,signal-amber,9.742628762189417,0.09902100379048306,479.2862704092441,-8.0,braking,emergency,emergency,33.170535139456376,11.946443288563751,0.0
w74,0.1,58,4254,206,route-83/lane-1,signal-amber,10.099328465426835,0.12340323275236642,413.2648439496607,-8.0,braking,emergency,emergency,28.40565551405598,12.008695227090712,-0.00971098662885147
w74,0.1,58,4503,167,route-89/lane-1,signal-amber,10.114089843740842,0.026678260414428223,1917.1942206534995,-8.0,braking,emergency,emergency,24.022958555336174,12.102132344058509,0.39772874576122214
w74,0.1,58,5950,310,route-95/lane-1,signal-amber,12.768120462005026,0.4522507190033025,180.2373034271295,-8.0,braking,free,emergency,36.49690996273415,13.68609122865018,-0.01893887534042742
w74,0.1,58,6658,323,route-85/lane-1,signal-amber,8.024160818378704,0.3916679785542101,82.19609511719665,-8.0,braking,emergency,emergency,44.3984573288069,14.730872257766315,0.0
w74,0.1,58,8107,417,route-91/lane-1,signal-amber,6.825591168333773,0.28280779859846916,82.36812249895323,-8.0,braking,emergency,emergency,257.3595554485827,15.182781531554648,0.0
w74,0.1,58,8351,456,route-95/lane-1,signal-amber,10.628101529874838,0.7178994553009375,78.67156138318661,-8.0,braking,emergency,emergency,32.73510075653695,11.881030639703384,0.0
w74,0.1,59,314,3,route-77/lane-2,signal-amber,1.5686860186373799,0.06395949717108351,19.23698538847274,-8.0,braking,emergency,emergency,117.71740477381633,15.983804477206434,0.0
w74,0.1,59,653,27,route-83/lane-2,signal-amber,10.411812690910882,0.6522060824334517,83.10704732018056,-8.0,braking,emergency,emergency,,,
w74,0.1,59,1501,42,route-77/lane-2,signal-amber,14.135626278468408,0.1787272828443065,558.9967214423299,-8.0,braking,emergency,emergency,40.85487842443456,14.953469663009038,-0.024028320641954024
w74,0.1,59,1510,67,route-79/lane-1,signal-amber,3.5891986444452755,0.02284552817752683,281.9446066027088,-8.0,braking,emergency,emergency,,,
w74,0.1,59,2106,102,route-91/lane-1,signal-amber,6.60185694295447,0.15025920340553967,145.0310999506779,-8.0,braking,emergency,emergency,80.80839571468067,13.819465043363163,0.0
w74,0.1,59,3551,156,route-95/lane-1,signal-amber,11.581679882598962,0.9968427256599739,67.28007610939395,-8.0,braking,emergency,emergency,27.513754979741122,11.754790709544904,0.0
w74,0.1,59,4507,249,route-89/lane-1,signal-amber,7.907617741026912,0.03721758442236478,840.0655135026415,-8.0,braking,emergency,emergency,82.38408054184833,12.837855806234293,0.0
w74,0.1,59,4751,237,route-97/lane-1,signal-amber,12.471580513262921,0.6092286963830702,127.65347514178728,-8.0,braking,emergency,emergency,34.03096187976115,13.473235978423618,0.0
w74,0.1,59,5452,308,route-87/lane-2,signal-amber,12.56769536754582,0.9931312428050205,79.51968483305589,-8.0,braking,emergency,emergency,253.4378440223261,13.424284189123034,-0.1858246356885155
w74,0.1,59,5457,307,route-83/lane-2,signal-amber,7.41165268148755,0.4425903215529843,62.058062271053736,-8.0,braking,emergency,emergency,37.092037764840654,12.85277886536438,0.0
w74,0.1,59,5950,292,route-97/lane-1,signal-amber,13.650726280444854,1.1404712790914573,81.69531815482244,-8.0,braking,free,emergency,82.37529655637348,16.45405207810458,0.0
w74,0.1,59,6652,367,route-83/lane-2,signal-amber,12.339018805776721,0.08948044667937438,850.7522634238602,-8.0,braking,emergency,emergency,52.88415041088416,14.772637878269586,0.3994297972362706
w74,0.1,59,6902,387,route-89/lane-2,signal-amber,11.015723108633324,0.02172660181457786,2792.5709837573127,-8.0,braking,emergency,emergency,27.282621438847855,12.520088211187426,-0.23980090986849012
w74,0.1,59,7863,435,route-87/lane-2,signal-amber,5.459070544644447,0.40140939233464223,37.12101881582295,-8.0,braking,emergency,emergency,290.3256476824842,13.508468765582542,1.673726739254425
w74,0.1,59,8103,476,route-91/lane-1,signal-amber,10.196843813629178,0.3069214960523823,169.38472068082535,-8.0,braking,emergency,emergency,110.71113440457901,13.601764526865445,0.0
w74,0.1,60,5102,237,route-79/lane-1,signal-amber,5.815292314154107,0.007670650097054477,2204.351930486685,-8.0,braking,emergency,emergency,46.92727898165066,12.093427265468053,0.0
w74,0.1,60,5107,175,route-79/lane-1,leader,3.9661119789955563,0.26553846797457936,29.619143979240558,-8.0,braking,emergency,emergency,2.2655384679745794,0.0,-8.0
w74,0.1,60,5323,263,route-79/lane-1,leader,0.7433068789929882,0.049569805658535415,5.57300063030569,-3.013480845710118,braking,emergency,emergency,2.0495698056585354,0.2958636983731414,-0.021646166818558642
w74,0.1,60,5704,269,route-89/lane-2,signal-amber,9.72544760869425,0.6567738752799528,72.00677032802173,-8.0,braking,emergency,emergency,40.49932034722741,14.343485298962593,-0.026924624718657968
w74,0.1,60,5951,285,route-95/lane-1,signal-amber,11.714494149337389,0.20167867288864727,340.2178604443423,-8.0,braking,emergency,emergency,29.797253120261132,11.859255599749906,-0.009208775188658027
w74,0.1,60,6650,329,route-87/lane-2,signal-amber,12.244007600736804,0.4474579735705788,167.51933252034672,-8.0,braking,free,emergency,229.88701957180018,12.554258348157513,-0.38844996053200265
w74,0.1,60,7850,357,route-83/lane-1,signal-amber,11.514407190601341,1.0747659339072015,61.67927767722648,-8.0,braking,free,emergency,113.63519388334436,13.321626120716028,-0.02069477726006093
w74,0.1,61,653,22,route-83/lane-2,signal-amber,10.93180031145457,0.23225325913790584,257.27143397923163,-8.0,braking,emergency,emergency,92.56094253875978,14.343675771732816,0.0
w74,0.1,61,657,20,route-83/lane-1,signal-amber,6.268281733184119,0.16994875726334158,115.59765578540348,-8.0,braking,emergency,emergency,,,
w74,0.1,61,2101,104,route-91/lane-1,signal-amber,12.851152260895546,0.7799604842540475,105.87210363014212,-8.0,braking,emergency,emergency,162.72554662808807,14.48407987155486,0.0
w74,0.1,61,2354,123,route-95/lane-1,signal-amber,8.282941914224063,0.1487877844684249,230.55362709890102,-8.0,braking,emergency,emergency,199.4428430327767,11.500134480367414,0.0
w74,0.1,61,4252,240,route-83/lane-1,signal-amber,12.156410990352741,0.9070168400158423,81.46393851066082,-8.0,braking,emergency,emergency,47.91240749771646,14.026285715620034,0.0
w74,0.1,61,4508,241,route-89/lane-2,signal-amber,5.998672787464591,0.2183254939415633,82.40923806337445,-8.0,braking,emergency,emergency,39.64137644153783,15.059171974790905,0.3355293532059065
w74,0.1,61,4752,214,route-95/lane-1,signal-amber,11.616922692514413,1.008338627356693,66.918438499985,-8.0,braking,emergency,emergency,33.75421959540557,13.45944213111457,-0.024626412599612634
w74,0.1,61,4752,265,route-99/lane-2,signal-amber,13.542364893821068,0.7619495578960027,120.34631755927121,-8.0,braking,emergency,emergency,,,
w74,0.1,61,5950,292,route-95/lane-1,signal-amber,13.173342752871104,0.5160342486461786,168.1448079656512,-8.0,braking,free,emergency,75.17896897607068,13.732211833619512,0.32633564954746963
w74,0.1,61,6904,373,route-89/lane-2,signal-amber,8.676002360325532,0.824449539932175,45.65046938019195,-8.0,braking,emergency,emergency,34.579690228747324,11.388280863251225,-0.3140283523333954
w74,0.1,61,7150,386,route-97/lane-1,signal-amber,13.484059418365028,0.9842134374384273,92.36810405231503,-8.0,braking,free,emergency,64.14596549931639,11.573513574716635,0.0
w74,0.1,61,7865,441,route-87/lane-2,signal-amber,5.157831929759119,0.4141759543825856,32.11585551278594,-8.0,braking,emergency,emergency,180.50011568868877,15.948103258949706,0.0
w74,0.1,61,8033,465,route-79/lane-1,leader,3.4128910827261203,0.2976230006686791,19.568087003326237,-2.803096667475124,braking,emergency,emergency,2.297623000668679,2.4124983369198825,-0.329614901980142
w74,0.1,61,8102,414,route-89/lane-1,signal-amber,9.705598573428576,0.5116103904103966,92.06091728607763,-8.0,braking,emergency,emergency,68.22937439586605,12.960166440880858,0.0
w74,0.1,62,307,7,route-77/lane-1,signal-amber,10.336073754592796,0.32945305768498656,162.13906377298522,-8.0,braking,emergency,emergency,,,
w74,0.1,62,2350,115,route-95/lane-1,signal-amber,11.83754389416892,0.9592912150440043,73.03696898753942,-8.0,braking,free,emergency,51.70103542289189,12.613968597617932,0.0
w74,0.1,62,2703,135,route-85/lane-1,leader,0.8758636328818927,0.06556511450224889,5.8501926613637965,-2.3031418228917104,braking,emergency,emergency,2.065565114502249,0.464171982390906,-0.07186687387982019
w74,0.1,62,3560,175,route-95/lane-2,signal-amber,4.402680448743433,0.12085828082712169,80.19142338072139,-8.0,braking,emergency,emergency,45.515711577532386,15.08494349546263,-0.023156231784270443
w74,0.1,62,3902,113,route-77/lane-1,signal-amber,11.053064410076475,0.9959159591953153,61.33561357527139,-8.0,braking,emergency,emergency,32.11214336674118,12.14902088085655,0.0
w74,0.1,62,4758,253,route-95/lane-2,signal-amber,7.8280171406688135,0.5429827135123446,56.42707477575306,-8.0,braking,emergency,emergency,47.23330357523383,14.246525904834998,-0.032821428817529405
w74,0.1,62,6901,355,route-91/lane-1,signal-amber,12.364515113912198,0.9376916733807548,81.51999124134535,-8.0,braking,emergency,emergency,212.71784763066432,15.744488843684085,0.0
w74,0.1,62,8100,445,route-93/lane-2,signal-amber,14.368056567735039,0.6676105432841837,154.61188533518833,-8.0,braking,free,emergency,181.57805038725166,13.982055890816264,0.3898433481860223
w74,0.1,62,8706,415,route-81/lane-2,signal-amber,9.21547053486574,0.2749549236006601,154.43421791988376,-8.0,braking,emergency,emergency,41.03149013954322,15.017935998258181,0.0
w74,0.1,62,8715,363,route-77/lane-1,signal-amber,3.235514224067977,0.27574538519809266,18.9822801324956,-8.0,braking,emergency,emergency,77.82215312015177,13.276831646119245,0.0
w74,0.1,63,1852,71,route-83/lane-1,signal-amber,11.495858273427,0.9395746087470229,70.3269097591707,-8.0,braking,emergency,emergency,37.46022804637602,13.536080128064132,-0.032088437714939765
w74,0.1,63,3304,133,route-89/lane-1,signal-amber,8.92103068401571,0.39803018523338096,99.97330782649821,-8.0,braking,emergency,emergency,26.560892640488817,11.969395894161426,0.0
w74,0.1,63,3911,188,route-77/lane-2,signal-amber,4.85101129761431,0.05210665252786839,225.8090806830836,-8.0,braking,emergency,emergency,49.63886800756575,12.714325356736428,0.2926939307061454
w74,0.1,63,5101,244,route-77/lane-2,signal-amber,10.977554234840667,0.8822636529602619,68.29403918802038,-8.0,braking,emergency,emergency,27.452046435565023,11.634480840922333,0.0
w74,0.1,63,5114,233,route-77/lane-1,signal-amber,6.734306719426865,0.3578962779926087,63.357583998476805,-8.0,braking,emergency,emergency,35.8503671586966,14.949117589423823,-0.10272914142976002
w74,0.1,63,5705,245,route-89/lane-1,signal-amber,8.633820683579184,0.6350851571923499,58.687294728904156,-8.0,braking,emergency,emergency,32.52932714145197,12.242504492807202,0.0
w74,0.1,63,6654,319,route-85/lane-1,signal-amber,10.926090098912825,0.767782191860249,77.74304100510462,-8.0,braking,emergency,emergency,89.82052403156518,16.010868378761227,0.0
w74,0.1,63,6762,386,route-85/lane-1,leader,4.540295508697176,0.43811384656163455,23.52617187071226,-1.3962341021229756,braking,emergency,emergency,2.4381138465616345,4.332107172951373,-0.7880506678957366
w74,0.1,64,1503,60,route-77/lane-2,signal-amber,11.694052327177486,0.8545377331360555,80.01452395139135,-8.0,braking,emergency,emergency,67.38586112854625,15.605932609002565,0.06379076218891584
w74,0.1,64,1853,76,route-83/lane-2,signal-amber,7.664911064840562,0.33156959243183337,88.59506868681534,-8.0,braking,emergency,emergency,25.650902490307487,12.044182115481235,0.0
w74,0.1,64,1854,80,route-85/lane-1,signal-amber,9.750151754762044,0.9116430721064148,52.13962687240852,-8.0,braking,emergency,emergency,287.8711762311464,14.286483241935612,1.620878168861217
w74,0.1,64,2700,129,route-77/lane-2,signal-amber,13.58139544963371,0.8531485478341665,108.10210181309782,-8.0,braking,free,emergency,88.86660976035512,12.995936612724327,0.0
w74,0.1,64,5706,279,route-89/lane-1,signal-amber,7.813674613192094,0.6890172423175045,44.304777305346946,-8.0,braking,emergency,emergency,39.71432254635448,15.431120628337377,0.0
w74,0.1,65,902,29,route-91/lane-1,signal-amber,11.358147478665664,0.8194298168785394,78.71785447016595,-8.0,braking,emergency,emergency,148.6941846760842,13.63486532303039,0.0
w74,0.1,65,2355,118,route-95/lane-1,signal-amber,9.338196870251556,0.5388691085521486,80.91196860576491,-8.0,braking,emergency,emergency,105.65089308959944,12.956604684232735,0.0
w74,0.1,65,3552,174,route-95/lane-1,signal-amber,10.660648437599816,0.9613879044057398,59.106955990022165,-8.0,braking,emergency,emergency,26.97277793020487,11.567384824841282,0.0
w74,0.1,65,3905,153,route-77/lane-1,signal-amber,10.89240172174991,0.8994465987568674,65.95411858356006,-8.0,braking,emergency,emergency,33.07679753546006,14.3321145751308,-0.019059804165477274
w74,0.1,65,4798,289,route-79/lane-1,leader,2.20674061198558,0.19294150509182373,12.619638595306197,-1.3242385387687436,braking,emergency,emergency,2.1929415050918237,1.8816734920190974,-0.18977139847084454
w74,0.1,65,5450,334,route-87/lane-2,signal-amber,14.754881485006774,1.3101090514106204,83.08717789644562,-8.0,braking,free,emergency,272.9477040738132,11.333430546610616,0.0
w74,0.1,65,5954,255,route-97/lane-1,signal-amber,9.497871674080377,0.2288049428825616,197.13203132941086,-8.0,braking,emergency,emergency,173.94572750720198,15.821339844656178,0.0
w74,0.1,65,5955,367,route-95/lane-2,signal-amber,9.539523861149812,0.35692846560834823,127.48004749683118,-8.0,braking,emergency,emergency,25.784402659722844,11.282541798916645,0.32302784391630224
w74,0.1,65,6666,349,route-85/lane-1,signal-amber,4.564562859198827,0.18520997797719474,56.24760156859059,-8.0,braking,emergency,emergency,36.731208842964975,14.161207508840599,0.0
w74,0.1,65,7155,294,route-95/lane-1,signal-amber,8.165376280727177,0.2942200761812046,113.30526908843417,-8.0,braking,emergency,emergency,34.36118633059505,11.764244611994362,0.0
w74,0.1,65,7502,458,route-81/lane-2,signal-amber,10.296238206005654,0.22324539507610552,237.43495618055258,-8.0,braking,emergency,emergency,94.92253454404869,16.41210124669131,0.0
w74,0.1,65,7518,460,route-77/lane-2,signal-amber,1.9525028793467205,0.010193013368109405,187.00394849792744,-8.0,braking,emergency,emergency,98.90111020777107,12.378786629675888,0.0
w74,0.1,65,8356,366,route-95/lane-1,signal-amber,6.846369402413254,0.4727550818203099,49.57405620455747,-8.0,braking,emergency,emergency,43.582400150889214,15.661316932854245,0.0
w74,0.1,66,2105,86,route-89/lane-1,signal-amber,7.608373885562323,0.6047239267375062,47.862628402029486,-8.0,braking,emergency,emergency,28.091202853654465,11.122671849769539,0.0
w74,0.1,66,6653,342,route-83/lane-1,signal-amber,8.94260913868913,0.06916193696918072,578.1377858387767,-8.0,braking,emergency,emergency,33.00160716792249,11.223385871523059,0.0
w74,0.1,66,7505,359,route-79/lane-1,signal-amber,8.196071038753722,0.29508420132401625,113.82442735139111,-8.0,braking,emergency,emergency,226.61097238162358,11.654918861233133,-0.39339157207046516
w74,0.1,66,8101,413,route-89/lane-1,signal-amber,11.194828221437753,0.4503030676295907,139.1553688132856,-8.0,braking,emergency,emergency,31.173104102524064,11.332722676196136,0.0
w74,0.1,67,658,30,route-83/lane-1,signal-amber,6.199033149959852,0.2686529441265293,71.51980433202039,-8.0,braking,emergency,emergency,21.098079688428754,11.568714938325147,0.21227763821787862
w74,0.1,67,1876,101,route-83/lane-2,signal-amber,1.48177713209298,0.021154186705985012,51.896664705443214,-8.0,braking,emergency,emergency,119.86788775007,12.030322650377638,0.3350776039658492
w74,0.1,67,2701,149,route-77/lane-2,signal-amber,10.65382946746325,0.2829674935994717,200.56028499593035,-8.0,braking,emergency,emergency,15.248158292640085,11.43996614628937,0.0
w74,0.1,67,3057,170,route-83/lane-2,signal-amber,9.060362720037807,0.5687814586737545,72.16319323247905,-8.0,braking,emergency,emergency,247.60253194640387,15.034880666774699,0.0
w74,0.1,67,3555,165,route-95/lane-1,signal-amber,8.942619311942016,0.2454545117670932,162.90277082826782,-8.0,braking,emergency,emergency,31.975248339046686,12.905708648613905,-0.008836634042673843
w74,0.1,67,3564,203,route-95/lane-2,signal-amber,3.3087362903123694,0.1150092200229551,47.59503558342958,-8.0,braking,emergency,emergency,203.0627456507848,15.045799097320998,0.0
w74,0.1,67,4257,218,route-83/lane-2,signal-amber,10.53182452495675,0.32744937162067345,169.36866801041313,-8.0,braking,emergency,emergency,113.51159024289854,14.11237354437355,0.0
w74,0.1,67,7154,343,route-95/lane-1,signal-amber,9.803122279812149,0.9053851130950079,53.07200496396102,-8.0,braking,emergency,emergency,38.69857987077421,14.79803548369091,0.20727243943043916
w74,0.1,67,7860,317,route-83/lane-1,signal-amber,4.761818906187689,0.3245149762457231,34.936629978761054,-8.0,braking,emergency,emergency,33.95112584205509,14.560938351766533,-0.2194939500334916
w74,0.1,68,3304,159,route-89/lane-1,signal-amber,8.833401614115571,0.1786245704423095,218.41615597183662,-8.0,braking,emergency,emergency,177.41570970170682,13.40771638301069,-0.2114872461969023
w74,0.1,68,4507,188,route-89/lane-1,signal-amber,6.471622938701014,0.4045447867468397,51.764235793910316,-8.0,braking,emergency,emergency,35.95571662457144,12.102658884880462,-0.011456716449809237
w74,0.1,68,5702,288,route-89/lane-2,signal-amber,14.599362886959366,0.050750169517357335,2099.908224269368,-8.0,braking,emergency,emergency,64.998240405763,12.80989510027226,0.0
w74,0.1,68,6902,340,route-89/lane-1,signal-amber,11.434436304499394,0.9256362939439668,70.62511185930684,-8.0,braking,emergency,emergency,35.7017376351688,15.15889616186265,0.0
w74,0.1,68,6903,357,route-89/lane-2,signal-amber,9.281134202093815,0.6790833287976739,63.42332996878797,-8.0,braking,emergency,emergency,32.809691343684165,13.259914664624414,-0.021112128820318172
w74,0.1,68,8103,415,route-89/lane-1,signal-amber,9.623325537103225,0.45392000326734205,102.00959830637841,-8.0,braking,emergency,emergency,33.92372226997264,12.883973861994667,0.20796351449956596
w74,0.1,68,8702,331,route-77/lane-1,signal-amber,12.310875094807706,0.9020505404372443,84.00729161278103,-8.0,braking,emergency,emergency,103.78378668067131,14.026070083186399,0.31140971929936795
w74,0.1,69,4504,200,route-89/lane-1,signal-amber,9.29072936858516,0.4054367594978885,106.4502048447587,-8.0,braking,emergency,emergency,59.37687966435027,11.124652747218496,0.0
w74,0.1,69,5451,262,route-83/lane-2,signal-amber,10.422911792150698,0.4944200474880063,109.8631525753306,-8.0,braking,emergency,emergency,44.20377914910364,13.851431052363479,0.3092695288752042
w74,0.1,69,6304,331,route-77/lane-2,signal-amber,8.700236831791369,0.6351393812570905,59.5885904440712,-8.0,braking,emergency,emergency,35.444794306714414,11.426018073019831,-0.2908610795048615
w74,0.1,69,7500,245,route-77/lane-1,signal-amber,10.62021412464486,0.03100100029996611,1819.117882680539,-8.0,braking,free,emergency,26.61540910408172,12.160332387625239,0.0
w74,0.1,69,8702,302,route-79/lane-1,signal-amber,8.873755129156606,0.5580759849426613,70.54911178477208,-8.0,braking,emergency,emergency,28.14812864066971,10.10186702520858,0.07238486707526536
w74,0.1,70,2701,128,route-77/lane-2,signal-amber,11.751139663258636,0.8168189966639829,84.52869237210973,-8.0,braking,emergency,emergency,27.93305906577848,11.829274935773574,0.0
w74,0.1,70,3306,172,route-89/lane-2,signal-amber,7.859666497089443,0.37744500707373163,81.83226203519892,-8.0,braking,emergency,emergency,31.873716845470426,12.440858223016546,0.3066234976676581
w74,0.1,70,5103,255,route-77/lane-2,signal-amber,13.668680045851506,0.502716866055323,185.82310124373126,-8.0,braking,emergency,emergency,38.17064515356566,16.054455599891956,0.0
w74,0.1,70,6315,316,route-77/lane-2,signal-amber,1.8269449923972407,0.06728376553206772,24.803368084791416,-8.0,braking,emergency,emergency,46.42999952180196,13.879815920297988,0.0
w74,0.1,70,7153,382,route-95/lane-1,signal-amber,10.429794561699962,0.6386332493584632,85.16673279111392,-8.0,braking,emergency,emergency,58.53339656522729,11.129207097641192,0.0
w74,0.1,70,7507,363,route-77/lane-2,signal-amber,9.139833352756682,0.8266978876339977,50.52423319675121,-8.0,braking,emergency,emergency,68.51618571154984,11.662939048141922,-0.339901406693337
w74,0.1,70,7850,375,route-83/lane-1,signal-amber,14.899898782377132,0.805721675696816,137.76902770617673,-8.0,braking,free,emergency,75.21734667089856,14.893936084561945,-0.015571264560241606
w74,0.1,71,300,5,route-77/lane-2,signal-amber,16.041072954698468,0.15340067511863253,838.7056358746893,-8.0,braking,free,emergency,,,
w74,0.1,71,1504,93,route-77/lane-2,signal-amber,12.887381927235982,0.18212223762441226,455.97016351446933,-8.0,braking,emergency,emergency,60.7498129325154,11.838602897762321,0.0
w74,0.1,71,2103,105,route-91/lane-1,signal-amber,11.29031296181336,0.8713650265766546,73.14452777413429,-8.0,braking,emergency,emergency,,,
w74,0.1,71,3053,160,route-87/lane-2,signal-amber,13.441326754380421,1.0502085033834305,86.01590271644405,-8.0,braking,emergency,emergency,35.17284309537132,15.47126103358809,0.0
w74,0.1,71,7853,383,route-87/lane-2,signal-amber,11.946857163230888,0.45599340489707174,156.5016012795822,-8.0,braking,emergency,emergency,34.824986187075865,13.832508650249803,0.0
w74,0.1,71,8104,407,route-91/lane-1,signal-amber,9.277273043349922,0.8773618537920811,49.0492005942987,-8.0,braking,emergency,emergency,,,
w74,0.1,72,300,3,route-77/lane-1,signal-amber,15.11246391690802,0.6995721915366175,163.23302184024314,-8.0,braking,free,emergency,,,
w74,0.1,72,1871,79,route-87/lane-2,signal-amber,4.844348990358679,0.0878003019611242,133.64257648441844,-8.0,braking,emergency,emergency,27.41686449999736,14.868357732031182,0.20027921581544827
w74,0.1,72,2110,97,route-89/lane-2,signal-amber,4.490665804161687,0.3941286332976688,25.58311888676779,-8.0,braking,emergency,emergency,205.60286874785504,12.85909944546393,-0.3024389370382222
w74,0.1,72,6303,231,route-77/lane-1,signal-amber,10.141909727877936,0.5431276993902543,94.69074496099135,-8.0,braking,emergency,emergency,33.41801648855994,16.65239601985086,0.0
w74,0.1,72,6663,316,route-83/lane-1,signal-amber,3.9649171205749703,0.32202169680510906,24.409174799396773,-8.0,braking,emergency,emergency,111.57776783017715,13.113766062869335,0.10564660935453908
w74,0.1,72,7504,278,route-79/lane-1,signal-amber,8.378754883580838,0.22280947797719364,157.54162263760531,-8.0,braking,emergency,emergency,31.423598674190657,11.675962885036133,0.0
w74,0.1,72,8102,399,route-89/lane-1,signal-amber,11.407078957659788,0.40630921381045937,160.1261378322884,-8.0,braking,emergency,emergency,40.488692997641294,14.574035391042004,-0.3155514765023932
w74,0.1,73,2101,102,route-91/lane-1,signal-amber,12.396511393872224,0.05775984418295366,1330.2796857592343,-8.0,braking,emergency,emergency,41.34278511285254,15.197501881509089,0.0
w74,0.1,73,2105,109,route-89/lane-2,signal-amber,8.284023367832411,0.2961818233916347,115.84951833464147,-8.0,braking,emergency,emergency,83.50383533612018,12.74683858893346,0.0
w74,0.1,73,2353,100,route-97/lane-1,signal-amber,10.49560593873728,0.15533807085819262,354.574198754598,-8.0,braking,emergency,emergency,33.82207185294999,12.639963035709226,0.0
w74,0.1,73,2704,145,route-81/lane-2,signal-amber,8.232256774115372,0.32460989117788586,104.38691709155363,-8.0,braking,emergency,emergency,99.35846141063229,13.676132679604926,0.0
w74,0.1,73,2716,146,route-77/lane-2,signal-amber,2.2199960489617627,0.010336838815646843,238.3892476849769,-8.0,braking,emergency,emergency,89.28223080723672,15.457129987791467,-0.01466464410296113
w74,0.1,73,3551,136,route-97/lane-1,signal-amber,10.532871977896429,0.43077438511392074,128.76971790397513,-8.0,braking,emergency,emergency,43.98968814190499,15.65497818037402,0.0
w74,0.1,73,4281,254,route-85/lane-1,leader,9.256076943638066,0.8862503605602399,48.33564204836492,-1.5285208376041752,braking,emergency,emergency,2.88625036056024,8.466461242060602,-0.5300128450202577
w74,0.1,73,4500,222,route-89/lane-1,signal-amber,12.04836556253489,0.9458710977340843,76.73514555853721,-8.0,braking,free,emergency,80.24378499595213,14.471015700857777,0.21004245171805314
w74,0.1,73,5113,258,route-77/lane-1,signal-amber,4.7672878670925245,0.2465597950171059,46.08827973382852,-8.0,braking,emergency,emergency,158.3120260899246,14.81212929575431,0.29008051522661943
w74,0.1,73,5450,261,route-83/lane-1,signal-amber,11.339179131989367,0.29865071784342945,215.26314136427231,-8.0,braking,free,emergency,35.815468375071816,12.171443820898421,0.0
w74,0.1,73,5958,290,route-95/lane-1,signal-amber,6.300525633687898,0.025034901071308013,792.8256466380403,-8.0,braking,emergency,emergency,35.96836958074903,12.760492200427688,0.0
w74,0.1,73,6554,376,route-85/lane-1,leader,2.127061419783534,0.1539727342843804,14.6921800946108,-2.86636697710819,braking,emergency,emergency,2.1539727342843804,1.3825736876206882,-0.20918935063160315
w74,0.1,73,8354,443,route-97/lane-1,signal-amber,9.745904024339435,0.6892363361554885,68.90426423354437,-8.0,braking,emergency,emergency,149.86799739830423,13.336300122975372,0.0
w74,0.1,74,2104,83,route-89/lane-1,signal-amber,8.9902818359388,0.4792382074523971,84.32671501639352,-8.0,braking,emergency,emergency,34.33134248514182,13.337666834457778,0.0
w74,0.1,74,4751,223,route-95/lane-2,signal-amber,13.376176893026567,1.0821234732775906,82.67176190698899,-8.0,braking,emergency,emergency,36.1251435922257,13.836945842360148,0.0
w74,0.1,74,4758,222,route-97/lane-1,signal-amber,7.038376431479115,0.1546206104001726,160.19450014778036,-8.0,braking,emergency,emergency,73.29575240559933,12.80665307906922,0.0
w74,0.1,74,5705,239,route-91/lane-1,signal-amber,7.937168539869597,0.5322541686714999,59.18097794098968,-8.0,braking,emergency,emergency,228.13079864205957,16.338450835221447,0.0
w74,0.1,74,6658,328,route-83/lane-2,signal-amber,5.955414297194216,0.4175951839648633,42.46571897032401,-8.0,braking,emergency,emergency,88.1567996772763,11.66803133137471,-0.009027574685099769
w74,0.1,74,6905,277,route-89/lane-1,signal-amber,7.810610614653814,0.6537765689323578,46.65633572136684,-8.0,braking,emergency,emergency,36.3499412068395,11.647661112225615,0.0
w74,0.1,74,8102,353,route-91/lane-1,signal-amber,11.641060700805609,0.8375826247983014,80.89607534090982,-8.0,braking,emergency,emergency,71.56208298183083,13.654015173315788,-0.007137720603624178
w74,0.1,74,8701,419,route-77/lane-2,signal-amber,12.693493464805433,0.09923923861612138,811.799740646557,-8.0,braking,emergency,emergency,33.317796423498464,12.48233670021873,0.0
w74,0.1,74,8763,448,route-85/lane-1,leader,6.023779282766821,0.555299621234866,32.67237673132096,-2.0234295379111766,braking,emergency,emergency,2.555299621234866,5.1575683701026,-0.8427228187068904
w74,0.1,75,1153,34,route-95/lane-1,signal-amber,10.39101968083996,0.6035513892767881,89.4482987910802,-8.0,braking,emergency,emergency,67.58792149796534,13.373009690833278,0.0
w74,0.1,75,1855,96,route-87/lane-2,signal-amber,11.918675689543594,0.24558061175446255,289.22240476896303,-8.0,braking,emergency,emergency,,,
w74,0.1,75,2350,82,route-95/lane-1,signal-amber,13.344986172574572,0.5931609159303548,150.11833312287604,-8.0,braking,free,emergency,148.77828091615368,12.997243192174384,-0.20663941920516846
w74,0.1,75,3052,164,route-83/lane-2,signal-amber,12.687323717377147,0.34702733810814834,231.92435499037862,-8.0,braking,emergency,emergency,60.05560804635371,13.115728866683867,-0.3881107866877594
w74,0.1,75,3054,151,route-83/lane-1,signal-amber,11.780539374278892,0.324997997265541,213.51071255301244,-8.0,braking,emergency,emergency,39.802758355939886,13.23849404737819,0.0
w74,0.1,75,5700,300,route-89/lane-1,signal-amber,13.312246393754034,1.2417524649329152,71.35717828335103,-8.0,braking,free,emergency,35.95472841007535,14.138497932110914,0.0
w74,0.1,75,6900,329,route-89/lane-1,signal-amber,12.784886151528918,0.4385806742714635,186.34349789701972,-8.0,braking,free,emergency,27.835695388699833,12.960666953176453,0.3548638035982047
w74,0.1,75,7502,400,route-77/lane-2,signal-amber,13.606743811066263,1.0014459885730957,92.43807417102474,-8.0,braking,emergency,emergency,38.75110819613701,15.906721504018645,0.0
w74,0.1,75,8700,459,route-77/lane-2,signal-amber,12.541182206370868,0.4103767521033319,191.63031327587268,-8.0,braking,free,emergency,150.0715021222992,12.904094941471703,0.0
w74,0.1,76,902,21,route-89/lane-1,signal-amber,9.652439997675827,0.47445287249581725,98.18635665395145,-8.0,braking,emergency,emergency,70.35678506589318,12.250597493894078,-0.019492168749852795
w74,0.1,76,1858,93,route-83/lane-1,signal-amber,8.556235304228036,0.24555433741642219,149.0691700899724,-8.0,braking,emergency,emergency,36.83404801955129,13.889649866863403,-0.15468531657291912
w74,0.1,76,1863,107,route-83/lane-2,signal-amber,3.955488855163564,0.16091422133729338,48.61562872845061,-8.0,braking,emergency,emergency,93.74801706231858,13.416451884829439,0.0
w74,0.1,76,3051,144,route-85/lane-1,signal-amber,10.54222117549274,0.3768629225567679,147.45205837576984,-8.0,braking,emergency,emergency,33.72282042868278,12.414950533435407,-0.04314062395102408
w74,0.1,76,4510,248,route-89/lane-1,signal-amber,4.579085986241284,0.19710731040601104,53.18937290098568,-8.0,braking,emergency,emergency,34.2870497590431,12.573769139430516,-0.2210384366864728
w74,0.1,76,8105,394,route-89/lane-1,signal-amber,8.6875883418113,0.4517209997625855,83.54071565904967,-8.0,braking,emergency,emergency,37.49579120017853,14.328534070248717,0.0
w74,0.1,77,1822,110,route-79/lane-1,leader,6.221720025887259,0.6047940894646899,32.002462288271566,-1.599240236320946,braking,emergency,emergency,2.60479408946469,5.703087520661686,-0.9011089954011682
w74,0.1,77,3904,203,route-77/lane-2,signal-amber,9.001398114669133,0.30639478362968475,132.22347825069008,-8.0,braking,emergency,emergency,49.27587809583065,13.963046627766452,0.0
w74,0.1,77,5162,278,route-79/lane-1,leader,6.439343641037168,0.5738513314903742,36.12882313932678,-1.1937864326685013,braking,emergency,emergency,2.573851331490374,5.749529446554838,0.29793001443725264
w74,0.1,77,5451,292,route-85/lane-1,signal-amber,15.59327416641208,0.5969260092594482,203.6686251370992,-8.0,braking,emergency,emergency,40.715882413741326,15.971653473949992,0.0
w74,0.1,77,5961,311,route-95/lane-1,signal-amber,3.476092539786791,0.28532397514175045,21.174560145459868,-8.0,braking,emergency,emergency,37.10027733898056,13.24257085553836,0.0
w74,0.1,78,6300,277,route-77/lane-1,signal-amber,11.746239887424744,1.0687424386689486,64.54976732502838,-8.0,braking,free,emergency,35.23094649450775,13.378338227014206,0.16795176625036728
w74,0.1,78,6653,346,route-87/lane-2,signal-amber,10.185815038518271,0.7917741679804067,65.51794198056761,-8.0,braking,emergency,emergency,26.61672791236367,11.63831201171968,0.0
w74,0.1,78,8708,356,route-77/lane-1,signal-amber,5.545093977107335,0.3547008544839514,43.34366104035317,-8.0,braking,emergency,emergency,29.361144217398532,11.136221520188265,0.0
w74,0.1,79,2356,83,route-95/lane-2,signal-amber,8.80375006135087,0.5460387589912443,70.97116630138177,-8.0,braking,emergency,emergency,38.75696381730813,13.328076013862155,0.0
w74,0.1,79,3303,152,route-89/lane-1,signal-amber,10.816847574126047,0.45131420741876127,129.62608922846493,-8.0,braking,emergency,emergency,37.91118928106954,12.183224585892868,0.38376670698018794
w74,0.1,79,3557,150,route-95/lane-1,signal-amber,6.815230577676553,0.5960570308743058,38.96218433894468,-8.0,braking,emergency,emergency,41.237716765772575,14.861976765408182,0.0
w74,0.1,79,4501,188,route-91/lane-1,signal-amber,12.687754146451843,0.4462162012347335,180.38240749143299,-8.0,braking,emergency,emergency,60.71522711131598,11.846332900994456,0.0
w74,0.1,79,4505,185,route-89/lane-2,signal-amber,8.404867014759217,0.6422251419030545,54.997682998255364,-8.0,braking,emergency,emergency,31.427659532311907,14.249268035935584,0.22721286945922847
w74,0.1,79,5701,244,route-89/lane-2,signal-amber,11.912561998511665,0.8328133951828818,85.19863764752587,-8.0,braking,emergency,emergency,34.617179280918435,14.00170324800288,0.2213772879927155
w74,0.1,79,6300,281,route-77/lane-1,signal-amber,11.127688729693181,0.5786540088213883,106.99438228826092,-8.0,braking,free,emergency,49.942038954685984,16.17132846652996,0.0
w74,0.1,79,6900,302,route-89/lane-2,signal-amber,13.373189243754613,0.4903345596053441,182.36751524634417,-8.0,braking,free,emergency,35.633540637731244,13.533267783894289,-0.09369539932167395
w74,0.1,79,8104,376,route-89/lane-2,signal-amber,8.007791762533595,0.3112351560533284,103.01652571201416,-8.0,braking,emergency,emergency,40.01343696384288,13.388915725302127,-0.018385108088582233
w74,0.1,79,8110,406,route-91/lane-1,signal-amber,3.808609224172436,0.2418964223779767,29.982882921239945,-8.0,braking,emergency,emergency,32.207518339528235,12.210549817490392,0.0
w74,0.1,80,2109,97,route-91/lane-1,signal-amber,5.210329919315688,0.1061973855588576,127.81641339499028,-8.0,braking,emergency,emergency,39.95698650760761,14.690308390888386,0.0
w74,0.1,80,2352,90,route-97/lane-1,signal-amber,10.474402299977836,0.1707097154311441,321.34405257688405,-8.0,braking,emergency,emergency,27.34051824166403,11.287953979079612,0.0
w74,0.1,80,4751,204,route-95/lane-1,signal-amber,11.584400700866244,0.2793062286926329,240.23513586929542,-8.0,braking,emergency,emergency,37.20000989477211,14.123699896101495,-0.26068033696338755
w74,0.1,80,5706,217,route-89/lane-1,signal-amber,6.53091460220981,0.10040643320752451,212.40095967357246,-8.0,braking,emergency,emergency,42.88367720106322,15.815191164067947,0.0
w74,0.1,80,5950,301,route-95/lane-2,signal-amber,15.911962744272316,0.2861479714384245,442.41194005737276,-8.0,braking,free,emergency,185.68407937000364,12.855264912144854,-0.2828099775723885
w74,0.1,80,5957,251,route-95/lane-1,signal-amber,6.930145398057062,0.4398796838190151,54.59096771785869,-8.0,braking,emergency,emergency,71.49881636970656,13.360393910043612,0.23164831438800426
w74,0.1,80,6664,332,route-83/lane-2,signal-amber,3.3089326070575016,0.11182888875134722,48.9544120499742,-8.0,braking,emergency,emergency,181.71183847926545,12.064403978684298,-0.2771674585336419
w74,0.1,80,6907,314,route-91/lane-1,signal-amber,5.737109082271343,0.29983641819427476,54.88729624657186,-8.0,braking,emergency,emergency,34.04576548507936,11.78391542946454,0.0
w74,0.1,80,7151,309,route-97/lane-1,signal-amber,12.455154432531147,0.4905154872760136,158.1304525160772,-8.0,braking,emergency,emergency,41.052408898802014,16.631417260351594,0.0
w74,0.1,80,8355,375,route-95/lane-1,signal-amber,8.508310156431977,0.2084154104092022,173.67079904482728,-8.0,braking,emergency,emergency,64.82685880247851,11.581290286188013,0.0
w74,0.1,81,2108,87,route-89/lane-1,signal-amber,4.987996178134342,0.0888205038926344,140.05834679320046,-8.0,braking,emergency,emergency,89.15173117611249,14.676099897525274,0.0
w74,0.1,81,2700,125,route-77/lane-1,signal-amber,13.870857577496208,0.9494640890611663,101.32067771274556,-8.0,braking,free,emergency,86.03414410067728,14.412747664253432,-0.22629529592700395
w74,0.1,81,3051,136,route-83/lane-2,signal-amber,11.636985132019035,0.5160960183824272,131.19595786387782,-8.0,braking,emergency,emergency,36.642093730785575,14.171765084224754,0.0
w74,0.1,81,3053,105,route-83/lane-1,signal-amber,11.623682493356874,0.3097088483457924,218.1242083137381,-8.0,braking,emergency,emergency,32.69250296589439,12.975740103931166,0.0
w74,0.1,81,3901,198,route-77/lane-1,signal-amber,10.396049588662509,0.736399192862109,73.38264904247902,-8.0,braking,emergency,emergency,37.87498181314095,12.124649603595026,0.0
w74,0.1,81,4250,160,route-85/lane-1,signal-amber,15.787852549818346,1.528234738996332,81.55039333110066,-8.0,braking,free,emergency,,,
w74,0.1,81,5102,237,route-81/lane-2,signal-amber,12.697343519511632,0.28224299438505795,285.6094494103398,-8.0,braking,emergency,emergency,,,
w74,0.1,81,5700,280,route-91/lane-1,signal-amber,13.04147743337322,1.052464657522819,80.80087650900306,-8.0,braking,free,emergency,31.94103451251749,14.029449582952076,0.0
w74,0.1,81,6650,268,route-85/lane-1,signal-amber,11.670575640271418,0.007688273429039327,8857.797334629622,-8.0,braking,free,emergency,125.75955044131189,13.95109103637282,0.0
w74,0.1,81,7154,383,route-95/lane-1,signal-amber,8.820439670593474,0.10114914320911339,384.5813889977144,-8.0,braking,emergency,emergency,31.074914902878163,11.888904372938718,0.30864886102267
w74,0.1,81,7157,389,route-95/lane-2,signal-amber,6.268354658414608,0.5571812501410136,35.25986392553937,-8.0,braking,emergency,emergency,38.791097745901595,13.648224764917977,0.0
w74,0.1,81,8107,384,route-89/lane-1,signal-amber,7.081949986930136,0.16085803856907432,155.89527282418973,-8.0,braking,emergency,emergency,46.01687843757031,14.830041954158288,-0.2721710496442153
w74,0.1,81,8717,490,route-77/lane-1,signal-amber,3.872504672142677,0.23086553566298562,32.4784130136649,-8.0,braking,emergency,emergency,117.52842985521522,14.11308762460122,-0.1226946000790038
w74,0.25,42,2040,252,route-77/lane-2,signal-amber,14.563229069027122,1.9636022330279275,54.004736129758754,-8.0,braking,approaching,emergency,43.00494411907857,11.469937218572012,0.0
w74,0.25,42,2385,314,route-95/lane-1,signal-amber,2.32411635052849,0.19673140273306444,13.728151011363778,-8.0,braking,emergency,emergency,89.3329443747869,14.133786045429297,0.0
w74,0.25,42,2526,313,route-81/lane-2,signal-amber,5.181284318142572,0.8589956857471748,15.626217704504011,-8.0,braking,emergency,emergency,,,
w74,0.25,42,2863,365,route-95/lane-1,signal-amber,6.288174330485596,0.13899894524331557,142.2353829425173,-8.0,braking,emergency,emergency,35.20849231930117,12.14670982175041,0.0
w74,0.25,42,3001,383,route-79/lane-1,signal-amber,5.288397954623857,1.0117906900331946,13.820621795577233,-8.0,braking,emergency,emergency,20.931826115612978,11.776754223094322,0.0
w74,0.25,43,269,32,route-85/lane-1,signal-amber,1.7005741731962196,0.12779431058322643,11.314871942826489,-8.0,braking,emergency,emergency,138.818890812478,16.31385088163894,0.0
w74,0.25,43,370,48,route-89/lane-1,signal-amber,1.4999095472088086,0.05336249361414502,21.079680665558215,-8.0,braking,emergency,emergency,107.0368298692905,13.327915380419466,-0.3775702030198721
w74,0.25,43,940,127,route-95/lane-1,signal-amber,11.775472922665067,1.0599134510127328,65.41183264535833,-8.0,braking,free,emergency,31.29182991817885,16.112490853947,-0.03048978734929462
w74,0.25,43,1220,142,route-83/lane-1,signal-amber,13.074829767001315,1.5096138165770867,56.62082963167363,-8.0,braking,approaching,emergency,30.03397241094342,12.336170282554813,0.0
w74,0.25,43,1221,165,route-83/lane-2,signal-amber,10.959933884828352,1.278869800727307,46.9634010794121,-8.0,braking,emergency,emergency,26.588789812801167,12.836216639732012,0.0
w74,0.25,43,1804,206,route-89/lane-1,signal-amber,3.803144017090089,0.4837561755093134,14.949581159868497,-8.0,braking,emergency,emergency,85.24946727182669,14.013261661441065,0.0
w74,0.25,43,2041,275,route-79/lane-1,signal-amber,10.779410361478416,0.6696322472383827,86.76082149593945,-8.0,braking,emergency,emergency,38.3008208816031,11.506566502780139,-0.31683440089999404
w74,0.25,43,3291,457,route-85/lane-1,leader,1.1925531856217264,0.25847402129014796,2.751114199867822,-1.2232694209394928,braking,emergency,emergency,2.258474021290148,0.7760958797822312,0.09689525448288192
w74,0.25,44,942,122,route-95/lane-1,signal-amber,8.745106375561107,0.6180982994453643,61.864662617988294,-8.0,braking,emergency,emergency,31.626543114079197,11.93917902528774,0.0
w74,0.25,44,1222,164,route-83/lane-2,signal-amber,9.202983030467294,1.0511380514647612,40.28723750464871,-8.0,braking,emergency,emergency,142.99104175520336,11.475216686544009,0.0
w74,0.25,44,1421,161,route-97/lane-1,signal-amber,10.61751944751469,2.0837137903394023,27.050672635801515,-8.0,braking,emergency,emergency,130.2585864708921,16.524114870638588,0.0
w74,0.25,44,2380,312,route-95/lane-1,signal-amber,12.088119970099068,1.6233063449491851,45.007722931090385,-8.0,braking,free,emergency,33.540963803961176,14.252444801664225,-0.01546135882321099
w74,0.25,44,2521,300,route-77/lane-1,signal-amber,9.116699155201204,0.6741093181094016,61.64742220115529,-8.0,braking,emergency,emergency,43.09753225763387,12.713431396246888,0.0
w74,0.25,44,3141,393,route-83/lane-1,signal-amber,10.544899453907274,0.5028886891064417,110.5561796295227,-8.0,braking,emergency,emergency,94.0379903340376,16.212139071128334,0.0
w74,0.25,44,3240,414,route-89/lane-1,signal-amber,11.65232331970241,1.7468273644136048,38.86378285368219,-8.0,braking,free,emergency,39.40166234853302,15.458559813979083,0.0
w74,0.25,44,3240,450,route-89/lane-2,signal-amber,13.268348260453768,1.0744425984560166,81.92576588720075,-8.0,braking,free,emergency,35.005121539147524,14.056835478415914,-0.07392976367143414
w74,0.25,45,463,60,route-95/lane-2,signal-amber,8.329115068134852,0.12424717739366997,279.1780033699399,-8.0,braking,emergency,emergency,204.71032587808202,13.369949703733436,0.0
w74,0.25,45,603,90,route-77/lane-2,signal-amber,9.816853114445696,0.445297991315897,108.20911720915028,-8.0,braking,emergency,emergency,129.80820528762916,12.359233230065138,0.22838453891354554
w74,0.25,45,842,106,route-89/lane-1,signal-amber,8.64996669927924,0.699436830353136,53.48726336076928,-8.0,braking,emergency,emergency,70.82006209243849,13.659701835378073,0.0
w74,0.25,45,842,126,route-89/lane-2,signal-amber,9.506569175988236,0.6578029949357642,68.69447098418496,-8.0,braking,emergency,emergency,30.91843965164543,14.114413585933727,-0.06968822340328591
w74,0.25,45,941,98,route-95/lane-1,signal-amber,10.88365609521277,1.3936280290915875,42.498416911173294,-8.0,braking,emergency,emergency,36.01568869295039,14.773811192004702,-0.14663938196005208
w74,0.25,45,1220,173,route-83/lane-2,signal-amber,11.711426379443147,0.007091664243318974,9670.33288204051,-8.0,braking,free,emergency,231.27703191169354,11.586636576757169,-0.30952015406546485
w74,0.25,45,1226,176,route-87/lane-2,signal-amber,7.560356547017584,1.1733811252444752,24.3565325401508,-8.0,braking,emergency,emergency,119.44973102161839,14.443851438988933,0.0
w74,0.25,45,1422,159,route-97/lane-1,signal-amber,8.75682385163517,0.09308272088117064,411.9022480362321,-8.0,braking,emergency,emergency,33.029211051066795,11.958190890359692,0.0
w74,0.25,45,1562,191,route-77/lane-1,signal-amber,10.89543226897251,0.5281311350339024,112.38728078410587,-8.0,braking,emergency,emergency,90.15374404407305,14.482297646910885,0.0
w74,0.25,45,1801,215,route-91/lane-1,signal-amber,10.925794705126465,0.718606239864414,83.05869286710669,-8.0,braking,emergency,emergency,147.9189139900306,13.379934919686058,0.0
w74,0.25,45,1902,256,route-95/lane-2,signal-amber,8.610046871182025,1.479255539375174,25.057505329763554,-8.0,braking,emergency,emergency,37.59279126560216,13.658554671424122,-0.07137168759938979
w74,0.25,45,2184,315,route-83/lane-1,signal-amber,6.841231191107074,1.087918189760046,21.51009361305889,-8.0,braking,emergency,emergency,142.72984511320942,12.072043047486805,0.0
w74,0.25,45,2383,309,route-95/lane-2,signal-amber,6.02736453697551,0.1128554518030569,160.95422366031394,-8.0,braking,emergency,emergency,34.00914235499715,11.463562522390609,-0.2878251727483352
w74,0.25,45,2666,360,route-83/lane-1,signal-amber,5.38896638400387,0.32109939520955777,45.2211357622939,-8.0,braking,emergency,emergency,78.47104968033437,13.746928364127289,-0.3906225496732551
w74,0.25,45,3482,433,route-77/lane-1,signal-amber,11.122424049479305,0.18409614060612967,335.98834915585576,-8.0,braking,emergency,emergency,41.948563579178085,15.785785852954724,0.0
w74,0.25,46,601,47,route-77/lane-1,signal-amber,10.700109893879755,2.3792177312691365,24.06092352044431,-8.0,braking,emergency,emergency,27.95460717750865,11.823389940482906,-0.016840063062963633
w74,0.25,46,842,95,route-89/lane-1,signal-amber,8.547754945368506,0.25746099113609944,141.8935627561701,-8.0,braking,emergency,emergency,78.38186138183903,14.574859053022228,0.0
w74,0.25,46,1846,262,route-87/lane-2,leader,3.269318288498705,0.6705729297368634,7.969634321285761,-2.78274409353221,braking,emergency,emergency,2.6705729297368634,1.6590507545924333,0.05945716796758526
w74,0.25,46,2521,291,route-79/lane-1,signal-amber,13.057317972898666,2.1677892440135906,39.324291583281244,-8.0,braking,emergency,emergency,131.25551247395038,14.15994410279383,-0.024984323008523705
w74,0.25,46,3242,387,route-91/lane-1,signal-amber,8.690952716431896,1.1514296568271334,32.79951088258049,-8.0,braking,emergency,emergency,259.0010548389907,15.465451704584995,0.0
w74,0.25,46,3488,452,route-81/lane-2,signal-amber,1.3530751591394523,0.07981770715571201,11.468710712953843,-8.0,braking,emergency,emergency,52.83069895987819,11.62144292094279,0.0
w74,0.25,47,363,37,route-89/lane-1,signal-amber,9.42132985981647,2.091196895875669,21.22264443451687,-8.0,braking,emergency,emergency,,,
w74,0.25,47,602,50,route-79/lane-1,signal-amber,7.7399591302638875,1.144158718751214,26.179482949507413,-8.0,braking,emergency,emergency,163.04055051764402,13.038943685186096,0.0
w74,0.25,47,740,94,route-85/lane-1,signal-amber,16.58257548852358,0.27450384679713125,500.87059442158755,-8.0,braking,free,emergency,,,
w74,0.25,47,840,71,route-89/lane-1,signal-amber,12.946011028769426,1.4048473907377002,59.65032311054495,-8.0,braking,free,emergency,80.88366717387163,15.733611474600622,0.0
w74,0.25,47,1702,229,route-83/lane-2,signal-amber,9.549025032022037,1.5651802577461922,29.128874649072444,-8.0,braking,emergency,emergency,84.72859822430541,12.525048650293611,0.0
w74,0.25,47,1803,169,route-89/lane-1,signal-amber,6.192143903826363,0.7793150712007559,24.600221106090164,-8.0,braking,emergency,emergency,44.060887984407714,16.53622414445039,0.0
w74,0.25,47,1804,241,route-93/lane-2,signal-amber,3.151500043415634,0.17162739137029348,28.934636960775478,-8.0,braking,emergency,emergency,43.17396018579649,15.651719528569915,-0.028468769541291412
w74,0.25,47,2281,221,route-89/lane-1,signal-amber,10.421153264677773,0.6793877511558435,79.92522324780077,-8.0,braking,emergency,emergency,31.666983708132932,11.583882429706863,0.0
w74,0.25,47,2520,307,route-77/lane-1,signal-amber,11.461432207576,1.3302094181553912,49.37734857982896,-8.0,braking,free,emergency,34.0831614165499,11.848529718383215,0.0
w74,0.25,47,3142,361,route-83/lane-1,signal-amber,6.946433798049661,0.46990607795061123,51.34317768470979,-8.0,braking,emergency,emergency,30.81194954576955,11.48164818234276,0.0
w74,0.25,47,3243,363,route-89/lane-1,signal-amber,6.336859358995341,0.9824718832776398,20.436099607106563,-8.0,braking,emergency,emergency,37.666082586022924,15.520485830842517,0.0
w74,0.25,47,3548,480,route-79/lane-1,leader,3.034775708869978,0.6355084364295465,7.246059277269956,-1.5902005407568256,braking,emergency,emergency,2.6355084364295465,2.3325578847612927,-0.6370705371296006
w74,0.25,48,600,62,route-79/lane-1,signal-amber,14.895397210284138,2.212759349575265,50.13488206359371,-8.0,braking,free,emergency,82.84466300775142,14.201530687375927,0.0
w74,0.25,48,1224,147,route-83/lane-2,signal-amber,5.955819053904811,0.8405000795395949,21.101592650821736,-8.0,braking,emergency,emergency,36.105961387611046,12.93757884720806,0.26040159265273866
w74,0.25,48,1421,175,route-97/lane-1,signal-amber,11.0857953047288,0.18296045803202787,335.8508687074721,-8.0,braking,emergency,emergency,66.45269498637043,12.069584598713554,0.0
w74,0.25,48,1565,209,route-77/lane-2,signal-amber,2.7512156419688836,0.12198754623403829,31.024427256256338,-8.0,braking,emergency,emergency,55.11318616546856,11.731919825566,0.0
w74,0.25,48,1701,239,route-83/lane-2,signal-amber,9.060698797540207,1.2869568254901083,31.895499939744308,-8.0,braking,emergency,emergency,32.40614791758992,12.21939896027267,0.2571876366513101
w74,0.25,48,1804,177,route-89/lane-1,signal-amber,4.247951062364999,0.6819422819818328,13.23065654164017,-8.0,braking,emergency,emergency,153.19388328348072,13.162868377468548,0.23960512292794567
w74,0.25,48,1981,292,route-85/lane-1,leader,2.485126099253594,0.4601427131735534,6.710800315186149,-2.4697202447330273,braking,emergency,emergency,2.4601427131735534,1.3381636574527138,-0.26311853388422657
w74,0.25,48,2388,349,route-95/lane-1,signal-amber,6.2433936044247815,0.12849432577229436,151.67970828863258,-8.0,braking,emergency,emergency,104.05196600097082,14.75365006314125,0.0
w74,0.25,48,2497,373,route-85/lane-1,leader,7.208941523958991,1.700990933918149,15.276047878795133,-1.3861774654394963,braking,emergency,emergency,3.700990933918149,6.124866981104906,-0.5746362844056152
w74,0.25,48,2661,314,route-83/lane-1,signal-amber,11.525733337630518,2.4497474379218147,27.113515237077117,-8.0,braking,emergency,emergency,37.07871128923392,13.655316722546704,0.0
w74,0.25,48,2760,280,route-89/lane-1,signal-amber,13.098167483844875,1.8297345637624858,46.88166109789937,-8.0,braking,free,emergency,34.87143131239088,13.667225807649084,0.0
w74,0.25,48,3143,365,route-83/lane-1,signal-amber,5.457576576475985,0.6150070550118016,24.215284886063436,-8.0,braking,emergency,emergency,49.17705265742916,15.760421884828249,0.0
w74,0.25,49,601,60,route-77/lane-1,signal-amber,11.108246914572579,0.13591313548471362,453.94122163044887,-8.0,braking,emergency,emergency,27.531251390117006,11.738160468866116,0.0
w74,0.25,49,740,78,route-83/lane-2,signal-amber,12.588411798938179,0.21468793427033006,369.06618007723387,-8.0,braking,free,emergency,44.722629492750514,13.804893816207667,-0.029658415996345784
w74,0.25,49,1322,166,route-89/lane-2,signal-amber,9.657544507882559,1.827724062195216,25.514837784022884,-8.0,braking,emergency,emergency,91.85825062669386,16.115494604236446,0.0
w74,0.25,49,2282,289,route-89/lane-1,signal-amber,8.080473538379996,1.0484098115617826,31.13956579020988,-8.0,braking,emergency,emergency,33.68474488247438,12.544378981071432,-0.03635657246050727
w74,0.25,49,2621,348,route-79/lane-1,leader,4.272952802379695,0.8373684021149472,10.902086587725197,-1.3806225119231743,braking,emergency,emergency,2.8373684021149472,3.2529494097160265,0.2727693699818929
w74,0.25,49,2861,373,route-95/lane-2,signal-amber,13.073446236313321,1.333361868521365,64.09175203251897,-8.0,braking,emergency,emergency,196.2798750654688,14.153182718507015,0.0
w74,0.25,49,2863,322,route-95/lane-1,signal-amber,5.971746719648861,0.4802410459888051,37.12902008428934,-8.0,braking,emergency,emergency,31.574834510441292,11.305849267258308,0.0
w74,0.25,49,3341,399,route-95/lane-1,signal-amber,9.771119589456356,1.1742557056635974,40.65331663749629,-8.0,braking,emergency,emergency,65.59398155666497,11.620485415630974,0.0
w74,0.25,49,3482,377,route-77/lane-1,signal-amber,7.648615420027635,0.14934761231774019,195.856220717549,-8.0,braking,emergency,emergency,39.70812967495448,12.254816642790102,0.0
w74,0.25,50,605,50,route-79/lane-1,signal-amber,2.347737749335355,0.12225854410934289,22.541870508144818,-8.0,braking,emergency,emergency,135.35715418464798,13.539575518057681,0.0
w74,0.25,50,744,106,route-83/lane-2,signal-amber,7.145565513097683,0.1980560800699891,128.90062876112583,-8.0,braking,emergency,emergency,92.49181567922966,13.166074637048878,0.0
w74,0.25,50,944,105,route-95/lane-1,signal-amber,4.292312920445243,0.35956263273624245,25.619945636197514,-8.0,braking,emergency,emergency,33.443193297114306,11.31604129995685,0.0
w74,0.25,50,944,117,route-95/lane-2,signal-amber,4.382470081811038,0.14460345002117947,66.40935612240169,-8.0,braking,emergency,emergency,33.949920596774746,12.732411821636529,-0.20537158701411753
w74,0.25,50,1080,130,route-77/lane-1,signal-amber,15.805787229845407,3.4414386736279425,36.296289669428056,-8.0,braking,free,emergency,37.164547767371005,14.01768246210646,0.2270051320870757
w74,0.25,50,1221,171,route-83/lane-1,signal-amber,13.057727146116086,2.683266518946141,31.771767176035663,-8.0,braking,emergency,emergency,138.4302676953202,11.72238389661881,0.33810024434754304
w74,0.25,50,1320,170,route-89/lane-2,signal-amber,13.02360545641309,2.9651113233692286,28.601674707373494,-8.0,braking,free,emergency,35.573695049485934,13.808523201090285,0.0
w74,0.25,50,1803,228,route-89/lane-1,signal-amber,5.684099401799031,0.2707023532420294,59.67621932832868,-8.0,braking,emergency,emergency,31.162665179234523,11.547810407760553,0.0
w74,0.25,50,2280,273,route-91/lane-1,signal-amber,11.349294565557502,2.4412317423718832,26.38145426755872,-8.0,braking,free,emergency,73.897131735149,13.82490080095362,0.0
w74,0.25,50,2760,347,route-91/lane-1,signal-amber,13.122923603664315,2.715991992338843,31.70317224671059,-8.0,braking,free,emergency,71.38029459296331,13.637126868632622,0.0
w74,0.25,50,3000,428,route-77/lane-2,signal-amber,14.10680709290904,1.6336066949399424,60.90878758423088,-8.0,braking,following,emergency,33.534858678847286,13.216608806797304,0.38876264598862037
w74,0.25,50,3144,461,route-83/lane-2,signal-amber,6.354163387673907,0.058735084475245,343.70762141554854,-8.0,braking,emergency,emergency,103.93455231758747,14.279558769376017,0.0
w74,0.25,50,3240,396,route-89/lane-1,signal-amber,12.819471951504237,0.6826504209986979,120.3682412405026,-8.0,braking,free,emergency,139.07720753743752,12.112241949043236,0.0
w74,0.25,51,121,3,route-81/lane-2,signal-amber,10.30065520597156,0.07727262921997635,686.552914941319,-8.0,braking,emergency,emergency,,,
w74,0.25,51,261,26,route-87/lane-2,signal-amber,11.302607435383834,0.7912644892884373,80.72454695475787,-8.0,braking,emergency,emergency,,,
w74,0.25,51,1321,106,route-91/lane-1,signal-amber,10.636879743034951,0.06817916094109933,829.7492159336844,-8.0,braking,emergency,emergency,126.62311277085524,15.625670249615798,0.0
w74,0.25,51,1560,168,route-77/lane-1,signal-amber,13.995119380517863,1.5536609693156151,63.03285283700734,-8.0,braking,free,emergency,34.02227919568287,12.478581232393564,-0.2795720538364901
w74,0.25,51,1801,166,route-91/lane-1,signal-amber,9.621619616369717,0.7354399416649358,62.93890146388574,-8.0,braking,emergency,emergency,65.30666060588123,11.387439854149706,0.0
w74,0.25,51,1903,205,route-95/lane-1,signal-amber,5.625634145583026,0.5658499047167993,27.964800626580445,-8.0,braking,emergency,emergency,30.272345039480797,11.41579348228406,0.0
w74,0.25,51,2180,257,route-83/lane-2,signal-amber,11.886236914475449,1.2473820287541457,56.63165923921015,-8.0,braking,free,emergency,35.40816841652253,12.638344971477053,0.29002885228890796
w74,0.25,51,2283,198,route-91/lane-1,signal-amber,6.049648854577493,0.010559066273629014,1733.0249813420494,-8.0,braking,emergency,emergency,29.963746833432253,11.15861240616534,0.0
w74,0.25,51,2383,246,route-97/lane-1,signal-amber,6.612666824361071,1.0274399348916745,21.279765874885822,-8.0,braking,emergency,emergency,226.41642298971448,15.609081985638479,0.0
w74,0.25,51,2520,270,route-79/lane-1,signal-amber,13.287533963839524,0.9678907412752551,91.20789739530012,-8.0,braking,free,emergency,40.977784941428524,15.391464626402595,0.0
w74,0.25,51,2760,307,route-89/lane-1,signal-amber,13.013512270228496,1.1691524735386452,72.42489984852685,-8.0,braking,free,emergency,70.59934860513005,12.530755733091052,-0.018318316969125295
w74,0.25,51,3481,332,route-77/lane-1,signal-amber,8.643360456994344,1.2876093740940178,29.010226817468993,-8.0,braking,emergency,emergency,28.737270903150772,11.208509604777209,0.0
w74,0.25,52,1221,168,route-83/lane-2,signal-amber,12.126941278609447,0.16923646646699808,434.48881864807686,-8.0,braking,emergency,emergency,47.94625930484068,13.503149298250998,-0.06171202797178029
w74,0.25,52,1423,151,route-97/lane-1,signal-amber,6.699932844559662,1.188992813281743,18.876943418064386,-8.0,braking,emergency,emergency,208.70541563160805,14.220018937564456,0.0
w74,0.25,52,1803,191,route-89/lane-1,signal-amber,5.686711464379913,0.435143737466376,37.158626557975886,-8.0,braking,emergency,emergency,41.60250105524807,14.017025991338306,0.0
w74,0.25,52,2382,333,route-95/lane-2,signal-amber,8.777342143596547,0.45546017987390996,84.5757088216629,-8.0,braking,emergency,emergency,29.992125070059842,12.540472197378985,0.0
w74,0.25,52,2383,335,route-95/lane-1,signal-amber,6.482991043915291,0.43108069122911274,48.748614506080976,-8.0,braking,emergency,emergency,40.274878829797444,13.846352759539151,0.0
w74,0.25,52,2663,370,route-87/lane-2,signal-amber,6.656728832468758,1.2927694792991815,17.13841464336036,-8.0,braking,emergency,emergency,30.07923315576147,11.95581924426835,0.0
w74,0.25,52,2861,410,route-95/lane-2,signal-amber,10.406811163028523,2.298716910829171,23.556993484654345,-8.0,braking,emergency,emergency,34.012537892571345,12.730864696041682,0.0
w74,0.25,52,3141,368,route-83/lane-1,signal-amber,11.68645295963157,0.6668959650805846,102.39466868057794,-8.0,braking,emergency,emergency,35.917514359236066,13.26785026784742,-0.27786132348762516
w74,0.25,53,364,41,route-89/lane-1,signal-amber,4.293832212082007,0.16882875603295133,54.602650338531795,-8.0,braking,emergency,emergency,87.65461561250265,15.159163130628878,0.0
w74,0.25,53,600,48,route-77/lane-1,signal-amber,13.42357927656267,0.5812823684329373,154.99565304203063,-8.0,braking,free,emergency,35.058070433306284,12.831381605684644,-0.14036441062112423
w74,0.25,53,602,67,route-77/lane-2,signal-amber,7.306547264228575,0.08093323732157387,329.81278576740806,-8.0,braking,emergency,emergency,39.677790847639756,14.426090475996025,0.0
w74,0.25,53,743,90,route-83/lane-1,signal-amber,6.133167761922813,1.127951055883102,16.67437013321422,-8.0,braking,emergency,emergency,36.85194421635077,12.907894428367133,-0.02553244768103022
w74,0.25,53,947,130,route-97/lane-1,signal-amber,8.2642049671663,0.8720328801805408,39.15969528878102,-8.0,braking,emergency,emergency,,,
w74,0.25,53,1325,160,route-91/lane-1,signal-amber,2.104089360323499,0.22695118597829378,9.753621725180103,-8.0,braking,emergency,emergency,131.83569971744038,14.886680477536284,0.0
w74,0.25,53,1422,161,route-95/lane-1,signal-amber,8.630442399806343,1.4531510017431515,25.628629071247897,-8.0,braking,emergency,emergency,86.04002751339539,15.909824674329723,0.0
w74,0.25,53,1901,233,route-97/lane-1,signal-amber,10.95308512651165,1.9898776247368346,30.14508839569394,-8.0,braking,emergency,emergency,,,
w74,0.25,53,2282,270,route-89/lane-1,signal-amber,8.621959904250213,1.172050072508796,31.71289108466842,-8.0,braking,emergency,emergency,106.03908025585713,12.099825782901608,0.0
w74,0.25,53,2381,312,route-97/lane-1,signal-amber,9.95823133432772,0.43245956635672655,114.6539226122544,-8.0,braking,emergency,emergency,263.97749216062806,16.057869674307295,0.0
w74,0.25,53,2663,315,route-83/lane-1,signal-amber,7.859904217715375,0.7760963922276574,39.80052924504394,-8.0,braking,emergency,emergency,172.62632321586835,13.260724990449502,-0.3223574261606075
w74,0.25,53,2762,334,route-89/lane-1,signal-amber,7.724248797618785,0.05725132604516148,521.0710703927675,-8.0,braking,emergency,emergency,62.516981187183944,11.416399763799273,0.0
w74,0.25,53,3000,310,route-77/lane-1,signal-amber,13.626906063456959,2.1828441076721106,42.53454660587546,-8.0,braking,approaching,emergency,60.12862771631228,11.12928594797384,0.0
w74,0.25,53,3143,424,route-79/lane-1,leader,2.2981907310867062,0.4981108293423233,5.3017123151352425,-0.8518183855987409,braking,emergency,emergency,2.4981108293423233,1.9845173284358004,0.3294649132836751
w74,0.25,54,120,3,route-81/lane-2,signal-amber,16.623724172175862,0.062112113094542565,2224.5918838081293,-8.0,braking,free,emergency,,,
w74,0.25,54,941,103,route-95/lane-1,signal-amber,10.319775992935929,0.66431494363826,80.15608979162755,-8.0,braking,emergency,emergency,28.10522089145917,11.47324966654647,0.0
w74,0.25,54,1080,115,route-79/lane-1,signal-amber,13.09780003827531,2.2063822545750895,38.876392675593436,-8.0,braking,free,emergency,227.54903798260983,13.17533284024801,0.0
w74,0.25,54,1080,120,route-77/lane-2,signal-amber,11.399747284245677,1.0464980165170346,62.090054684089004,-8.0,braking,free,emergency,40.48479868801701,11.712131241350434,0.0
w74,0.25,54,1560,192,route-77/lane-2,signal-amber,11.878000623756089,0.23615271213111555,298.7196241464643,-8.0,braking,free,emergency,36.05899616945953,12.641931752846576,0.0
w74,0.25,54,1804,228,route-91/lane-1,signal-amber,4.464111755478324,0.7369885144527757,13.520084353144094,-8.0,braking,emergency,emergency,108.1393623319446,11.90173469815869,0.0
w74,0.25,54,1805,249,route-93/lane-2,signal-amber,5.380713630155661,0.3155569827980571,45.87456584389862,-8.0,braking,emergency,emergency,,,
w74,0.25,54,1903,230,route-97/lane-1,signal-amber,6.399614830176837,0.570887847941151,35.8696284413126,-8.0,braking,emergency,emergency,40.31880985931798,16.075881570619533,0.0
w74,0.25,54,2041,173,route-77/lane-1,signal-amber,10.390452762459672,1.1117550662675626,48.55453862304373,-8.0,braking,emergency,emergency,32.16014469938807,11.952458248515613,0.0
w74,0.25,54,2282,314,route-89/lane-2,signal-amber,8.519698336953063,1.0958333720043356,33.11874852830892,-8.0,braking,emergency,emergency,31.525464258927343,11.593626706176437,0.0
w74,0.25,54,2520,226,route-79/lane-1,signal-amber,11.950922513040714,0.24194884240387182,295.1544373878307,-8.0,braking,free,emergency,44.31443182711462,15.170142620666885,0.0
w74,0.25,54,2521,313,route-81/lane-2,signal-amber,11.086753559759819,2.274881941915112,27.01593041601314,-8.0,braking,emergency,emergency,35.98089990701777,13.53808017865289,0.0
w74,0.25,54,3008,299,route-79/lane-1,signal-amber,2.904973438845415,0.16537664100650318,25.514095065171606,-8.0,braking,emergency,emergency,173.80320718009693,15.522158648869954,0.0
w74,0.25,54,3140,403,route-83/lane-1,signal-amber,12.463237268687227,2.7804222349483325,27.933218426891322,-8.0,braking,free,emergency,31.27928573377301,11.905925345434808,0.0
w74,0.25,54,3480,455,route-77/lane-2,signal-amber,11.366189045588028,1.6735936931688116,38.596659974092695,-8.0,braking,following,emergency,28.202402518400163,11.204501803279854,0.0
w74,0.25,55,464,41,route-99/lane-2,signal-amber,4.582706800666639,0.06449569455514848,162.81088036751598,-8.0,braking,emergency,emergency,170.2078988111072,11.158438548366538,0.0
w74,0.25,55,945,111,route-97/lane-1,signal-amber,7.1433990290900695,1.2319419076830513,20.71045289171754,-8.0,braking,emergency,emergency,74.78887366643653,11.784835265004077,0.0
w74,0.25,55,1080,127,route-77/lane-2,signal-amber,11.291096551255322,1.2651775780005323,50.38378151280997,-8.0,braking,free,emergency,44.31686974273822,12.532346168966033,0.0
w74,0.25,55,1321,135,route-89/lane-1,signal-amber,11.014707372004436,0.278161470105033,218.08156687746393,-8.0,braking,emergency,emergency,33.48012518140388,13.00081189086195,0.0
w74,0.25,55,1801,218,route-89/lane-1,signal-amber,10.860286138778216,0.2664298043341091,221.34500926223606,-8.0,braking,emergency,emergency,145.11860703457648,13.603113114119513,0.310293887888338
w74,0.25,55,2042,277,route-77/lane-2,signal-amber,9.953110582265072,0.46509255683668016,106.49967281414051,-8.0,braking,emergency,emergency,60.294317208242546,15.129746485505697,-0.3151402801067098
w74,0.25,55,2281,276,route-89/lane-1,signal-amber,10.547617352196665,0.8777684595459618,63.37219718848578,-8.0,braking,emergency,emergency,164.21880312147954,11.227440822697243,0.0
w74,0.25,55,2283,325,route-89/lane-2,signal-amber,5.688177156728459,0.6891135192832394,23.47607357927102,-8.0,braking,emergency,emergency,35.719123965931544,12.836237163343467,0.3104589015673912
w74,0.25,55,2380,340,route-95/lane-2,signal-amber,14.483736688136124,2.642169601441026,39.69817613843718,-8.0,braking,free,emergency,106.0042532203181,11.520757173998627,-0.22948430338831763
w74,0.25,55,2525,338,route-81/lane-2,signal-amber,4.1518707892997195,0.3265934271810238,26.3906582563978,-8.0,braking,emergency,emergency,283.8328243190532,11.30395498089958,0.0
w74,0.25,55,2761,356,route-89/lane-1,signal-amber,10.770211507248412,2.149151240639867,26.986806167333803,-8.0,braking,emergency,emergency,36.29055357512976,12.783248734984316,-0.02055644401245261
w74,0.25,55,2862,389,route-95/lane-2,signal-amber,8.856129232957027,0.37131790437877044,105.61169292665032,-8.0,braking,emergency,emergency,39.21444225350149,14.504027090852361,-0.0652876144138118
w74,0.25,55,3145,388,route-83/lane-1,signal-amber,5.081336743758838,0.9648997871141773,13.379619027949051,-8.0,braking,emergency,emergency,40.392022340930794,13.727660916312598,0.0
w74,0.25,56,1088,113,route-77/lane-1,signal-amber,2.568134137396701,0.15048112883494014,21.914086499499113,-8.0,braking,emergency,emergency,41.34828139294842,14.14140772883751,-0.031761380193052795
w74,0.25,56,1321,179,route-89/lane-1,signal-amber,10.881060510522383,0.9442442648279439,62.69430604125698,-8.0,braking,emergency,emergency,29.518314848674834,12.19964687997941,0.0
w74,0.25,56,1700,193,route-83/lane-1,signal-amber,14.314466981901788,1.3606097709392202,75.29857911960775,-8.0,braking,free,emergency,41.76971639545377,15.886176887565234,-0.01550881161727325
w74,0.25,56,1801,230,route-89/lane-1,signal-amber,10.566013297696706,0.22186730980007496,251.5932543367998,-8.0,braking,emergency,emergency,30.28560491327636,11.985268532144836,0.0
w74,0.25,56,1902,251,route-95/lane-1,signal-amber,8.641847288490807,0.8694492752273959,42.947602974344704,-8.0,braking,emergency,emergency,30.36874749165679,11.994683347883454,-0.28275265173689423
w74,0.25,56,1908,270,route-95/lane-2,signal-amber,6.424283120804468,1.041016882884037,19.822643750942213,-8.0,braking,emergency,emergency,202.14640250055805,12.281811078449163,0.3766547132596026
w74,0.25,56,2283,276,route-89/lane-1,signal-amber,6.40373014222223,0.34898598863492225,58.75273086866557,-8.0,braking,emergency,emergency,34.64554592130338,11.87057326417882,0.0
w74,0.25,56,2428,341,route-85/lane-1,leader,2.743879707385787,0.43922117712338604,8.57071134173535,-6.842117248152643,braking,emergency,emergency,2.439221177123386,0.47486601840366666,-0.12130174952656889
w74,0.25,56,2862,350,route-95/lane-1,signal-amber,8.814441980696154,0.30029662012145764,129.3627404125204,-8.0,braking,emergency,emergency,35.53486647389008,15.462893564705738,0.0
w74,0.25,56,3143,352,route-83/lane-1,signal-amber,8.775344642485553,1.8744250063385266,20.541412255490435,-8.0,braking,emergency,emergency,38.07489147482261,13.751555271395482,0.0
w74,0.25,57,462,38,route-95/lane-1,signal-amber,8.653452732779082,0.6610335503676197,56.64027503354224,-8.0,braking,emergency,emergency,82.7048944170823,15.490343681429515,0.0
w74,0.25,57,940,121,route-95/lane-1,signal-amber,13.207053733912902,2.7854959036561127,31.309733412553022,-8.0,braking,free,emergency,32.26939382437399,12.02472592948887,-0.025864717974057563
w74,0.25,57,1083,116,route-77/lane-2,signal-amber,8.807330242048316,1.7304159948151892,22.413415682967994,-8.0,braking,emergency,emergency,39.311078017736804,14.889262201706611,-0.3458758553752982
w74,0.25,57,1422,189,route-95/lane-1,signal-amber,8.237774974512867,0.9783357997055759,34.681822208250374,-8.0,braking,emergency,emergency,120.12907761197073,13.593496766214546,-0.39162401252213414
w74,0.25,57,2525,256,route-77/lane-1,signal-amber,2.7040411553112786,0.10437558167330963,35.02657639074456,-8.0,braking,emergency,emergency,38.984346145325446,12.72415042257402,0.0
w74,0.25,57,2761,341,route-91/lane-1,signal-amber,10.988755904148057,0.27203762323773617,221.94127945203715,-8.0,braking,emergency,emergency,83.55113604397923,16.269194191866557,0.0
w74,0.25,57,2861,377,route-95/lane-1,signal-amber,9.348902844716795,0.8862682190289775,49.308991636704555,-8.0,braking,emergency,emergency,,,
w74,0.25,57,3003,401,route-79/lane-1,leader,2.127220803383482,0.39460300718164376,5.733697240001628,-2.0688433409245572,braking,emergency,emergency,2.3946030071816438,1.2176496460768709,-0.17140925158805936
w74,0.25,57,3486,370,route-77/lane-1,signal-amber,5.377954654766905,0.8968101916496494,16.125149188775016,-8.0,braking,emergency,emergency,106.08032528858615,12.18951755724507,0.30241243965716624
w74,0.25,58,940,77,route-95/lane-1,signal-amber,13.233082580071985,2.5648978526689916,34.13673460500255,-8.0,braking,free,emergency,34.10479969086117,14.269555405289866,0.0
w74,0.25,58,1221,160,route-83/lane-1,signal-amber,13.369820756573478,0.05349942939841412,1670.5982575227404,-8.0,braking,emergency,emergency,73.07179532600816,13.37657163260039,0.0
w74,0.25,58,1230,167,route-83/lane-1,leader,8.957061270107516,0.7833334697444343,51.209956994838414,-8.0,braking,emergency,emergency,2.7833334697444343,0.0,-8.0
w74,0.25,58,1321,137,route-91/lane-1,signal-amber,9.118816965618171,1.6914753824643185,24.57996838573555,-8.0,braking,emergency,emergency,251.52617029051305,15.140106034385973,0.0
w74,0.25,58,1800,182,route-89/lane-1,signal-amber,13.338575959135085,2.2409138577950785,39.69755642295783,-8.0,braking,free,emergency,60.762968470470355,11.9365389216351,-0.027624161710154166
w74,0.25,58,1901,244,route-95/lane-2,signal-amber,10.966086148988765,1.0228894021997235,58.78203702591639,-8.0,braking,emergency,emergency,30.63100019410689,14.483468094289401,0.3498081608386242
w74,0.25,58,2049,284,route-77/lane-2,signal-amber,3.1481578940851627,0.2153289061145074,23.013394497114845,-8.0,braking,emergency,emergency,90.1227679995543,15.400151985354245,-0.16000356974998453
w74,0.25,58,2281,260,route-91/lane-1,signal-amber,9.370534351891838,0.5833527439402815,75.26056485728459,-8.0,braking,emergency,emergency,124.11510355969028,15.928708409876563,0.0
w74,0.25,58,2523,337,route-77/lane-2,signal-amber,5.189110988597385,0.18275101897569357,73.67092397871522,-8.0,braking,emergency,emergency,31.564728789355115,12.162907333323288,-0.019676203575088973
w74,0.25,58,3242,375,route-89/lane-1,signal-amber,7.658113775630481,0.3437916273333599,85.29397160628662,-8.0,braking,emergency,emergency,28.37786358139624,11.246555755031295,0.0
w74,0.25,58,3345,471,route-95/lane-1,signal-amber,6.051884990450926,1.1257949362979502,16.266422399306315,-8.0,braking,emergency,emergency,122.93093306425561,13.748396447584964,0.0
w74,0.25,58,3480,446,route-77/lane-2,signal-amber,11.711064245277084,2.1124377433464474,32.46226455406464,-8.0,braking,free,emergency,40.38951693208628,13.837243828265928,0.3349314510266536
w74,0.25,59,125,3,route-77/lane-2,signal-amber,2.768686018637382,0.1476872113099148,25.952220919495065,-8.0,braking,emergency,emergency,115.64775919734922,15.983804477206434,0.0
w74,0.25,59,261,27,route-83/lane-2,signal-amber,10.811812690910884,1.0473389260782255,55.805857470158976,-8.0,braking,emergency,emergency,,,
w74,0.25,59,600,59,route-77/lane-1,signal-amber,11.960338102332315,0.6271431605330804,114.04867064204922,-8.0,braking,free,emergency,33.72353358585917,12.406934748548084,0.0
w74,0.25,59,602,43,route-77/lane-2,signal-amber,11.416883754870758,0.520339255243357,125.25024141343205,-8.0,braking,emergency,emergency,40.33276606712667,14.756987830540027,-0.15323019189828024
w74,0.25,59,2381,256,route-95/lane-1,signal-amber,10.652096374857456,2.221060915149451,25.543459075190732,-8.0,braking,emergency,emergency,32.65154408020277,15.26641759005841,0.016467309658168585
w74,0.25,59,3242,458,route-89/lane-1,signal-amber,8.82175250416637,1.7828071851952814,21.8260611385861,-8.0,braking,emergency,emergency,34.062033869843674,12.06892600490246,0.0
w74,0.25,59,3340,479,route-95/lane-2,signal-amber,11.166886059952612,2.169672130408685,28.736909722040647,-8.0,braking,following,emergency,32.96412066223576,11.266248486447148,0.0
w74,0.25,59,3342,363,route-95/lane-1,signal-amber,8.655883472038811,0.4847078708803565,77.28811845517639,-8.0,braking,emergency,emergency,63.89763104648853,11.125696801482698,0.0
w74,0.25,60,600,58,route-77/lane-2,signal-amber,13.812490447745656,2.7849060982877063,34.25337976141614,-8.0,braking,following,emergency,28.041416075532823,11.582767574549653,0.0
w74,0.25,60,1169,121,route-83/lane-1,leader,6.35779654276732,1.290714307724386,15.65860726781978,0.10946626598799658,braking,emergency,emergency,3.290714307724386,5.430787256825562,2.401078057544645
w74,0.25,60,1221,129,route-83/lane-1,signal-amber,10.970992834926584,2.404922263270805,25.024235839604987,-8.0,braking,emergency,emergency,27.10936129412437,13.574098596354016,0.0
w74,0.25,60,1321,158,route-93/lane-2,signal-amber,12.661960994661786,0.476652081851455,168.17849153997886,-8.0,braking,emergency,emergency,152.1667874112007,15.5163908874942,0.0
w74,0.25,60,2041,240,route-77/lane-1,signal-amber,14.56820042043459,0.7041921979101176,150.69214350841168,-8.0,braking,emergency,emergency,174.2445470988671,13.956875248254685,-0.11737572124039602
w74,0.25,60,2188,264,route-85/lane-1,signal-amber,5.039061015271585,0.5759819094113823,22.042476943051113,-8.0,braking,emergency,emergency,78.51937300851392,13.595983286756091,0.0
w74,0.25,60,2380,286,route-97/lane-1,signal-amber,12.629996889601461,2.830393661109497,28.179264182073698,-8.0,braking,free,emergency,71.51734754136623,12.768197250138037,0.0
w74,0.25,60,2522,317,route-79/lane-1,signal-amber,11.149365794914775,2.3996509009157876,25.90134206216732,-8.0,braking,emergency,emergency,194.26483761740832,14.694117467799225,0.0
w74,0.25,60,2762,343,route-89/lane-2,signal-amber,7.957489425321109,0.20651950918312423,153.30667355486725,-8.0,braking,emergency,emergency,142.83875165044037,12.949054467785173,0.0
w74,0.25,60,3142,388,route-83/lane-1,signal-amber,10.11693788182262,1.512146455772438,33.843425586833675,-8.0,braking,emergency,emergency,29.338687805480845,13.56785651722386,0.22110920277989127
w74,0.25,60,3241,402,route-89/lane-1,signal-amber,10.637981250980458,1.6227589668363294,34.8685933675157,-8.0,braking,emergency,emergency,111.67126012080928,13.283474199571646,0.35521219472395466
w74,0.25,60,3480,441,route-77/lane-1,signal-amber,14.782664005528204,1.167750029444278,93.56760847367923,-8.0,braking,free,emergency,88.1050521527481,13.478798322449439,0.0
w74,0.25,61,261,22,route-83/lane-2,signal-amber,11.331800311454572,1.315377071557407,48.81098396623441,-8.0,braking,emergency,emergency,92.40799366799416,14.343675771732816,0.0
w74,0.25,61,263,20,route-83/lane-1,signal-amber,5.868281733184121,0.3405086877287431,50.566596009226515,-8.0,braking,emergency,emergency,,,
w74,0.25,61,600,65,route-77/lane-1,signal-amber,14.660891775866041,1.8486349315845132,58.13526077845568,-8.0,braking,free,emergency,41.25318462243365,13.720619308459574,0.0
w74,0.25,61,747,51,route-85/lane-1,signal-amber,3.435121600334533,0.23862785128136466,24.724818049783096,-8.0,braking,emergency,emergency,,,
w74,0.25,61,1269,188,route-85/lane-1,leader,2.40662247208704,0.4486819488291758,6.454273164173392,-1.7890010656939745,braking,emergency,emergency,2.448681948829176,1.5009744304607373,0.08701101038966258
w74,0.25,61,1448,206,route-85/lane-1,leader,1.1223646039841797,0.15100066762295228,4.171181240807601,-2.952865987655966,braking,emergency,emergency,2.1510006676229523,0.3485476294874764,-0.016552719995614782
w74,0.25,61,1563,151,route-79/lane-1,signal-amber,8.042411545892246,0.8622246396408855,37.50784917283281,-8.0,braking,emergency,emergency,106.2526209744305,13.440330314501189,0.0
w74,0.25,61,2283,276,route-89/lane-1,signal-amber,6.575191428119798,0.16113530109021212,134.15167881870855,-8.0,braking,emergency,emergency,38.25191456144012,14.825927544166335,0.0
w74,0.25,61,2522,265,route-79/lane-1,signal-amber,11.14236489382107,0.20607282497013557,301.2340308457667,-8.0,braking,emergency,emergency,138.70409002832872,16.253157842676156,0.0
w74,0.25,61,2660,363,route-83/lane-2,signal-amber,12.014092820775694,0.14556092672353316,495.80072604360026,-8.0,braking,free,emergency,34.71237299184742,13.073432019366884,0.0
w74,0.25,61,2763,316,route-89/lane-1,signal-amber,6.599797552735621,0.15704598581345408,138.67698531573532,-8.0,braking,emergency,emergency,64.2437811834763,11.595051288702525,0.0
w74,0.25,61,2862,399,route-97/lane-1,signal-amber,9.03064156876015,0.10364736283122511,393.413227870618,-8.0,braking,emergency,emergency,,,
w74,0.25,61,3342,447,route-95/lane-2,signal-amber,8.684513782058636,0.6119021879460433,61.628133643327395,-8.0,braking,emergency,emergency,33.34521186378612,12.107405535536818,0.0
w74,0.25,62,603,61,route-77/lane-1,signal-amber,8.164170828697772,0.2228311764087607,149.56095101766726,-8.0,braking,emergency,emergency,26.243023350221677,13.599164504682006,-0.3313246266681354
w74,0.25,62,1220,136,route-83/lane-2,signal-amber,11.414841039911844,0.8613756212521366,75.63401653801594,-8.0,braking,free,emergency,33.898890040197216,11.873590273899026,0.0
w74,0.25,62,2180,244,route-83/lane-1,signal-amber,15.689587909891271,1.2440053804205036,98.93975245468685,-8.0,braking,free,emergency,38.41939671756256,15.083825318156743,0.26343228306935995
w74,0.25,62,2660,312,route-83/lane-1,signal-amber,14.405560552370735,1.4213220531255502,73.00251704800955,-8.0,braking,free,emergency,41.03044159142536,16.074086124855096,0.27471534422844823
w74,0.25,62,2862,383,route-95/lane-1,signal-amber,7.782976070991717,0.31248414634029587,96.92446357848772,-8.0,braking,emergency,emergency,35.561452872999666,12.428958617360331,0.0
w74,0.25,62,3240,399,route-89/lane-1,signal-amber,12.984438964573272,0.6824264197514935,123.5266179217702,-8.0,braking,approaching,emergency,30.73588681551803,12.109386638817377,0.0
w74,0.25,63,1422,184,route-95/lane-2,signal-amber,4.678227233104492,0.6993736816045839,15.64672121658021,-8.0,braking,emergency,emergency,27.0369423366285,12.5918844556792,0.35280402501449487
w74,0.25,63,1702,218,route-83/lane-2,signal-amber,9.59895967645105,0.7038076413458612,65.45824558961723,-8.0,braking,emergency,emergency,139.87604439403094,12.083416983368807,0.0
w74,0.25,63,1802,235,route-89/lane-2,signal-amber,8.502004214026964,1.4369136026367642,25.1525476280166,-8.0,braking,emergency,emergency,156.54522757404033,15.79160401977133,0.0
w74,0.25,63,2183,271,route-83/lane-2,signal-amber,10.169173513217832,0.7047211739038062,73.37092581529753,-8.0,braking,emergency,emergency,73.96341207073499,14.329091644757428,0.0
w74,0.25,63,2385,323,route-95/lane-1,signal-amber,2.1397941191343577,0.1809778921316365,12.649939775383157,-8.0,braking,emergency,emergency,41.13976816950202,12.437480551939082,-0.012775569018518564
w74,0.25,63,2415,342,route-85/lane-1,leader,3.96190459137524,0.7130554081029743,11.006639745514281,-4.030821994540186,braking,emergency,emergency,2.7130554081029743,1.9356260493453736,-0.49104284041629487
w74,0.25,63,2662,293,route-85/lane-1,signal-amber,8.421172728274355,0.5218685138883643,67.94446132709379,-8.0,braking,emergency,emergency,33.67846199419546,12.749330874717442,-0.027286072571832062
w74,0.25,64,601,60,route-77/lane-2,signal-amber,12.094052327177488,1.9853532229344637,36.83629190082299,-8.0,braking,emergency,emergency,69.34789475978477,15.714807412712837,0.09404637065821958
w74,0.25,64,1084,122,route-77/lane-2,signal-amber,7.359534808848371,0.45578621545632814,59.416839261388894,-8.0,braking,emergency,emergency,53.23461840118989,12.995936612724327,0.0
w74,0.25,64,1322,151,route-89/lane-1,signal-amber,8.438939915204264,1.474356650963216,24.151451701290057,-8.0,braking,emergency,emergency,33.08092252376184,12.343448994173668,0.0
w74,0.25,64,1560,155,route-77/lane-1,signal-amber,12.981991942399182,1.0861708080282142,77.58085263700971,-8.0,braking,free,emergency,64.33900151552058,12.076649391748942,0.0
w74,0.25,64,1562,194,route-77/lane-2,signal-amber,10.302588086728939,0.08173714176251679,649.2967517337664,-8.0,braking,emergency,emergency,49.63385165136776,13.777004257035442,0.0
w74,0.25,64,1905,238,route-95/lane-1,signal-amber,2.280149476722727,0.24680278592427385,10.532866589670816,-8.0,braking,emergency,emergency,40.762794438434526,12.30188151441049,0.0
w74,0.25,64,2280,259,route-89/lane-1,signal-amber,11.695257164011709,1.455071957128439,47.00078214767413,-8.0,braking,free,emergency,37.387630661947696,14.243421189417132,0.0
w74,0.25,64,3245,389,route-89/lane-1,signal-amber,2.2327861196509193,0.28207209659382215,8.836985147248692,-8.0,braking,emergency,emergency,93.0669891581486,16.292424754006483,-0.2177598824012865
w74,0.25,65,363,29,route-91/lane-1,signal-amber,6.2043011333180225,1.2405071212033931,15.515167907923658,-8.0,braking,emergency,emergency,153.26266979606254,13.63486532303039,0.0
w74,0.25,65,1083,135,route-81/lane-2,signal-amber,7.1371440745843575,1.2038092988366316,21.157348423293534,-8.0,braking,emergency,emergency,,,
w74,0.25,65,1421,182,route-95/lane-1,signal-amber,10.63807737816081,2.213246565616032,25.566218437175696,-8.0,braking,emergency,emergency,43.37037869197013,15.791450163585422,-0.08257734600867728
w74,0.25,65,1561,194,route-77/lane-1,signal-amber,11.134387291674503,0.29408041876399693,210.78346678446104,-8.0,braking,emergency,emergency,49.31632662640351,16.24094795086887,0.0
w74,0.25,65,1902,241,route-97/lane-1,signal-amber,8.539380596907993,1.2416203550118894,29.365264786654706,-8.0,braking,emergency,emergency,37.32898408912126,13.662121013458183,-0.030271648770400904
w74,0.25,65,2040,245,route-77/lane-1,signal-amber,12.34883091579657,1.5202011041232595,50.155740767890144,-8.0,braking,free,emergency,85.05291277324369,14.540793117652647,0.0
w74,0.25,65,2182,269,route-85/lane-1,signal-amber,9.322261603795923,2.033358480968161,21.369709823185993,-8.0,braking,emergency,emergency,49.72088105566439,16.481287700175308,0.0
w74,0.25,65,2289,345,route-89/lane-1,signal-amber,4.075471260207706,0.37614108813761504,22.07877112683612,-8.0,braking,emergency,emergency,153.94870370480908,14.819738960727118,0.0
w74,0.25,65,2522,338,route-77/lane-2,signal-amber,11.583853616375034,0.08569109472983882,782.9615494390437,-8.0,braking,emergency,emergency,54.022692815011,13.454317723794665,0.07818928379985837
w74,0.25,65,2660,363,route-83/lane-2,signal-amber,13.856961257738087,2.782484883200027,34.504298021131554,-8.0,braking,following,emergency,34.341889975685035,13.201649552771825,-0.030246495832717348
w74,0.25,65,2764,321,route-89/lane-2,signal-amber,4.397214558728258,0.7432859618404564,13.00676783106126,-8.0,braking,emergency,emergency,44.593740879540405,15.50663193223028,-0.38663908505780953
w74,0.25,65,2865,396,route-97/lane-1,signal-amber,2.203222535207466,0.07645299663374772,31.746234636820553,-8.0,braking,emergency,emergency,146.5380777026043,16.110884395777248,0.0
w74,0.25,65,3000,397,route-77/lane-2,signal-amber,12.905204720326896,2.7200765101808315,30.613901530011685,-8.0,braking,approaching,emergency,27.043863658031057,12.239796967082658,0.0
w74,0.25,65,3481,435,route-77/lane-1,signal-amber,10.077418628460727,2.1343339932855656,23.790645356520752,-8.0,braking,emergency,emergency,42.622391281990076,15.178086013016292,0.0
w74,0.25,65,3484,465,route-77/lane-2,signal-amber,5.826967660336386,0.5106172889009031,33.247554335352284,-8.0,braking,emergency,emergency,50.09852144736152,12.05714099506237,0.3853844749034712
w74,0.25,66,365,36,route-89/lane-1,signal-amber,4.562723621767947,0.3865103192634365,26.93129498885364,-8.0,braking,emergency,emergency,155.6063893265864,13.764919916408193,-0.9474828213571909
w74,0.25,66,749,105,route-83/lane-2,signal-amber,3.3575557728752337,0.3441304073416518,16.379227943050996,-8.0,braking,emergency,emergency,29.47344221851472,13.349835752911238,-0.0697748859542269
w74,0.25,66,1560,163,route-77/lane-2,signal-amber,11.597001251862384,2.4756079958821715,27.163112709969386,-8.0,braking,free,emergency,47.78178486029287,15.12931532946881,0.0
w74,0.25,66,1901,251,route-95/lane-2,signal-amber,11.34868147204393,2.4919095723858504,25.842143828397873,-8.0,braking,emergency,emergency,33.881383862701796,12.20246885972563,0.0
w74,0.25,66,2045,283,route-79/lane-1,signal-amber,8.16075075565372,0.48955576908451803,68.01865803812552,-8.0,braking,emergency,emergency,,,
w74,0.25,66,2668,343,route-87/lane-2,signal-amber,1.9657551587861164,0.13649154432044952,14.155431252290718,-8.0,braking,emergency,emergency,42.99765128708185,13.859428181000986,0.0
w74,0.25,66,3000,399,route-81/lane-2,signal-amber,12.331238277641258,1.1994768419762067,63.38573290395433,-8.0,braking,following,emergency,32.47437032139106,11.780698250452987,0.0
w74,0.25,66,3481,467,route-77/lane-1,signal-amber,11.082630625902675,0.1631395317864417,376.4406463755823,-8.0,braking,emergency,emergency,84.2940224168214,13.108832561369303,-0.13262840072918733
w74,0.25,67,263,30,route-83/lane-1,signal-amber,6.611186223468199,0.5759735774264527,37.94252461776933,-8.0,braking,emergency,emergency,21.61722386439942,11.34591614265675,0.21227763821787862
w74,0.25,67,601,68,route-77/lane-1,signal-amber,12.302604426475265,1.2214569015688994,61.95637172294911,-8.0,braking,emergency,emergency,35.08899767239387,13.506665564035066,0.0
w74,0.25,67,741,89,route-83/lane-1,signal-amber,10.030322650377638,0.6146107349289309,81.84641656341407,-8.0,braking,emergency,emergency,119.63982928073716,12.224320305087604,0.0
w74,0.25,67,841,110,route-89/lane-2,signal-amber,9.72759513401892,0.794507956478526,59.55013182674535,-8.0,braking,emergency,emergency,36.00473465812803,13.64701888170559,0.0
w74,0.25,67,940,128,route-95/lane-1,signal-amber,13.125424470242622,0.5877324777105173,146.5605305624248,-8.0,braking,free,emergency,27.82045250323165,13.936072656498292,0.0
w74,0.25,67,1081,146,route-77/lane-1,signal-amber,9.43996614628937,1.7428671210044513,25.56504732034066,-8.0,braking,emergency,emergency,193.8098281895413,15.667717840005645,0.0
w74,0.25,67,1222,165,route-83/lane-2,signal-amber,10.271511123967358,1.3543094361181147,38.95119459264543,-8.0,braking,emergency,emergency,84.08706500845568,13.295445729503065,-0.13340674148703038
w74,0.25,67,1280,181,route-79/lane-1,leader,3.661739037443531,0.7031440272373572,9.534556405903796,-1.727931022967688,braking,emergency,emergency,2.7031440272373572,2.747268177284443,-0.4623156233615858
w74,0.25,67,1801,227,route-89/lane-1,signal-amber,10.966607659336475,1.226586352623542,49.02487431748274,-8.0,braking,emergency,emergency,38.67107904259217,16.305187312993223,0.0
w74,0.25,67,1808,265,route-89/lane-2,signal-amber,1.8571492052497351,0.1665938714600088,10.351530762605703,-8.0,braking,emergency,emergency,71.48745222501526,11.14282366074156,0.0
w74,0.25,67,2285,314,route-91/lane-1,signal-amber,1.7723747686902058,0.12658252048072427,12.408159944832246,-8.0,braking,emergency,emergency,88.7856629522318,16.09048713707957,-0.16577920442873578
w74,0.25,67,2382,320,route-95/lane-1,signal-amber,7.672757804780266,1.4130460984188744,20.831313428730436,-8.0,braking,emergency,emergency,28.656019486502657,12.041249267584645,0.0
w74,0.25,67,2524,360,route-77/lane-2,signal-amber,8.591643272894437,0.013245723937984621,2786.4212810969857,-8.0,braking,emergency,emergency,116.45834584709769,11.74436407699366,-0.02217384706740716
w74,0.25,67,2660,371,route-83/lane-2,signal-amber,13.261153750722297,2.303615034302254,38.1700492881099,-8.0,braking,free,emergency,38.834715721067084,13.923315531010163,-0.23040115350297938
w74,0.25,67,3247,455,route-93/lane-2,signal-amber,3.61849124395782,0.25123296395099715,26.058441290278463,-8.0,braking,emergency,emergency,38.766475691832284,12.63915683733765,0.0
w74,0.25,67,3401,493,route-79/lane-1,leader,2.12671491297936,0.4607764691761105,4.907928923948731,-2.025930412968827,braking,emergency,emergency,2.4607764691761105,1.164695782118285,-0.24157193437241511
w74,0.25,67,3480,498,route-77/lane-2,signal-amber,13.908045566724821,0.46291551364669203,208.92984333392542,-8.0,braking,approaching,emergency,31.83410015906196,12.677907167277299,0.0
w74,0.25,68,1080,127,route-77/lane-2,signal-amber,14.53168727926068,2.4166087328416097,43.69137881371449,-8.0,braking,following,emergency,29.853465357079244,12.969341307662825,-0.07632150068491234
w74,0.25,68,1322,159,route-89/lane-1,signal-amber,8.033401614115574,1.6396919952273947,19.67916586819857,-8.0,braking,emergency,emergency,170.51125515808457,13.722704543810938,-0.2114872461969023
w74,0.25,68,2041,187,route-79/lane-1,signal-amber,12.153738048286177,2.4105018388729604,30.639542804792686,-8.0,braking,emergency,emergency,189.41567548234946,12.573567173299379,0.0
w74,0.25,68,2280,237,route-89/lane-1,signal-amber,13.315216050268873,1.428007824078918,62.07773356553392,-8.0,braking,free,emergency,30.54132321985162,13.06849907285029,-0.03842486304684617
w74,0.25,68,2661,310,route-83/lane-1,signal-amber,10.588406690689736,1.680830053855118,33.35088993390495,-8.0,braking,emergency,emergency,38.01994524771118,13.503954760539346,0.0
w74,0.25,68,2761,284,route-89/lane-1,signal-amber,10.439757893416099,1.4999936026449632,36.329669900245726,-8.0,braking,emergency,emergency,28.605017485120186,12.80989510027226,0.0
w74,0.25,68,2868,374,route-95/lane-1,signal-amber,2.5993450168380523,0.23652557079282133,14.283010699251381,-8.0,braking,emergency,emergency,,,
w74,0.25,68,3000,287,route-77/lane-1,signal-amber,11.898732972710574,0.7828753280874139,90.42298388796675,-8.0,braking,approaching,emergency,27.45409174373549,11.245204513282514,0.0
w74,0.25,68,3240,324,route-89/lane-1,signal-amber,11.309746159180067,1.5325277231932546,41.731825222243806,-8.0,braking,free,emergency,29.328038482068223,11.14934479296673,0.0
w74,0.25,69,1082,135,route-81/lane-2,signal-amber,7.929724343526177,1.1296041879851373,27.832991782931934,-8.0,braking,emergency,emergency,118.23722353204812,12.155184347662143,0.0
w74,0.25,69,1225,161,route-87/lane-2,signal-amber,4.987777162245475,0.8627064831663347,14.418531392571511,-8.0,braking,emergency,emergency,,,
w74,0.25,69,2180,289,route-83/lane-2,signal-amber,12.314663614026216,1.9433115517182955,39.01868946143246,-8.0,braking,following,emergency,29.05312156887311,11.908517557564192,0.0
w74,0.25,69,2232,308,route-91/lane-1,leader,3.638131971424806,0.7689678258511776,8.60634463272393,-1.612520706828597,braking,emergency,emergency,2.7689678258511776,2.950864239273752,-0.8288946912230675
w74,0.25,69,2522,352,route-77/lane-2,signal-amber,9.899577025578411,0.8034302489962215,60.989504320879014,-8.0,braking,emergency,emergency,41.04407161105689,12.469049062491395,0.0
w74,0.25,69,2660,334,route-85/lane-1,signal-amber,15.576069527713088,2.3681731587154786,51.22386026530013,-8.0,braking,free,emergency,114.67594598742522,13.049944119560532,0.0
w74,0.25,69,2761,376,route-89/lane-2,signal-amber,10.938710430511982,1.0268008604484749,58.26611103068703,-8.0,braking,emergency,emergency,27.669563808185785,12.056625882475636,0.3984718523800881
w74,0.25,70,740,67,route-85/lane-1,signal-amber,13.09142643682193,0.19119120957878977,448.204304288614,-8.0,braking,free,emergency,80.39746812708688,13.895656146924011,0.0
w74,0.25,70,1560,192,route-77/lane-2,signal-amber,12.473488778951578,2.6818501947290656,29.007571456531196,-8.0,braking,free,emergency,31.287807430152952,12.857795272244015,-0.02755555786296629
w74,0.25,70,1562,135,route-79/lane-1,signal-amber,9.604039121414536,1.9288840436609576,23.909567749494432,-8.0,braking,emergency,emergency,81.94297232210477,14.465579146389516,-0.0731841948419969
w74,0.25,70,1700,158,route-83/lane-1,signal-amber,15.508109465283344,2.513785715099459,47.83650765110965,-8.0,braking,free,emergency,40.6863377253851,15.1822744168574,0.0
w74,0.25,70,1702,231,route-87/lane-2,signal-amber,11.09557489131078,0.049055059364206954,1254.8326692935857,-8.0,braking,emergency,emergency,35.68204560029005,13.401365768234246,0.0
w74,0.25,70,2520,326,route-77/lane-2,signal-amber,12.996258511940615,2.581843402930815,32.70971723487502,-8.0,braking,free,emergency,29.307070787248506,13.027741788276472,0.0
w74,0.25,70,2522,222,route-77/lane-1,signal-amber,7.695435565776023,0.3694869222556463,80.13778699593146,-8.0,braking,emergency,emergency,180.08113786859963,13.026442750570888,0.29753460001670873
w74,0.25,70,3000,273,route-77/lane-1,signal-amber,12.421064123609103,0.20125963543347325,383.29303745014397,-8.0,braking,free,emergency,40.47403854883021,14.410197342126521,-0.09284581763510136
w74,0.25,70,3480,341,route-77/lane-1,signal-amber,14.497994594489503,2.7236758607942306,38.58606126511588,-8.0,braking,approaching,emergency,31.896819624217585,13.770754702133127,0.0
w74,0.25,71,362,47,route-93/lane-2,signal-amber,12.6332714639185,0.9451577892476166,84.4301077009084,-8.0,braking,emergency,emergency,183.57271054111322,13.527316727652215,0.37593252999346705
w74,0.25,71,741,67,route-85/lane-1,signal-amber,9.714731329451315,0.6131020809353345,76.96597984094674,-8.0,braking,emergency,emergency,128.86388154756463,14.20075848876033,0.0
w74,0.25,71,943,112,route-95/lane-1,signal-amber,5.829393177614547,1.075955850344485,15.791458733338908,-8.0,braking,emergency,emergency,122.67079829287104,14.050746505032293,0.0
w74,0.25,71,1083,139,route-77/lane-2,signal-amber,8.66696224528438,1.7824748206130607,21.070770170921552,-8.0,braking,emergency,emergency,48.30250573284934,15.625802339413104,-0.2611172999339697
w74,0.25,71,1420,150,route-95/lane-1,signal-amber,12.13260887216311,1.0000136915898565,73.59909133387313,-8.0,braking,free,emergency,38.360349039291236,16.106433546287008,0.0
w74,0.25,71,1805,226,route-89/lane-1,signal-amber,2.228197557956948,0.15879219079494078,15.633213234323266,-8.0,braking,emergency,emergency,83.45473466556467,14.097584243421444,0.0
w74,0.25,71,2282,288,route-89/lane-1,signal-amber,8.391188866584562,1.6598596137952768,21.2102427245926,-8.0,braking,emergency,emergency,60.714754393700616,11.232493794350884,0.0
w74,0.25,71,3143,362,route-85/lane-1,signal-amber,5.862555608046241,0.29615369678816705,58.02655619392505,-8.0,braking,emergency,emergency,162.7477918198109,13.30167644480709,0.0
w74,0.25,71,3148,404,route-79/lane-1,leader,2.978730051303492,0.5376504172999148,8.251488730444915,-3.2311038436613657,braking,emergency,emergency,2.537650417299915,1.4250582984696836,-0.18385594010202885
w74,0.25,72,120,3,route-77/lane-1,signal-amber,15.11246391690802,0.46442060309453836,245.88332657730524,-8.0,braking,free,emergency,,,
w74,0.25,72,943,109,route-97/lane-1,signal-amber,4.890314380613923,0.3639265772898739,32.85714239302517,-8.0,braking,emergency,emergency,75.88883293164929,14.16439939386677,0.0
w74,0.25,72,2040,237,route-77/lane-2,signal-amber,12.30696572068613,1.4852655301946243,50.98798907367643,-8.0,braking,free,emergency,44.157033447124604,15.352316341125407,0.0
w74,0.25,72,2180,247,route-83/lane-1,signal-amber,12.25557137808297,0.8499320411443705,88.35943495026652,-8.0,braking,free,emergency,74.35952101850665,12.50808090274688,0.0
w74,0.25,72,2181,250,route-83/lane-2,signal-amber,11.142802692134865,1.1121792674668995,55.819261996602215,-8.0,braking,emergency,emergency,48.32123292191574,13.048114676796793,-0.21469992251835582
w74,0.25,72,2284,268,route-91/lane-1,signal-amber,5.37286635229745,0.0503363485829027,286.7479828429126,-8.0,braking,emergency,emergency,110.1398340701981,12.03421229806263,0.0
w74,0.25,72,2588,334,route-85/lane-1,leader,7.255475105549932,1.470099417800455,17.904203746307513,-2.2904061849970505,braking,emergency,emergency,3.470099417800455,5.49705507084333,-0.7777340423559804
w74,0.25,72,2599,333,route-85/lane-1,leader,2.0274168861193846,0.47240904560355546,4.350487430729127,-1.0571654063352585,braking,emergency,emergency,2.4724090456035555,1.445191515745874,0.3822659420561088
w74,0.25,72,2660,330,route-83/lane-2,signal-amber,12.416456471207926,2.0178954186170586,38.200292710674454,-8.0,braking,approaching,emergency,31.11970128991385,11.523267772817215,-0.21501029464472413
w74,0.25,72,3344,416,route-97/lane-1,signal-amber,3.8429316173621917,0.553580752121718,13.338725523891467,-8.0,braking,emergency,emergency,91.08817833923877,14.990805644164794,0.0
w74,0.25,73,1221,128,route-83/lane-1,signal-amber,12.556612909990363,2.0196196005219917,39.034214099176296,-8.0,braking,emergency,emergency,77.64136474616049,13.479610470846959,-0.2447488939850792
w74,0.25,73,1707,183,route-83/lane-1,signal-amber,3.658714732406054,0.11334267614614646,59.051867964828446,-8.0,braking,emergency,emergency,39.984949997809736,14.869519381620922,0.0
w74,0.25,73,1900,255,route-95/lane-1,signal-amber,12.232792863810467,1.1580645287274365,64.60832602019538,-8.0,braking,following,emergency,30.583042663471247,11.541185242547654,0.0
w74,0.25,73,2590,368,route-83/lane-2,leader,0.8306597019805371,0.13842006862398648,2.4923970467344034,-1.1454940746920754,braking,emergency,emergency,2.1384200686239865,0.5449900793552049,0.21160030372922806
w74,0.25,73,2760,380,route-91/lane-1,signal-amber,12.030782480766065,0.05584179287944835,1295.9803010978965,-8.0,braking,free,emergency,71.61563667237522,13.495027042631992,0.0
w74,0.25,73,2862,396,route-95/lane-1,signal-amber,8.723238076970182,0.21231593569206098,179.20200454917577,-8.0,braking,emergency,emergency,33.785964931186925,12.596415404151195,0.0
w74,0.25,73,3001,347,route-77/lane-1,signal-amber,10.225270779761486,2.259608916338209,23.135897934249993,-8.0,braking,emergency,emergency,146.58595461979115,12.556688043377362,0.0
w74,0.25,73,3145,452,route-83/lane-2,signal-amber,3.161193545139394,0.4727520147968107,10.569119027579431,-8.0,braking,emergency,emergency,138.18958353931833,13.690758612402716,0.0
w74,0.25,73,3240,458,route-89/lane-2,signal-amber,13.4183996967892,0.6481182207563165,138.9047897871784,-8.0,braking,free,emergency,31.224724112067918,13.154800112652593,0.0
w74,0.25,73,3481,439,route-79/lane-1,signal-amber,9.521336396621447,0.884594599366153,51.241465210496855,-8.0,braking,emergency,emergency,17.767258509156136,12.489464497562398,1.7644634375667336
w74,0.25,74,127,6,route-77/lane-1,signal-amber,3.6426611944800253,0.6075091558698773,10.920807077196326,-8.0,braking,emergency,emergency,74.00722686127767,15.256146928393283,0.0
w74,0.25,74,844,83,route-89/lane-1,signal-amber,4.190281835938803,0.09740991397444532,90.12666754435787,-8.0,braking,emergency,emergency,39.05479446285409,13.337666834457778,0.0
w74,0.25,74,1423,152,route-97/lane-1,signal-amber,6.378280116938985,0.8504202667289746,23.9190308849404,-8.0,braking,emergency,emergency,72.31839276629279,13.52091560819652,0.0
w74,0.25,74,1561,176,route-77/lane-2,signal-amber,11.139105501100069,2.5340520056152513,24.482463479377582,-8.0,braking,emergency,emergency,30.52041741443918,12.959952671617128,-0.107767616886834
w74,0.25,74,2184,264,route-83/lane-2,signal-amber,5.763097643549555,0.8724277088963959,19.034983707189106,-8.0,braking,emergency,emergency,71.85650482893408,14.416387315359898,0.0
w74,0.25,74,2283,273,route-93/lane-2,signal-amber,5.647661112225615,0.9991097104854134,15.962249042224247,-8.0,braking,emergency,emergency,250.82154081910005,14.654121878673322,0.0
w74,0.25,74,2283,274,route-89/lane-2,signal-amber,6.2177681416347905,0.9807719158849295,19.709292261007434,-8.0,braking,emergency,emergency,39.121197679596435,12.745021644770167,0.0
w74,0.25,74,2381,253,route-97/lane-1,signal-amber,10.947415033200574,1.3788134894862765,43.459792358790516,-8.0,braking,emergency,emergency,36.3663821642981,12.692371869203635,0.0
w74,0.25,74,2761,311,route-89/lane-1,signal-amber,9.497713843765668,1.4409970675853288,31.30005268130653,-8.0,braking,emergency,emergency,34.997296721748796,14.102539001667953,-0.02966017105703587
w74,0.25,74,3002,365,route-77/lane-2,signal-amber,11.308523761934888,1.0951671309218227,58.38501999535208,-8.0,braking,emergency,emergency,45.25553132577153,12.142442902436649,-0.25906761829814734
w74,0.25,74,3242,346,route-89/lane-1,signal-amber,8.022118769721128,0.929616878849572,34.61339344179748,-8.0,braking,emergency,emergency,37.57039749642462,14.113053217153066,0.0
w74,0.25,75,513,68,route-87/lane-2,leader,7.361060433873555,1.6077986619841624,16.85074505668188,-2.0088871185638664,braking,emergency,emergency,3.6077986619841624,5.919186421811163,-0.9958596462585072
w74,0.25,75,748,74,route-83/lane-2,signal-amber,4.872525877355807,0.043352336821214976,273.8204000791462,-8.0,braking,emergency,emergency,36.417765464207775,13.79291447287891,0.0
w74,0.25,75,942,98,route-95/lane-1,signal-amber,8.551552588964242,1.5995139328592813,22.859773265962108,-8.0,braking,emergency,emergency,37.40912800539422,14.131237233993598,0.0
w74,0.25,75,1220,125,route-83/lane-2,signal-amber,14.248554396559484,0.9539219418239782,106.41400175968329,-8.0,braking,following,emergency,33.599201141660956,13.091406516465359,0.0
w74,0.25,75,1420,134,route-97/lane-1,signal-amber,12.63019923889544,1.447989932344342,55.083923323943225,-8.0,braking,free,emergency,,,
w74,0.25,75,1560,178,route-79/lane-1,signal-amber,12.931184772630223,0.9274356413379792,90.14940345761765,-8.0,braking,free,emergency,40.8345124014848,14.611784782898614,0.0
w74,0.25,75,1561,207,route-81/lane-2,signal-amber,10.956566030611285,1.919314545906559,31.273232269086737,-8.0,braking,emergency,emergency,,,
w74,0.25,75,1701,189,route-83/lane-2,signal-amber,9.923877568705938,0.7983042722356686,61.68283787512506,-8.0,braking,emergency,emergency,31.52831951869689,13.096578608103405,0.38626086631996004
w74,0.25,75,2042,269,route-81/lane-2,signal-amber,8.957386156921276,1.0738404820948517,37.35879215862799,-8.0,braking,emergency,emergency,269.4922849267098,12.154592323309576,-0.359046519672372
w74,0.25,75,2383,301,route-97/lane-1,signal-amber,6.493069054714022,0.2227612044304692,94.63035957512137,-8.0,braking,emergency,emergency,43.2461359238514,16.407027120986022,0.0
w74,0.25,75,2765,374,route-93/lane-2,signal-amber,6.948622319889257,0.49958299142457463,48.32365490144275,-8.0,braking,emergency,emergency,122.5169400032799,14.260543121662923,0.24275039868245896
w74,0.25,75,3000,391,route-77/lane-2,signal-amber,11.671020362102427,1.3161450633432992,51.746847701802366,-8.0,braking,free,emergency,35.73533033427594,12.043249053370008,-0.36057107283016154
w74,0.25,75,3006,334,route-77/lane-1,signal-amber,5.51785859767601,0.9436786379305886,16.131955456104407,-8.0,braking,emergency,emergency,44.44424987150711,15.864878884428787,-0.25294018999428586
w74,0.25,75,3341,394,route-95/lane-1,signal-amber,10.096691089134739,1.3852479439531749,36.79600153691287,-8.0,braking,emergency,emergency,28.23383939438554,11.37150847001467,0.0
w74,0.25,76,600,47,route-77/lane-1,signal-amber,11.510205194107256,1.8836501391550655,35.16704637886772,-8.0,braking,free,emergency,44.03338806092955,16.063732128576376,0.0
w74,0.25,76,600,84,route-77/lane-2,signal-amber,16.154256429972055,0.21403285661250493,609.626028768442,-8.0,braking,following,emergency,23.53888183104698,13.388180732806964,-0.09260308306887773
w74,0.25,76,3000,362,route-77/lane-1,signal-amber,11.796296882559545,0.9762728571319599,71.26727898093924,-8.0,braking,free,emergency,71.31127540623856,12.660141972438431,0.0
w74,0.25,76,3242,448,route-91/lane-1,signal-amber,8.752963984659873,1.1013974679722764,34.780531436032554,-8.0,braking,emergency,emergency,95.06258426620332,13.038021079334431,0.31940304196956404
w74,0.25,76,3343,418,route-95/lane-1,signal-amber,6.481276383721752,0.5703094009023744,36.82820544052374,-8.0,braking,emergency,emergency,34.179985827798305,13.516546823377722,0.0
w74,0.25,76,3484,480,route-77/lane-2,signal-amber,4.7164998955241675,0.7920681935505627,14.042585881880525,-8.0,braking,emergency,emergency,34.15567655810196,12.971276057916693,0.0
w74,0.25,77,767,113,route-79/lane-1,leader,5.198818827964992,0.4403904213537544,30.686086589849573,-8.0,braking,emergency,emergency,2.4403904213537544,1.610431882152617,-0.2776910221739252
w74,0.25,77,1080,146,route-77/lane-2,signal-amber,12.867179973092862,0.9021930391322144,91.75659381012966,-8.0,braking,following,emergency,31.992724807693207,12.72954374131281,0.0
w74,0.25,77,1081,89,route-77/lane-1,signal-amber,11.378701479635202,0.6959738695815645,93.01703197599616,-8.0,braking,emergency,emergency,67.39302149029817,14.065936343251636,-0.11472434535835965
w74,0.25,77,1560,191,route-79/lane-1,signal-amber,8.279916507057386,0.44216802927803656,77.52371590024269,-8.0,braking,free,emergency,53.13851883623437,13.849202454057522,0.0
w74,0.25,77,1700,196,route-83/lane-1,signal-amber,15.849598355101636,1.3747362134624268,91.36653474245092,-8.0,braking,free,emergency,73.50807068295984,13.44419558602851,0.0
w74,0.25,77,1703,230,route-83/lane-2,signal-amber,5.867270437213591,0.36174590311003385,47.581551148803754,-8.0,braking,emergency,emergency,194.00876411742922,12.021413498739712,0.0
w74,0.25,77,2041,150,route-79/lane-1,signal-amber,13.108460027887983,1.0962588402550182,78.37187623625663,-8.0,braking,emergency,emergency,133.72797240826787,13.435141128930264,0.0
w74,0.25,77,2386,334,route-97/lane-1,signal-amber,3.3335893016820783,0.34745459013726077,15.991755394423091,-8.0,braking,emergency,emergency,87.47676229195258,15.494780674180948,0.0
w74,0.25,77,2523,320,route-77/lane-2,signal-amber,5.442022996894083,1.0585733775254766,13.9884560331347,-8.0,braking,emergency,emergency,36.34369027473497,11.738428891398943,0.0
w74,0.25,77,2524,178,route-77/lane-1,signal-amber,5.844236325327763,0.41726280211526046,40.92756178256923,-8.0,braking,emergency,emergency,37.37111268991703,13.007342596198432,0.11771600634866228
w74,0.25,77,2664,373,route-83/lane-2,signal-amber,7.8637717511272065,1.5501667369455845,19.945888619592083,-8.0,braking,emergency,emergency,71.23895599730736,16.10437522120308,0.0
w74,0.25,77,2861,382,route-97/lane-1,signal-amber,11.435305434086647,0.36056843601983246,181.33341317161083,-8.0,braking,emergency,emergency,254.76868463420402,15.333589301682078,0.0
w74,0.25,77,3002,387,route-77/lane-2,signal-amber,9.932586472770089,1.6096349134563752,30.645543661578,-8.0,braking,emergency,emergency,32.72770986061528,12.319250352666714,0.0
w74,0.25,78,260,17,route-83/lane-1,signal-amber,12.153020951370708,1.0932826019776485,67.54699927415243,-8.0,braking,free,emergency,169.29691718565675,15.852271955045872,0.0
w74,0.25,78,1084,128,route-77/lane-2,signal-amber,5.208051638850012,0.6578901908627586,20.614231865471414,-8.0,braking,emergency,emergency,39.06249286370439,12.905610434249976,0.0
w74,0.25,78,2182,272,route-83/lane-1,signal-amber,9.34624571171968,1.0246066717432427,42.62723995112156,-8.0,braking,emergency,emergency,32.15932642979175,12.512782018869185,0.0
w74,0.25,78,2383,300,route-95/lane-2,signal-amber,6.668689756055066,1.1560932130606716,19.233493701074053,-8.0,braking,emergency,emergency,36.00494732148735,12.87984444411908,-0.02190947175461268
w74,0.25,78,3482,380,route-79/lane-1,signal-amber,7.686371466820129,1.3106839478102756,22.537968220580748,-8.0,braking,emergency,emergency,34.315625408957374,12.560968026746997,0.0
w74,0.25,79,942,83,route-95/lane-2,signal-amber,9.603750061350874,0.6211735018241598,74.24013980799663,-8.0,braking,emergency,emergency,38.305937193053126,13.328076013862155,0.0
w74,0.25,79,1321,152,route-89/lane-1,signal-amber,11.313564383625053,1.215898590446045,52.634627619509985,-8.0,braking,emergency,emergency,38.5349669734228,12.608420043813734,-0.020023170382810724
w74,0.25,79,1801,188,route-91/lane-1,signal-amber,11.20372858166155,0.1942791639785355,323.0493985073153,-8.0,braking,emergency,emergency,62.27985268915279,11.846332900994456,0.0
w74,0.25,79,2180,244,route-83/lane-1,signal-amber,12.712561998511665,1.4587989026491641,55.391196234286355,-8.0,braking,free,emergency,68.39351491617435,12.272921910271979,0.0
w74,0.25,79,2380,300,route-95/lane-1,signal-amber,14.599603218180128,0.8462383857584541,125.93875302480993,-8.0,braking,free,emergency,,,
w74,0.25,79,2764,324,route-91/lane-1,signal-amber,4.496299242175963,0.13599579698649222,74.32842530126194,-8.0,braking,emergency,emergency,105.58238826206025,11.40883432875853,0.0
w74,0.25,79,2864,364,route-97/lane-1,signal-amber,4.066601808820851,0.24741644628159065,33.419868646653285,-8.0,braking,emergency,emergency,43.719192707527554,12.478366849408484,0.0
w74,0.25,79,2873,368,route-85/lane-1,leader,2.5945043932658933,0.45007474181937823,7.478150206191147,-5.961363948942682,braking,emergency,emergency,2.4500747418193782,0.4728077587030845,-0.0910880200141009
w74,0.25,79,3141,393,route-83/lane-2,signal-amber,10.210549817490392,0.2649994263557005,196.70859105089983,-8.0,braking,emergency,emergency,194.8822247408391,11.558149794099169,-0.26861940760833786
w74,0.25,79,3241,403,route-89/lane-1,signal-amber,10.29979174262553,1.7794896568284457,29.80790293845591,-8.0,braking,emergency,emergency,37.1045909379319,13.50694061589893,0.0
w74,0.25,79,3241,409,route-89/lane-2,signal-amber,14.402088307063696,0.9467552213272938,109.54264784178865,-8.0,braking,emergency,emergency,39.32326088799016,14.067442020219751,0.0
w74,0.25,79,3482,440,route-77/lane-2,signal-amber,10.323740591402167,0.17546921379476998,303.6989153072203,-8.0,braking,emergency,emergency,62.20831486585678,15.087072673897529,-0.07122214331357019
w74,0.25,79,3484,395,route-77/lane-1,signal-amber,3.405077136945911,0.282925354508734,20.490475886624424,-8.0,braking,emergency,emergency,42.98966859773668,13.190256656605671,-0.012997333818610906
w74,0.25,79,3487,442,route-77/lane-2,leader,9.17817177793698,1.9476998718316167,21.62520992161402,-8.0,braking,emergency,emergency,3.9476998718316167,0.0,-8.0
w74,0.25,80,740,80,route-85/lane-1,signal-amber,12.148625899073668,1.4362300925574232,51.38073349126076,-8.0,braking,free,emergency,33.96925082602809,12.245571087230928,0.0
w74,0.25,80,740,99,route-83/lane-2,signal-amber,15.370462305010298,0.5660595518643845,208.68043891461713,-8.0,braking,free,emergency,99.78309716300657,14.29172813565936,0.0
w74,0.25,80,840,111,route-93/lane-2,signal-amber,12.79738240040373,1.4148661046453412,57.875793251551336,-8.0,braking,free,emergency,209.9523719087386,12.411369022768922,0.0
w74,0.25,80,940,124,route-97/lane-1,signal-amber,12.541658926410364,2.4942482061986198,31.531186077534123,-8.0,braking,approaching,emergency,31.994680612949935,11.624204184249974,0.0
w74,0.25,80,1321,168,route-89/lane-2,signal-amber,10.845777803912231,1.897522451576549,30.995916826728994,-8.0,braking,emergency,emergency,32.47558856931806,14.2739677577978,0.0
w74,0.25,80,1561,205,route-77/lane-2,signal-amber,9.34255740853492,2.022259652575201,21.580655782906437,-8.0,braking,emergency,emergency,37.54835873786624,13.323697866468066,0.31850287900262986
w74,0.25,80,1802,233,route-89/lane-2,signal-amber,7.769781263316981,0.7660725240343709,39.40194889242827,-8.0,braking,emergency,emergency,42.109902184772636,14.210497777373531,0.0
w74,0.25,80,2280,283,route-89/lane-1,signal-amber,11.439923697081394,2.0430710928964686,32.02821836451784,-8.0,braking,free,emergency,32.91917274049939,14.1735697691096,0.0
w74,0.25,80,2521,292,route-77/lane-1,signal-amber,9.848660989916052,1.2439944961560059,38.9857525873371,-8.0,braking,emergency,emergency,27.915109627694562,11.125903286826796,0.0
w74,0.25,80,2526,294,route-77/lane-1,leader,4.951274276639673,0.9213727142298467,13.303583112402732,-5.175023204718257,braking,emergency,emergency,2.9213727142298467,2.4809612605152402,-2.0
w74,0.25,80,2762,344,route-89/lane-1,signal-amber,8.447347708498128,1.2025312422725278,29.669783536524903,-8.0,braking,emergency,emergency,46.706071806416674,16.57640084467363,0.0
w74,0.25,80,2860,357,route-95/lane-1,signal-amber,12.085149871726355,0.15060804315965015,484.8706760875585,-8.0,braking,free,emergency,121.93974582182875,15.717239423674249,-0.024515291908462328
w74,0.25,80,3480,376,route-79/lane-1,signal-amber,11.217091410378925,2.1759853066911887,28.911762253607264,-8.0,braking,free,emergency,89.08194655406658,15.193382345014843,-0.040079068599415735
w74,0.25,81,361,22,route-89/lane-2,signal-amber,10.566719933911227,1.9869482048532632,28.097252331235953,-8.0,braking,emergency,emergency,189.46838372473042,12.779027894193927,-0.23697764221446385
w74,0.25,81,844,95,route-89/lane-1,signal-amber,4.748194748633541,0.10100836310283512,111.60141932009157,-8.0,braking,emergency,emergency,88.24298035643852,14.099824719117024,0.0
w74,0.25,81,1081,132,route-77/lane-2,signal-amber,10.164478367543468,1.491237694971062,34.641231519521114,-8.0,braking,emergency,emergency,26.70266351457491,11.383220705022104,0.0
w74,0.25,81,1800,229,route-93/lane-2,signal-amber,11.599254527953454,1.099826324758908,61.165432475778246,-8.0,braking,free,emergency,99.39544926769423,14.517919579870068,0.0
w74,0.25,81,2040,251,route-77/lane-2,signal-amber,11.822399944071657,0.013540189506954903,5161.269728381322,-8.0,braking,free,emergency,37.8326440434069,13.008450174755417,0.0
w74,0.25,81,2282,274,route-91/lane-1,signal-amber,8.124819975201971,1.287097448218617,25.64401775514534,-8.0,braking,emergency,emergency,129.61539110335775,11.473179327803663,0.0
w74,0.25,81,2761,364,route-89/lane-1,signal-amber,10.493899893728084,0.8419026908673573,65.40063131650932,-8.0,braking,emergency,emergency,79.48909573249244,14.228192905160345,-0.025001831324467084
w74,0.25,81,2863,366,route-95/lane-1,signal-amber,5.114018502798862,0.8694397040399053,15.040252432369215,-8.0,braking,emergency,emergency,32.95179910282417,11.268271710122935,0.0
w74,0.25,81,3148,346,route-85/lane-1,signal-amber,2.991727227573284,0.37941158789885776,11.795148184284374,-8.0,braking,emergency,emergency,114.48648202551533,13.853458772912857,0.3461846089445861
w74,0.25,81,3199,459,route-85/lane-1,leader,7.458128950691448,1.1096438541072047,25.06375682578602,-8.0,braking,emergency,emergency,3.1096438541072047,1.1894357205403518,-0.05670626896345387
w74,0.25,81,3240,402,route-89/lane-1,signal-amber,12.43026396338356,0.44096334445595176,175.19762599544853,-8.0,braking,approaching,emergency,28.15190947210607,11.464273607986978,0.0
w74,0.25,81,3340,466,route-95/lane-1,signal-amber,12.013185803755187,0.936642626550622,77.03932592039969,-8.0,braking,free,emergency,35.08313053410103,12.375743816142263,-0.029731259946263508
w74,0.5,42,541,127,route-77/lane-1,signal-amber,9.184688391438685,3.261521606765882,12.932384178113457,-8.0,braking,emergency,emergency,41.539301094632094,15.540871043200607,0.0
w74,0.5,42,1020,215,route-77/lane-1,signal-amber,12.298738710512406,5.059796915491745,14.947138827483556,-8.0,braking,free,emergency,44.25039138017945,15.386109301875955,-0.07392821358434212
w74,0.5,42,1260,329,route-77/lane-2,signal-amber,10.958467275073541,2.3058961680895322,26.039334875679234,-8.0,braking,free,emergency,32.67983964104451,14.510401485897848,1.650321603343846
w74,0.5,42,1261,253,route-77/lane-1,signal-amber,6.1151427069322395,0.27336304394862054,68.39799884064625,-8.0,braking,emergency,emergency,27.104461416169556,13.656756047222935,1.7110599454931157
w74,0.5,42,1331,286,route-83/lane-1,signal-amber,10.521142497570255,2.8241644026145423,19.597732935041005,-8.0,braking,emergency,emergency,36.55489279346352,13.595457834922708,0.0
w74,0.5,42,1332,353,route-83/lane-2,signal-amber,4.9441849976888275,0.5920358103218746,20.644836735535623,-8.0,braking,emergency,emergency,35.26712493420513,12.20837657364551,0.0
w74,0.5,42,1502,370,route-77/lane-2,signal-amber,4.289900009416268,0.6479894856347528,14.20026288911338,-8.0,braking,emergency,emergency,33.43025375556584,11.693923021820373,0.0
w74,0.5,42,1596,450,route-85/lane-1,leader,1.5486719000180968,0.43840410955877473,2.735358316234171,-1.6523651818166474,braking,emergency,emergency,2.4384041095587747,0.6454770489140802,0.36281820304532414
w74,0.5,42,1767,503,route-85/lane-1,leader,6.099366152776321,1.890567715204277,9.83891430241992,-5.052675771698942,braking,emergency,emergency,3.890567715204277,2.162362393814034,-0.32611502853552027
w74,0.5,43,134,32,route-85/lane-1,signal-amber,5.20057417319622,0.42615515669342585,31.732540726208196,-8.0,braking,emergency,emergency,135.40015387986273,16.31385088163894,0.0
w74,0.5,43,184,48,route-89/lane-1,signal-amber,5.499909547208809,1.5039700627294792,10.056385355364458,-8.0,braking,emergency,emergency,98.58248768805464,14.635554555668673,-0.054635909532615594
w74,0.5,43,302,55,route-77/lane-2,signal-amber,4.440467701598646,0.8377765146897218,11.76790770760828,-8.0,braking,emergency,emergency,29.52427268746044,11.126846211752854,0.0
w74,0.5,43,471,133,route-97/lane-1,signal-amber,12.468249580836854,1.989481998164763,39.06977991091224,-8.0,braking,emergency,emergency,133.76898563587667,11.34529619218316,0.0
w74,0.5,43,781,183,route-77/lane-1,signal-amber,7.643711233553477,2.5631465868195846,11.397381976199892,-8.0,braking,emergency,emergency,35.72513891763464,12.085043262966915,-0.020035579605860793
w74,0.5,43,901,226,route-89/lane-1,signal-amber,8.589469147781227,1.0581345655301675,34.862758785183125,-8.0,braking,emergency,emergency,47.01658351487299,14.973909786513364,-0.08156175112328133
w74,0.5,43,1020,244,route-77/lane-2,signal-amber,14.13294573208783,2.4085659963014905,41.46453852060803,-8.0,braking,free,emergency,34.405201500171984,13.401155304794568,-0.33407656386585793
w74,0.5,43,1091,246,route-83/lane-1,signal-amber,8.92525456292668,2.7333575889193185,14.57185282598509,-8.0,braking,emergency,emergency,63.29964197322846,14.971104496954942,0.0
w74,0.5,43,1091,285,route-83/lane-2,signal-amber,10.933916207763048,2.1710889962140527,27.532386707052495,-8.0,braking,emergency,emergency,38.27723476144229,14.517727546097433,-0.022900149152700864
w74,0.5,43,1143,326,route-89/lane-2,signal-amber,5.850991925043054,1.7377796216113666,9.849956254860224,-8.0,braking,emergency,emergency,182.36066956784458,13.87403447605724,0.3460055586451775
w74,0.5,43,1261,288,route-79/lane-1,signal-amber,8.902830251264387,3.1942294340375383,12.406808609023802,-8.0,braking,emergency,emergency,33.93990482755294,13.126494383732789,0.0
w74,0.5,43,1500,351,route-79/lane-1,signal-amber,13.155231878743507,0.18938464896655205,456.90114464893674,-8.0,braking,free,emergency,,,
w74,0.5,43,1501,397,route-77/lane-2,signal-amber,8.651503387753799,0.21137332246843243,177.0528796969961,-8.0,braking,emergency,emergency,35.77446823676951,11.682496992419473,0.0
w74,0.5,43,1542,431,route-79/lane-1,leader,4.183394546379049,1.575772862560754,5.553081394685849,-3.5639757126571405,braking,emergency,emergency,3.575772862560754,1.1902472218440034,0.14263181833470615
w74,0.5,43,1570,360,route-85/lane-1,signal-amber,15.226425190675073,3.481121283519201,33.30019341538774,-8.0,braking,free,emergency,35.35176225323693,14.398508904078046,0.0
w74,0.5,43,1740,449,route-77/lane-2,signal-amber,13.201229409696182,0.5697015747877003,152.9506549041664,-8.0,braking,approaching,emergency,26.835106353817253,12.37856764478525,-0.02239556188199432
w74,0.5,43,1785,485,route-79/lane-1,leader,5.46860101451406,2.0064668085414894,7.452302955781942,-4.382416047140709,braking,emergency,emergency,4.006466808541489,1.6339138024394009,0.07059106925109636
w74,0.5,44,287,73,route-87/lane-2,leader,3.72495444285905,1.6937838153260714,4.09594349521643,-0.9381164050683897,braking,emergency,emergency,3.6937838153260714,3.310889881567111,-0.24827938256175855
w74,0.5,44,300,63,route-77/lane-1,signal-amber,13.503434305125387,3.9968408792828996,22.81085781748115,-8.0,braking,approaching,emergency,33.77219545554448,12.232086873711326,-0.03353538013157614
w74,0.5,44,459,131,route-93/lane-2,leader,7.263782083390623,3.11692470304655,8.463876285400058,0.40115775511156215,braking,emergency,emergency,5.11692470304655,6.617495258191896,2.3326108360799376
w74,0.5,44,610,156,route-83/lane-1,signal-amber,15.303502487585156,4.485792485469005,26.104327066640817,-8.0,braking,free,emergency,33.21736475771024,13.212494261548855,0.0
w74,0.5,44,780,135,route-79/lane-1,signal-amber,11.630549931121058,1.4216732314706633,47.574115030768716,-8.0,braking,free,emergency,172.10251253157128,11.394266527206636,0.0
w74,0.5,44,781,214,route-77/lane-2,signal-amber,12.189871017425322,1.8054720055384337,41.15072262700412,-8.0,braking,emergency,emergency,132.3081925394314,12.182390821906738,0.0
w74,0.5,44,785,145,route-79/lane-1,leader,6.297018155181263,1.2683025960062082,15.632088813641577,-8.0,braking,emergency,emergency,3.268302596006208,0.0,-8.0
w74,0.5,44,1020,201,route-77/lane-1,signal-amber,14.986904490622692,0.26397027499069736,425.44052776200283,-8.0,braking,free,emergency,81.93185660088773,13.887121273516678,0.0
w74,0.5,44,1168,342,route-79/lane-1,leader,3.1930306385206197,1.1424191977103977,4.462216968589464,-1.3906083500233617,braking,emergency,emergency,3.1424191977103977,2.1645395623426533,-0.1950879065846277
w74,0.5,44,1260,335,route-77/lane-2,signal-amber,12.852676898279924,2.7682387765166254,29.83689572823711,-8.0,braking,following,emergency,29.523329522414997,11.312668764689006,0.0
w74,0.5,44,1333,355,route-83/lane-1,signal-amber,2.99529534549918,0.3832840942108078,11.703843627064954,-8.0,braking,emergency,emergency,75.37007137731837,10.95745879604784,-0.33831331214681387
w74,0.5,44,1482,284,route-77/lane-1,leader,7.681157557413955,3.6648212752562586,8.049530521470244,0.5683210058686708,braking,emergency,emergency,5.664821275256259,7.217621499485267,2.2666833513007614
w74,0.5,44,1621,390,route-89/lane-1,signal-amber,7.603821140243671,2.1711848612176823,13.314871747122904,-8.0,braking,emergency,emergency,80.34206750645251,14.496408027210274,0.0
w74,0.5,45,57,5,route-85/lane-1,leader,3.8531925318903584,1.6796523525747489,4.419692165779554,-1.30552267634867,braking,emergency,emergency,3.679652352574749,3.0571230536858476,-0.6748722203805525
w74,0.5,45,130,22,route-83/lane-1,signal-amber,11.124228554177098,2.757645982392944,22.437336357835623,-8.0,braking,free,emergency,71.71960038976175,11.450547537296078,0.0
w74,0.5,45,133,26,route-83/lane-1,leader,3.9033868003590566,0.747039475199017,10.197873753029057,-8.0,braking,emergency,emergency,2.747039475199017,0.0,-8.0
w74,0.5,45,231,58,route-95/lane-1,signal-amber,9.408615943049082,0.38257641427622957,115.69199075074485,-8.0,braking,emergency,emergency,108.25422140094827,12.560311354030855,0.0
w74,0.5,45,300,83,route-77/lane-2,signal-amber,14.256034871046431,4.084983798277165,24.87580615744494,-8.0,braking,free,emergency,40.79976050742198,13.967679627868348,0.0
w74,0.5,45,302,71,route-79/lane-1,signal-amber,3.7723609857400877,0.25218053669635765,28.21531667978932,-8.0,braking,emergency,emergency,161.89149326955828,13.369949703733436,0.0
w74,0.5,45,370,75,route-83/lane-2,signal-amber,13.659701835378073,5.103158615604798,18.28156523107775,-8.0,braking,approaching,emergency,30.713604835686226,11.90831944270525,0.38035822172337913
w74,0.5,45,471,118,route-95/lane-1,signal-amber,8.895417589306573,0.12814102946140338,308.7553394128872,-8.0,braking,emergency,emergency,106.88177032920407,12.37823423332069,0.0
w74,0.5,45,541,131,route-77/lane-2,signal-amber,11.060900415880539,0.9223720158088895,66.32005086512468,-8.0,braking,emergency,emergency,38.30024121148756,13.467511722599156,0.0
w74,0.5,45,542,141,route-77/lane-1,signal-amber,4.11430501861032,0.313415855997107,27.004865041541358,-8.0,braking,emergency,emergency,96.0839628723486,13.68797610481673,-0.059775954150633685
w74,0.5,45,780,202,route-77/lane-2,signal-amber,13.648957331241109,1.8641247863991453,49.96823109409352,-8.0,braking,free,emergency,42.80502988453003,15.359949335766716,-0.07567590560449114
w74,0.5,45,1020,254,route-77/lane-2,signal-amber,12.195038933695297,2.2533660854666095,32.99929282541513,-8.0,braking,free,emergency,72.72004550560229,11.744725364255718,0.0
w74,0.5,45,1261,298,route-77/lane-2,signal-amber,8.50998114446776,1.1758051919767354,30.795823820715754,-8.0,braking,emergency,emergency,30.98136663978346,11.858883823403158,0.0
w74,0.5,45,1570,343,route-85/lane-1,signal-amber,12.07800509836059,4.563264258885283,15.983975382532375,-8.0,braking,free,emergency,216.44519382922374,12.02736453697551,0.0
w74,0.5,45,1621,430,route-89/lane-1,signal-amber,8.298899053574155,2.522010107499682,13.654133521632346,-8.0,braking,emergency,emergency,39.113147431571235,14.667788922300653,-0.06105146972190406
w74,0.5,45,1742,470,route-77/lane-2,signal-amber,7.452829622854479,2.195771482177747,12.648098820421993,-8.0,braking,emergency,emergency,36.54944838511875,13.547895918819123,0.0
w74,0.5,46,421,107,route-89/lane-1,signal-amber,9.169366673997281,0.02733660711317043,1537.8149317166833,-8.0,braking,emergency,emergency,84.17939616146776,15.634390991549008,0.0
w74,0.5,46,496,143,route-85/lane-1,leader,7.739989712401357,3.488207776770082,8.587137662360002,-2.2624025604155893,braking,emergency,emergency,5.488207776770082,4.868094925206575,-0.8747361152844861
w74,0.5,46,780,202,route-77/lane-2,signal-amber,12.93070457009133,2.6591699470388903,31.43896855204182,-8.0,braking,free,emergency,33.259896620743405,13.564462234922608,-0.055640014391619703
w74,0.5,46,782,176,route-79/lane-1,signal-amber,3.3371194359892975,0.30218430017140463,18.426447243852127,-8.0,braking,emergency,emergency,129.15970592141542,12.835273250066676,0.0
w74,0.5,46,852,184,route-85/lane-1,signal-amber,6.695831052947465,1.5656373007478805,14.31818003703635,-8.0,braking,emergency,emergency,98.41158176849956,16.078709920789116,0.0
w74,0.5,46,900,250,route-89/lane-2,signal-amber,12.606582628316247,1.2831830893099436,61.92644170912135,-8.0,braking,free,emergency,93.46828614420366,11.217687373128719,0.0
w74,0.5,46,1141,323,route-93/lane-2,signal-amber,9.927912265858613,3.888611640230863,12.673346052208787,-8.0,braking,emergency,emergency,95.71630116365293,11.206743820770644,0.0
w74,0.5,46,1260,290,route-79/lane-1,signal-amber,13.594872330422364,1.512709575902818,61.08923901343675,-8.0,braking,approaching,emergency,35.42783015557069,11.876088428753429,0.0
w74,0.5,46,1502,420,route-77/lane-2,signal-amber,6.177402147649985,0.4814271621699504,39.6324722537358,-8.0,braking,emergency,emergency,33.03020122612628,13.176491575078108,0.0
w74,0.5,46,1674,480,route-95/lane-2,signal-amber,9.55754112281371,0.6973336496959064,65.4970489048604,-8.0,braking,emergency,emergency,,,
w74,0.5,46,1741,470,route-77/lane-2,signal-amber,8.049871264757087,1.6931219890929015,19.136372865217766,-8.0,braking,emergency,emergency,79.90362672005551,14.228734261854552,0.0
w74,0.5,47,181,37,route-89/lane-1,signal-amber,11.42132985981647,4.354040459826592,14.979968258256678,-8.0,braking,emergency,emergency,,,
w74,0.5,47,300,63,route-77/lane-1,signal-amber,11.782689273781143,4.614244349419721,15.043824731555064,-8.0,braking,free,emergency,70.52741058175985,11.867895282113025,-0.3597642944119182
w74,0.5,47,341,90,route-83/lane-2,leader,2.0028598544366525,0.5512101156142535,3.638764495498927,-1.4478696309366723,braking,emergency,emergency,2.5512101156142535,1.1382258365129623,0.20874437409829447
w74,0.5,47,540,104,route-79/lane-1,signal-amber,14.900256245848723,4.412212295166,25.15944625275572,-8.0,braking,free,emergency,72.22772747506923,12.92057476714719,0.0
w74,0.5,47,594,159,route-91/lane-1,leader,7.89824816127535,3.2369217608859913,9.636056819614714,-2.3237183819148455,braking,emergency,emergency,5.236921760885991,5.136554485497093,-0.9069594059671681
w74,0.5,47,599,158,route-89/lane-1,leader,3.7113541847901437,0.8320004556565266,8.277729772449591,-3.081042466374675,braking,emergency,emergency,2.8320004556565266,1.7143668082474337,0.3095778721649557
w74,0.5,47,660,142,route-91/lane-1,signal-amber,13.100703175624409,2.446935233829265,35.070078954895386,-8.0,braking,free,emergency,155.65152685755834,14.012323603979313,0.0
w74,0.5,47,771,210,route-79/lane-1,leader,5.876259204794758,2.105615140231876,8.199604377401213,-3.1014131354506476,braking,emergency,emergency,4.105615140231876,2.97440645803922,-0.7116325133736467
w74,0.5,47,781,153,route-77/lane-1,signal-amber,10.678688060301534,1.5530238245759733,36.71366043607273,-8.0,braking,emergency,emergency,99.09718664767257,16.253427514798783,-0.20437469940199132
w74,0.5,47,1090,266,route-83/lane-1,signal-amber,13.857570154662245,1.5449099693521475,62.1499810347893,-8.0,braking,free,emergency,40.38480081915162,15.603202368477826,-0.09248095289145679
w74,0.5,47,1140,186,route-91/lane-1,signal-amber,7.251920497388692,0.11123737717002768,236.3879490796572,-8.0,braking,emergency,emergency,7.84712022618379,9.179850712784464,2.0731800491834345
w74,0.5,47,1261,252,route-79/lane-1,signal-amber,10.915503584192523,2.0155271463033273,29.557582172745533,-8.0,braking,emergency,emergency,38.55051666099291,13.811927563878708,0.0
w74,0.5,47,1331,330,route-83/lane-1,signal-amber,9.092198425722309,2.7615016935743597,14.967956095240615,-8.0,braking,emergency,emergency,38.99797314436273,14.421812495277264,0.0
w74,0.5,47,1448,394,route-79/lane-1,leader,1.6093170097061882,0.2729384363095875,4.744478778342536,-3.259314892569364,braking,emergency,emergency,2.2729384363095875,0.48773237550401255,-0.018636300030536148
w74,0.5,47,1500,402,route-77/lane-2,signal-amber,12.134196061654947,4.469455403822167,16.471661618635633,-8.0,braking,free,emergency,115.6326744178939,12.877830088553019,0.0
w74,0.5,47,1501,319,route-77/lane-1,signal-amber,11.159842020393418,0.6467691846110597,96.28015440704176,-8.0,braking,emergency,emergency,39.96155254446069,13.380695361304097,0.0
w74,0.5,48,641,177,route-85/lane-1,leader,6.110909232860965,1.9294693433001129,9.677067889659897,-3.06112143178279,braking,emergency,emergency,3.929469343300113,3.1241842749154225,0.08209059911376806
w74,0.5,48,692,185,route-85/lane-1,leader,3.2828986307370944,1.0099027008656947,5.3358721639505555,-4.438298101675209,braking,emergency,emergency,3.0099027008656947,0.6413358265257086,-0.2982901981319919
w74,0.5,48,780,187,route-79/lane-1,signal-amber,15.807110924523782,0.2433361274464687,513.4148356888901,-8.0,braking,free,emergency,,,
w74,0.5,48,850,166,route-83/lane-1,signal-amber,11.78309752328787,4.384955985102749,15.831559964912552,-8.0,braking,free,emergency,29.24814072908623,11.513854883569293,0.0
w74,0.5,48,950,271,route-95/lane-1,signal-amber,14.632468801899813,0.040261128035979254,2659.0057666446064,-8.0,braking,free,emergency,61.80450533776349,14.655388588360513,0.0
w74,0.5,48,952,284,route-85/lane-1,leader,2.9029634239655064,0.8498186927512563,4.958232098660246,-3.0412693768580525,braking,emergency,emergency,2.8498186927512563,0.9347420680722519,0.24164896791324988
w74,0.5,48,979,288,route-97/lane-1,leader,3.2736472625024433,1.2985342698364661,4.12648578024798,-2.517335127730896,braking,emergency,emergency,3.298534269836466,1.8928555591823546,-2.0
w74,0.5,48,1021,244,route-77/lane-2,signal-amber,8.881698245606385,3.0294546903138553,13.019597879814304,-8.0,braking,emergency,emergency,51.009252103852305,13.826114531657659,0.0
w74,0.5,48,1090,210,route-83/lane-1,signal-amber,12.266718075876124,1.8086498482111892,41.597983297277764,-8.0,braking,free,emergency,30.843950879893782,11.667296073571778,0.0
w74,0.5,48,1090,320,route-83/lane-2,signal-amber,14.846923160263346,1.3815863302369848,79.77464835257648,-8.0,braking,approaching,emergency,34.38479511539833,13.209815970384517,0.0
w74,0.5,48,1260,328,route-77/lane-2,signal-amber,14.429772367100233,2.8196609399241765,36.92258306985106,-8.0,braking,free,emergency,36.920170921665544,14.780750914020016,-0.2804954809607126
w74,0.5,48,1330,255,route-85/lane-1,signal-amber,12.35947924670947,4.439032595524054,17.206083078086547,-8.0,braking,approaching,emergency,29.86068974008714,11.390975959519855,0.0
w74,0.5,48,1377,410,route-79/lane-1,leader,5.970954919541431,1.8659707180736262,9.553285672135955,-5.501257815164078,braking,emergency,emergency,3.8659707180736262,1.8180309633056657,-0.1631874192361023
w74,0.5,48,1380,394,route-89/lane-2,signal-amber,12.759012530356632,4.378929506562201,18.588150426472858,-8.0,braking,free,emergency,32.38230944466386,13.127488231093913,0.26634683264183845
w74,0.5,48,1382,353,route-89/lane-1,signal-amber,4.069833559156395,0.3705529259398759,22.349769816583677,-8.0,braking,emergency,emergency,37.31704753632118,12.5186208426347,0.0
w74,0.5,48,1448,427,route-81/lane-2,leader,6.178175943265718,2.5340767078208444,7.531314633875282,-2.540564034095517,braking,emergency,emergency,4.534076707820844,3.610213363566462,-0.9653117913709797
w74,0.5,48,1500,330,route-77/lane-1,signal-amber,14.417552005066536,5.890650711919875,17.643704913463683,-8.0,braking,free,emergency,40.45206427604046,15.331253964803182,0.0
w74,0.5,48,1587,347,route-83/lane-1,leader,2.8927748583019675,1.0348732845226323,4.0430777883516615,-3.2398462208285457,braking,emergency,emergency,3.0348732845226323,1.0264241549775366,-1.4547272151769508
w74,0.5,48,1799,542,route-79/lane-1,leader,2.774070457831689,1.1770433802482785,3.268981854938635,-1.0607907445985962,braking,emergency,emergency,3.1770433802482785,2.2531243896816298,-0.3368784015322547
w74,0.5,49,370,71,route-85/lane-1,signal-amber,13.497512333658523,3.635030119403382,25.059330076082787,-8.0,braking,free,emergency,79.81064188517547,12.886635466162597,-0.3708216687114172
w74,0.5,49,611,129,route-85/lane-1,signal-amber,10.015810411324612,1.3196156785990638,38.009725036798926,-8.0,braking,emergency,emergency,148.5318153629119,10.631484045909326,-0.3355067431510104
w74,0.5,49,777,102,route-79/lane-1,leader,7.941799842446149,3.763673658072321,8.37907194772328,0.4086575570532418,braking,emergency,emergency,5.763673658072321,7.117145658329273,2.2774600590573106
w74,0.5,49,850,177,route-83/lane-1,signal-amber,13.112963882838375,3.7770370945186187,22.76252754337042,-8.0,braking,free,emergency,74.72531629314136,12.989885676256382,0.0
w74,0.5,49,950,209,route-95/lane-1,signal-amber,13.062695756036513,3.320388343434388,25.694889086118447,-8.0,braking,free,emergency,32.786139415757305,12.10444412954148,-0.023465236466948466
w74,0.5,49,1024,256,route-77/lane-2,signal-amber,1.2751860685786234,0.029810145013357214,27.274263657026648,-8.0,braking,emergency,emergency,113.06050877178296,14.058685180083849,0.0
w74,0.5,49,1140,283,route-89/lane-1,signal-amber,12.43076174508027,4.6777696433205165,16.51682846157237,-8.0,braking,approaching,emergency,27.421088569190147,11.649939363845624,0.0
w74,0.5,49,1191,269,route-95/lane-1,signal-amber,8.554435100552329,1.2300103649542393,29.747050095908836,-8.0,braking,emergency,emergency,130.29685899167225,14.755902743595845,-0.22101169294170953
w74,0.5,49,1260,320,route-77/lane-2,signal-amber,11.794584046951108,0.852524979440318,81.5883500163952,-8.0,braking,approaching,emergency,23.52331272599099,11.191679012277163,0.0
w74,0.5,49,1261,167,route-77/lane-1,signal-amber,7.4597015948826435,1.7533715240916763,15.868612875278195,-8.0,braking,emergency,emergency,44.46994770811233,13.862214691253067,-0.04095791790818333
w74,0.5,49,1331,277,route-83/lane-1,signal-amber,7.868176202415489,0.24398074311409346,126.87107179460287,-8.0,braking,emergency,emergency,32.959786242322195,12.5498105169693,0.39184095452969936
w74,0.5,49,1621,430,route-89/lane-1,signal-amber,11.141373458658347,0.7494983842088345,82.80885266772634,-8.0,braking,emergency,emergency,67.57754607033519,13.286519295596518,0.0
w74,0.5,49,1741,309,route-79/lane-1,signal-amber,7.2669600359397,0.5074900667782458,52.02930226713202,-8.0,braking,emergency,emergency,,,
w74,0.5,50,371,91,route-83/lane-1,signal-amber,9.166074637048878,3.521757446542722,11.9282667144538,-8.0,braking,emergency,emergency,36.71386494615405,15.37601322991308,0.0
w74,0.5,50,400,110,route-83/lane-2,leader,10.329202702596614,4.690751712239603,11.372636521448799,-0.5803634421828799,braking,emergency,emergency,6.690751712239603,9.37473315537871,0.24181595328346275
w74,0.5,50,547,158,route-81/lane-2,leader,5.2602483277740895,1.8644005569773299,7.420672657036371,-5.405570934359793,braking,emergency,emergency,3.86440055697733,1.9815128701615925,-3.5770705399571794
w74,0.5,50,593,127,route-83/lane-1,leader,5.746334426739525,2.7716980466645964,5.956702134936356,0.5480286727409986,braking,emergency,emergency,4.771698046664596,4.88437074475471,2.5
w74,0.5,50,781,159,route-77/lane-1,signal-amber,7.597392139020375,1.9677866425238335,14.666317492636779,-8.0,braking,emergency,emergency,42.148726796387564,13.789366425392219,0.0
w74,0.5,50,851,191,route-85/lane-1,signal-amber,11.069823636709453,0.3427678154553746,178.75218999930445,-8.0,braking,emergency,emergency,152.89202564923886,13.090654080272653,0.0
w74,0.5,50,951,237,route-95/lane-1,signal-amber,8.372966418199082,2.651501484266987,13.22016356699696,-8.0,braking,emergency,emergency,65.72701315919062,12.297177707628315,-0.014351837265646475
w74,0.5,50,1093,310,route-87/lane-2,signal-amber,5.78796738902609,1.5732054633529629,10.647231806909044,-8.0,braking,emergency,emergency,,,
w74,0.5,50,1191,282,route-95/lane-1,signal-amber,8.58363066938044,0.6623771329605574,55.61689240313483,-8.0,braking,emergency,emergency,127.09872082448538,14.619964138219423,-0.036531480770120174
w74,0.5,50,1247,377,route-97/lane-1,leader,3.906141487615368,1.1868656895464653,6.427829810760006,-4.419586594395492,braking,emergency,emergency,3.1868656895464653,0.9713915069874487,-0.028509451717135648
w74,0.5,50,1260,353,route-77/lane-2,signal-amber,13.361114256449197,0.995243750378279,89.68625731437002,-8.0,braking,free,emergency,34.42114236734875,14.368720263847942,-0.018984918526436023
w74,0.5,50,1330,332,route-83/lane-1,signal-amber,14.280760271870532,4.905225142066172,20.788048258344812,-8.0,braking,free,emergency,80.26350687692337,13.965606825808482,-0.6347559173167523
w74,0.5,50,1380,352,route-91/lane-1,signal-amber,13.084552803024696,1.9323619361515512,44.29954835379094,-8.0,braking,free,emergency,250.03402942144749,15.276453805644998,0.0
w74,0.5,50,1430,371,route-95/lane-1,signal-amber,12.621577970636144,3.9746182721325454,20.04019248663273,-8.0,braking,free,emergency,30.61140559657815,11.525146907535381,0.0
w74,0.5,50,1571,433,route-83/lane-2,signal-amber,7.990477398582733,2.7205549220823286,11.734320917217884,-8.0,braking,emergency,emergency,40.28449141485578,12.727395844529383,0.0
w74,0.5,50,1574,444,route-85/lane-1,signal-amber,4.275432320546528,0.6233959390917221,14.661084859011556,-8.0,braking,emergency,emergency,160.34160835491423,13.770659896614962,0.0
w74,0.5,50,1622,400,route-89/lane-1,signal-amber,3.9580526693244753,0.28564984185044295,27.422001762124047,-8.0,braking,emergency,emergency,38.82199461352252,12.376514502516947,0.0
w74,0.5,50,1675,482,route-95/lane-2,signal-amber,2.4953942759847276,0.36625844991016265,8.50081765232273,-8.0,braking,emergency,emergency,183.9484481116449,13.552322886331783,-0.1395822067466041
w74,0.5,50,1741,386,route-77/lane-1,signal-amber,10.753158882916907,3.1941278795605967,18.100469098494827,-8.0,braking,emergency,emergency,110.72623691473126,12.112241949043236,0.0
w74,0.5,50,1748,508,route-91/lane-1,leader,7.477073873500468,3.243665811745501,8.617816531429064,-2.027463877063507,braking,emergency,emergency,5.243665811745501,4.784641275858989,-0.44467486010710694
w74,0.5,51,61,3,route-81/lane-2,signal-amber,8.30065520597156,0.48070667852033466,71.66623632160349,-8.0,braking,emergency,emergency,,,
w74,0.5,51,131,26,route-87/lane-2,signal-amber,9.302607435383834,0.37838208603619705,114.3533326371324,-8.0,braking,emergency,emergency,,,
w74,0.5,51,541,83,route-77/lane-1,signal-amber,8.959029723848738,0.3701739820569969,108.41417479800978,-8.0,braking,emergency,emergency,29.616620327818282,11.678532783207483,0.0
w74,0.5,51,543,136,route-77/lane-2,signal-amber,5.302579984213226,1.5717773695358233,8.944445642859186,-8.0,braking,emergency,emergency,63.175824632022,15.293422701447273,0.26139371197761485
w74,0.5,51,782,184,route-77/lane-2,signal-amber,6.625865889254957,0.41283947693580103,53.1709068961196,-8.0,braking,emergency,emergency,49.358398224810685,15.009133154111915,0.0
w74,0.5,51,900,232,route-91/lane-1,signal-amber,12.265516265281477,1.6306858543298404,46.128715979973855,-8.0,braking,free,emergency,213.39846871650457,15.047910313359463,0.0
w74,0.5,51,1020,190,route-77/lane-1,signal-amber,15.105462745255792,0.541517456770805,210.68111645834236,-8.0,braking,free,emergency,67.40547510470111,12.246236057833665,-0.3031902527928315
w74,0.5,51,1020,233,route-77/lane-2,signal-amber,15.019992061329834,0.48073905957630814,234.63889300074808,-8.0,braking,approaching,emergency,34.06763851915554,13.529715821840801,0.0
w74,0.5,51,1090,256,route-83/lane-1,signal-amber,13.542546404669993,0.7208095756835178,127.21845637852967,-8.0,braking,free,emergency,35.180772339169664,12.88049996262882,0.0
w74,0.5,51,1140,260,route-91/lane-1,signal-amber,12.826992892825228,5.016744935543954,16.3982571155722,-8.0,braking,free,emergency,135.23982664606223,15.767319291462192,0.0
w74,0.5,51,1196,303,route-95/lane-1,signal-red,3.1091963738808417,0.24600789800030043,19.64795067543313,-8.0,braking,emergency,emergency,53.46445026812182,11.627516573859626,-0.3651067013735948
w74,0.5,51,1261,219,route-79/lane-1,signal-amber,7.387630002419463,2.6586401457252578,10.264096316382068,-8.0,braking,emergency,emergency,48.406491523769205,15.266098113521004,0.0
w74,0.5,51,1381,326,route-91/lane-1,signal-amber,8.068341333677125,2.0879621213531436,15.588915912548904,-8.0,braking,emergency,emergency,31.11190282369995,12.26730576523114,0.0
w74,0.5,52,130,23,route-85/lane-1,signal-amber,11.936909273606725,0.1330419726459695,535.5069538298632,-8.0,braking,free,emergency,,,
w74,0.5,52,514,142,route-77/lane-2,leader,1.9858085344314644,0.8517978640159356,2.314771908929714,-0.8523813433806112,braking,emergency,emergency,2.8517978640159356,1.4768057398339522,0.2720037098038874
w74,0.5,52,541,125,route-77/lane-1,signal-amber,7.35537960146088,2.637816080532616,10.255000240703449,-8.0,braking,emergency,emergency,39.903412932352865,12.986366785657593,0.0
w74,0.5,52,780,178,route-77/lane-1,signal-amber,15.297235295508676,4.134332163284,28.300266940849795,-8.0,braking,free,emergency,74.17723769968296,13.083240302992053,0.0
w74,0.5,52,789,239,route-79/lane-1,leader,9.434730282725564,4.395327699620594,10.125995328569303,-1.2518375121140837,braking,emergency,emergency,6.395327699620594,7.430730596616703,-0.3969640666150322
w74,0.5,52,793,241,route-77/lane-1,leader,4.704484842245767,1.4941399318498014,7.406326930677675,-4.002425311864706,braking,emergency,emergency,3.4941399318498014,1.5317287006993014,0.28172870069930134
w74,0.5,52,1021,298,route-77/lane-2,signal-amber,7.51888922034297,2.0538156885228886,13.763088728874436,-8.0,braking,emergency,emergency,42.1912830902026,14.473753403652838,-0.02115682257866887
w74,0.5,52,1090,202,route-83/lane-1,signal-amber,13.815018058069981,0.17231802686052333,553.7862968314981,-8.0,braking,free,emergency,38.677801452631,14.180947444303893,0.36410272764117435
w74,0.5,52,1260,356,route-81/lane-2,signal-amber,13.215071700712926,5.489649305312469,15.906127180654511,-8.0,braking,approaching,emergency,29.40299976766312,11.877953839139082,0.0
w74,0.5,52,1330,287,route-83/lane-1,signal-amber,12.408097366993315,1.4701452808346858,52.36247134071471,-8.0,braking,free,emergency,90.83253758128927,14.57983371934388,0.0
w74,0.5,52,1430,415,route-97/lane-1,signal-amber,14.299071420147085,1.6538061498894763,61.8160246568594,-8.0,braking,free,emergency,196.30930378655017,14.163903933898546,0.0
w74,0.5,52,1500,338,route-77/lane-1,signal-amber,11.220431762128136,0.5524393272681323,113.94743523343328,-8.0,braking,free,emergency,72.25717404871892,12.138812776464038,0.0
w74,0.5,52,1501,433,route-81/lane-2,signal-amber,9.753094390793704,3.5199644639466214,13.511904902738545,-8.0,braking,emergency,emergency,172.0081343044232,11.466735117048955,0.0
w74,0.5,52,1570,354,route-85/lane-1,signal-amber,12.439303788770921,0.9774695929355062,79.15145384964428,-8.0,braking,free,emergency,37.08842207302183,13.639358727880754,0.0
w74,0.5,52,1602,479,route-85/lane-1,leader,10.030695736488697,3.9996944381527086,12.577817945073113,-1.64350362772666,braking,emergency,emergency,5.999694438152709,7.262752952743389,-0.17683986591041728
w74,0.5,52,1740,509,route-77/lane-2,signal-amber,13.331005094652065,1.1795099956120225,75.33454463920268,-8.0,braking,following,emergency,23.262515130082022,12.411308549703099,0.0
w74,0.5,52,1741,530,route-79/lane-1,leader,2.3839091489161004,0.6089552597291217,4.666207196251031,-3.1647295076230746,braking,emergency,emergency,2.6089552597291217,0.7618998703691142,-0.2692920214279446
w74,0.5,53,119,33,route-83/lane-2,leader,9.282185653237399,4.517418744709971,9.536305506552925,0.41998039855029967,braking,emergency,emergency,6.517418744709971,9.207452758919127,2.070653468845247
w74,0.5,53,131,32,route-87/lane-2,signal-amber,9.590069229598157,3.135252556411217,14.666988731165995,-8.0,braking,emergency,emergency,,,
w74,0.5,53,370,90,route-83/lane-2,signal-amber,12.133167761922813,2.6975852717497446,27.286210649325508,-8.0,braking,free,emergency,57.950378605166975,13.067871580901556,0.0
w74,0.5,53,370,97,route-83/lane-1,signal-amber,16.523848874070683,6.574693900166835,20.764280874444857,-8.0,braking,free,emergency,100.54216268755312,12.034964424860664,0.0
w74,0.5,53,542,80,route-79/lane-1,signal-amber,3.884624846545048,0.6598395451795795,11.434833141357277,-8.0,braking,emergency,emergency,206.00991034879547,13.258033895106056,0.0
w74,0.5,53,902,241,route-89/lane-1,signal-amber,4.384142579386436,1.1195794707070945,8.58389540862602,-8.0,braking,emergency,emergency,79.8929453419405,14.164795125187375,0.0
w74,0.5,53,952,231,route-97/lane-1,signal-amber,4.0978489858022105,0.7325801587881529,11.461111872193232,-8.0,braking,emergency,emergency,,,
w74,0.5,53,1090,251,route-85/lane-1,signal-amber,13.840547165279277,2.4603345978541142,38.92981588792803,-8.0,braking,free,emergency,42.22073412438681,15.966030085966924,0.0
w74,0.5,53,1090,287,route-83/lane-2,signal-amber,12.463415045658728,0.477737735970436,162.57530325170407,-8.0,braking,approaching,emergency,28.30004328522091,11.332207073210737,0.0
w74,0.5,53,1260,234,route-77/lane-1,signal-amber,12.371621986306273,2.483276203203559,30.817560764003023,-8.0,braking,free,emergency,41.98757918982898,14.679028088225865,-0.2880474979924366
w74,0.5,53,1501,293,route-79/lane-1,signal-amber,7.129285947973839,0.6755018563737281,37.62144962919011,-8.0,braking,emergency,emergency,266.17588249783574,12.202327210041695,0.0
w74,0.5,53,1740,471,route-77/lane-2,signal-amber,12.339074742519296,2.8052644239443225,27.13697222299702,-8.0,braking,free,emergency,27.51424000314472,12.22731665915344,0.0
w74,0.5,54,60,3,route-81/lane-2,signal-amber,16.623724172175862,3.7788668503148415,36.56495667868791,-8.0,braking,free,emergency,,,
w74,0.5,54,230,59,route-95/lane-2,signal-amber,11.650494788126089,2.492986086273447,27.223182182105642,-8.0,braking,free,emergency,195.83593782100047,13.76374005951453,0.0
w74,0.5,54,372,55,route-83/lane-1,signal-amber,5.758553863032722,0.06541735961712902,253.45674900004795,-8.0,braking,emergency,emergency,41.892957761591674,13.904953038697132,0.0
w74,0.5,54,611,100,route-83/lane-1,signal-amber,8.960113880033605,1.426229514920749,28.145414150832508,-8.0,braking,emergency,emergency,44.14986564538805,14.452485902528279,0.0
w74,0.5,54,851,150,route-83/lane-1,signal-amber,7.137098307148554,1.449586339992095,17.56989937080275,-8.0,braking,emergency,emergency,39.14407440039059,12.289847624157556,0.0
w74,0.5,54,879,252,route-77/lane-2,leader,10.39239999210268,4.273961738568545,12.634878855048935,-1.3969637470056113,braking,emergency,emergency,6.273961738568545,7.529874138572099,0.3139835298084356
w74,0.5,54,902,235,route-89/lane-1,signal-amber,4.392817617259563,0.10522972529065555,91.68914280259723,-8.0,braking,emergency,emergency,123.85446274647012,12.54990971162889,-0.3860270359868282
w74,0.5,54,1020,233,route-79/lane-1,signal-amber,13.361139889068694,0.5688264324552961,156.9196234119205,-8.0,braking,approaching,emergency,29.807590104548524,11.950922513040714,0.0
w74,0.5,54,1231,350,route-77/lane-2,leader,8.65878063428342,3.2455261078475814,11.550435827854784,-1.1612646261110262,braking,emergency,emergency,5.245526107847581,5.245149387351078,2.5
w74,0.5,54,1330,277,route-83/lane-1,signal-amber,11.624473632057198,4.197671519948528,16.09563618546908,-8.0,braking,free,emergency,33.10443243721073,12.056420049578882,0.0
w74,0.5,54,1500,365,route-77/lane-1,signal-amber,13.98643338917289,3.527961319381518,27.724272071109915,-8.0,braking,free,emergency,39.39351450494621,14.007908576955089,0.0
w74,0.5,55,231,41,route-99/lane-2,signal-amber,8.582706800666639,3.0837830462102147,11.94358599849244,-8.0,braking,emergency,emergency,168.07877977703845,11.158438548366538,0.0
w74,0.5,55,301,67,route-81/lane-2,signal-amber,8.684204476405867,1.1553272071651577,32.638116249800575,-8.0,braking,emergency,emergency,36.58857305013862,11.510155845009722,0.0
w74,0.5,55,611,147,route-87/lane-2,signal-amber,10.383835957529955,0.6335386282440822,85.09666529074757,-8.0,braking,emergency,emergency,47.32665876948954,16.6433693124773,0.0
w74,0.5,55,850,193,route-83/lane-1,signal-amber,12.558524584229199,2.530091066065438,31.168154745108687,-8.0,braking,approaching,emergency,27.19818918562396,11.63533831466455,0.2772674005683505
w74,0.5,55,1018,195,route-77/lane-1,leader,9.09166241989429,3.039100540996344,13.599142977056502,-5.048917897042445,braking,emergency,emergency,5.039100540996344,3.211226684393234,2.5
w74,0.5,55,1022,266,route-77/lane-2,signal-amber,2.8053201112021817,0.4246251854658567,9.266785385894424,-8.0,braking,emergency,emergency,94.43956560243208,12.449019455556986,-0.28447318330648114
w74,0.5,55,1090,247,route-83/lane-1,signal-amber,11.73623342680279,4.2197934342615895,16.320606351256835,-8.0,braking,free,emergency,38.85286704183363,13.27347073710058,0.0
w74,0.5,55,1260,337,route-77/lane-2,signal-amber,12.11328524470795,3.539124775509947,20.729938717478106,-8.0,braking,free,emergency,37.285662584077556,15.309065935579131,0.0
w74,0.5,55,1432,410,route-97/lane-1,signal-amber,3.750044300113805,0.8402427563324864,8.368315077298528,-8.0,braking,emergency,emergency,76.67589246589392,13.388966093217023,0.0
w74,0.5,55,1500,265,route-77/lane-1,signal-amber,13.356425860649907,5.2107880029514035,17.117767185116215,-8.0,braking,free,emergency,33.515291564134884,13.17220546206925,0.0
w74,0.5,55,1572,367,route-83/lane-1,signal-amber,6.789768351451373,0.15380380345601452,149.86935703301657,-8.0,braking,emergency,emergency,151.69677809299264,12.729972254228779,0.0
w74,0.5,55,1622,444,route-89/lane-1,signal-amber,4.298981419971263,0.5603261530789609,16.491503339354004,-8.0,braking,emergency,emergency,43.85422693322084,15.386777747425963,-0.050284968957593254
w74,0.5,55,1740,434,route-77/lane-2,signal-amber,13.426535805684177,4.59089020318828,19.633650094280632,-8.0,braking,free,emergency,34.46036503138009,13.162675063634106,-0.0459781546981939
w74,0.5,56,230,66,route-95/lane-2,signal-amber,11.534700683525287,2.7316121298464395,24.35362590551943,-8.0,braking,following,emergency,26.508349961503654,11.28822473048698,0.0
w74,0.5,56,300,79,route-77/lane-1,signal-amber,12.721048362404375,0.4371036608038139,185.1106338723428,-8.0,braking,approaching,emergency,27.867660732809384,11.98561051941011,0.0
w74,0.5,56,540,124,route-77/lane-2,signal-amber,13.758032105811871,0.5352270914964379,176.82536107742035,-8.0,braking,free,emergency,45.902572616308134,14.670808188516993,-0.3309940004056655
w74,0.5,56,611,148,route-85/lane-1,signal-amber,10.059553379076533,0.6737742200000412,75.0953443918379,-8.0,braking,emergency,emergency,,,
w74,0.5,56,780,170,route-79/lane-1,signal-amber,14.771914267572576,0.9413978288995963,115.89651283962496,-8.0,braking,free,emergency,33.70966021081108,13.97766107663886,-0.26294174745434856
w74,0.5,56,900,243,route-89/lane-1,signal-amber,12.083593316324986,4.156383116342852,17.56493847501828,-8.0,braking,free,emergency,35.912374234752406,13.999507053946147,0.0
w74,0.5,56,1033,297,route-79/lane-1,leader,2.6973088067068094,0.8069345291943364,4.508094854982924,-4.048795883989112,braking,emergency,emergency,2.8069345291943364,0.3716014894804105,0.2860740099254213
w74,0.5,56,1090,282,route-85/lane-1,signal-amber,14.75915863851551,3.233734856581293,33.6812962994684,-8.0,braking,free,emergency,142.29971283065328,15.198490369178865,-0.1311192194328216
w74,0.5,56,1260,252,route-77/lane-1,signal-amber,11.939015780114568,4.875456973002542,14.618126935293368,-8.0,braking,free,emergency,34.852265896811275,13.040930160800926,0.0
w74,0.5,56,1332,371,route-83/lane-2,signal-amber,10.639501049756074,1.8905310603607859,29.93840856710333,-8.0,braking,emergency,emergency,127.4690723643256,12.472748473878019,0.0
w74,0.5,56,1380,368,route-89/lane-1,signal-amber,13.087139658593825,2.2331612161933663,38.347707098256585,-8.0,braking,free,emergency,25.75062910836141,12.254183499988738,0.31157967500201283
w74,0.5,56,1430,395,route-95/lane-2,signal-amber,11.318905899790115,0.12767044684352413,501.75132121738176,-8.0,braking,free,emergency,52.24157959420785,11.225538872671313,0.0
w74,0.5,57,300,57,route-77/lane-2,signal-amber,14.512758764107712,3.573786128132326,29.46737149254873,-8.0,braking,free,emergency,38.75497210243532,13.908045017723925,0.0
w74,0.5,57,300,70,route-79/lane-1,signal-amber,13.619737852406688,2.2885411263370656,40.52740346973314,-8.0,braking,free,emergency,78.94689723249189,15.827544170976617,0.0
w74,0.5,57,372,96,route-83/lane-1,signal-amber,4.700989482860237,0.45674992584110896,24.191905534813717,-8.0,braking,emergency,emergency,31.44642993950538,11.535423222449607,0.0
w74,0.5,57,471,111,route-95/lane-1,signal-amber,8.467497615048845,2.252874791965951,15.912672137072212,-8.0,braking,emergency,emergency,61.35394685634884,11.885804493348115,0.0
w74,0.5,57,780,192,route-77/lane-2,signal-amber,13.17354679588726,5.006911622645248,17.330277450727774,-8.0,braking,approaching,emergency,32.447033870966436,12.289314369357433,-0.01830918698038201
w74,0.5,57,781,130,route-77/lane-1,signal-amber,9.49206577832345,0.45447088329768803,99.1255062219269,-8.0,braking,emergency,emergency,27.626305775638116,12.717995576099494,0.37204010356173733
w74,0.5,57,850,193,route-83/lane-1,signal-amber,14.705291506610768,3.1603964020308695,34.21178402738332,-8.0,braking,approaching,emergency,35.007853962618185,13.149135194475408,-0.231665000298746
w74,0.5,57,850,231,route-83/lane-2,signal-amber,14.93805660347738,0.7553377959746967,147.71241176985228,-8.0,braking,approaching,emergency,35.018278502584735,13.379401973770001,0.32342610136167677
w74,0.5,57,950,238,route-95/lane-1,signal-amber,13.134685247414275,2.154062730901387,40.04524893210739,-8.0,braking,free,emergency,37.15622595330677,15.116835916065611,0.0
w74,0.5,57,1091,226,route-83/lane-1,signal-amber,7.134283543159253,0.14973502389369742,169.96024160094757,-8.0,braking,emergency,emergency,49.62423660356518,13.536061157182784,-0.06576708769328879
w74,0.5,57,1261,206,route-77/lane-1,signal-amber,8.38261455111604,1.8105016121581912,19.405734366847597,-8.0,braking,emergency,emergency,52.69967471043793,16.247965203582527,-0.07419139522174695
w74,0.5,57,1261,312,route-77/lane-2,signal-amber,9.163407034887932,1.2134047386981592,34.60017330125209,-8.0,braking,emergency,emergency,77.55602225920688,14.263628357439302,0.23341430832992877
w74,0.5,57,1271,323,route-77/lane-2,leader,4.46860356973494,0.5039539055138107,19.811750286059265,-8.0,braking,emergency,emergency,2.5039539055138107,0.25,-2.0
w74,0.5,57,1331,266,route-83/lane-1,signal-amber,10.581903173278471,1.7240151891113555,32.475547627384714,-8.0,braking,emergency,emergency,77.37497273208425,13.164135612738319,0.0
w74,0.5,57,1332,338,route-83/lane-2,signal-amber,7.508580753497867,0.5343962585367308,52.74998096559793,-8.0,braking,emergency,emergency,54.25965575616465,13.758149898448028,0.0
w74,0.5,57,1360,365,route-85/lane-1,leader,3.824388803458069,1.2928811770408117,5.65633949188269,-4.897977395111295,braking,emergency,emergency,3.2928811770408117,0.5654728134487178,0.0663679857144031
w74,0.5,57,1501,268,route-77/lane-1,signal-amber,8.467155514768296,2.729251970313669,13.134134057807717,-8.0,braking,emergency,emergency,29.51668231850647,11.449979241420515,0.0
w74,0.5,57,1571,330,route-83/lane-1,signal-amber,10.987694210780708,0.2250710686607249,268.20289428583334,-8.0,braking,emergency,emergency,37.75967350709897,14.06724004245829,0.0
w74,0.5,57,1621,427,route-89/lane-1,signal-amber,11.09009334741626,1.732376769634186,35.49752357865471,-8.0,braking,emergency,emergency,33.67115280290244,13.753991250619583,0.21218820508640301
w74,0.5,57,1740,316,route-79/lane-1,signal-amber,11.917069555125199,0.9127420074785846,77.79665317147355,-8.0,braking,free,emergency,42.00503233405999,14.539634179580027,0.0
w74,0.5,57,1742,411,route-77/lane-2,signal-amber,6.280294203101658,0.413454716752085,47.69820451844366,-8.0,braking,emergency,emergency,43.64372942861945,13.944594393526662,-0.018783183210058195
w74,0.5,58,230,46,route-95/lane-1,signal-amber,11.648231995883398,2.5405047233698497,26.703612747066142,-8.0,braking,free,emergency,238.58004456622245,14.406704304213637,0.0
w74,0.5,58,300,71,route-77/lane-2,signal-amber,14.799846216387431,0.5058477546194808,216.503331317033,-8.0,braking,free,emergency,30.82897172356769,14.345586171210744,0.0
w74,0.5,58,304,73,route-77/lane-2,leader,7.368894024514594,2.2831736668663325,11.891473682563698,-8.0,braking,emergency,emergency,4.2831736668663325,0.0,-8.0
w74,0.5,58,371,72,route-85/lane-1,signal-amber,10.269555405289866,3.3642738382071684,15.674076085096608,-8.0,braking,emergency,emergency,258.92121608623404,12.103653112803586,0.0
w74,0.5,58,422,116,route-89/lane-2,signal-amber,7.945912282518112,0.003979418073072338,7933.009405157374,-8.0,braking,emergency,emergency,148.70563911842248,12.96076847372111,0.0
w74,0.5,58,471,110,route-95/lane-1,signal-amber,7.561661010454408,1.055022455741323,27.09834133191465,-8.0,braking,emergency,emergency,207.1251257570711,11.648231995883398,0.0
w74,0.5,58,483,130,route-83/lane-2,leader,5.208700560284557,2.256862434331424,6.010681270155895,-1.6076391982553262,braking,emergency,emergency,4.256862434331424,3.8979827473659023,-0.8496020028949673
w74,0.5,58,542,99,route-77/lane-1,signal-amber,9.231730179797212,1.6380849422448023,26.013560076984795,-8.0,braking,emergency,emergency,38.44424597090563,14.153742391430896,-0.2280546719592686
w74,0.5,58,951,220,route-97/lane-1,signal-amber,8.400784923732006,1.4003417391890025,25.198558808821517,-8.0,braking,emergency,emergency,,,
w74,0.5,58,1021,281,route-81/lane-2,signal-amber,10.72341702030506,4.06508318425773,14.143827737237968,-8.0,braking,emergency,emergency,45.21698139038733,15.686162739987488,0.0
w74,0.5,58,1090,252,route-85/lane-1,signal-amber,12.691183009170928,2.604608603086831,30.919449083709278,-8.0,braking,free,emergency,175.46943672281805,11.420091233192943,0.0
w74,0.5,58,1190,262,route-95/lane-1,signal-amber,12.567541038815232,4.971765260695577,15.884004923857564,-8.0,braking,free,emergency,32.756614262733365,11.789529503243974,0.0
w74,0.5,58,1261,274,route-77/lane-1,signal-amber,10.797822227498372,3.627313168011483,16.07153276492183,-8.0,braking,emergency,emergency,41.88195435739101,14.608259883052671,0.0
w74,0.5,58,1431,303,route-95/lane-1,signal-amber,8.251438758355706,0.846114714217606,40.234639841864364,-8.0,braking,emergency,emergency,35.45236449479859,12.661911153313703,0.0
w74,0.5,58,1431,388,route-99/lane-2,signal-amber,8.624750126847067,2.2849598487821936,16.2773789636159,-8.0,braking,emergency,emergency,213.68907657067592,15.659132333318704,0.0
w74,0.5,58,1501,330,route-77/lane-1,signal-amber,7.386413393956609,1.2653705115858997,21.558548396248856,-8.0,braking,emergency,emergency,49.40065265787359,15.641919669467025,0.0
w74,0.5,58,1570,386,route-83/lane-1,signal-amber,12.145481074401177,3.238170221488076,22.77717050662779,-8.0,braking,free,emergency,38.557178908686296,13.652627514540217,0.0
w74,0.5,58,1671,468,route-95/lane-2,signal-amber,7.251837232126855,0.2801261790058902,93.86688425174908,-8.0,braking,emergency,emergency,53.24301792875866,11.428101529874839,0.0
w74,0.5,58,1740,490,route-77/lane-2,signal-amber,15.334776698695757,3.4724715414164393,33.85994292453456,-8.0,braking,free,emergency,37.73176158336895,13.964428666583263,0.0
w74,0.5,58,1775,519,route-91/lane-2,leader,3.6893352111509805,1.512966622776446,4.498180625842406,-2.0649269042514544,braking,emergency,emergency,3.512966622776446,2.2057439669935235,-1.051366393129263
w74,0.5,59,301,59,route-77/lane-1,signal-amber,7.960338102332315,0.8090526342857629,39.16122389205521,-8.0,braking,emergency,emergency,48.23062553029155,15.361827589035967,0.0
w74,0.5,59,540,122,route-77/lane-2,signal-amber,15.613782051383991,3.0738935157552305,39.6549504233922,-8.0,braking,free,emergency,37.24079099891458,14.0977193607054,-0.26615021122372434
w74,0.5,59,546,123,route-77/lane-2,leader,2.275395854282138,0.30543204543164393,8.475578072313068,-8.0,braking,emergency,emergency,2.305432045431644,0.0,-8.0
w74,0.5,59,612,157,route-83/lane-2,signal-amber,3.4167343333596367,0.5481078885745774,10.649430292928642,-8.0,braking,emergency,emergency,38.6652940252672,12.818101236014627,0.0
w74,0.5,59,661,176,route-89/lane-2,signal-amber,10.068549860273489,3.9597077744188596,12.800906287041792,-8.0,braking,emergency,emergency,38.80662150443834,13.81165228238771,-0.028708161061053755
w74,0.5,59,780,175,route-77/lane-2,signal-amber,12.916945649194531,1.1540495167577092,72.2878362156426,-8.0,braking,free,emergency,42.41329682644988,15.05513150216546,0.0
w74,0.5,59,784,150,route-79/lane-1,signal-amber,6.962509162345743,1.518290446653907,15.9641832505051,-8.0,braking,emergency,emergency,90.89182439752221,16.189117126171478,0.0
w74,0.5,59,851,219,route-83/lane-1,signal-amber,9.234812378565804,1.5096784773972445,28.245007445009715,-8.0,braking,emergency,emergency,28.59544289918267,11.352506369645706,0.0
w74,0.5,59,952,222,route-95/lane-1,signal-amber,4.139931790863169,0.591684915326482,14.483245042289518,-8.0,braking,emergency,emergency,40.679969081061586,12.938342739129883,-0.05732679167075622
w74,0.5,59,1020,233,route-77/lane-2,signal-amber,12.102436903058551,0.3285478032412925,222.90360420541833,-8.0,braking,free,emergency,33.31365821790456,12.34377476605121,0.0
w74,0.5,59,1045,214,route-79/lane-1,leader,4.031555485650702,1.7665504361320927,4.600332744947715,-1.2484989313289536,braking,emergency,emergency,3.7665504361320927,2.537370764054938,0.25118561937675843
w74,0.5,59,1261,297,route-77/lane-2,signal-amber,10.846492567040539,2.7516655201160916,21.377307697249154,-8.0,braking,emergency,emergency,34.23368474296882,13.83915611776989,0.0
w74,0.5,59,1570,402,route-83/lane-1,signal-amber,12.407988368156365,4.6648362875822045,16.50199126538914,-8.0,braking,free,emergency,145.37912976977304,11.540565806824421,-0.20132636745192697
w74,0.5,59,1743,422,route-77/lane-2,signal-amber,2.4729361170095494,0.32768677400986235,9.331186858683246,-8.0,braking,emergency,emergency,28.889193834027026,11.112706568413413,0.0
w74,0.5,60,370,77,route-83/lane-1,signal-amber,14.117511802804657,0.49055942160924815,203.13965110335113,-8.0,braking,free,emergency,38.532843553815724,14.457934855019907,0.03235941486833352
w74,0.5,60,375,82,route-83/lane-1,leader,8.561644959486319,2.7524927017212235,13.315523846159431,-8.0,braking,emergency,emergency,4.7524927017212235,0.0,-8.0
w74,0.5,60,475,118,route-95/lane-2,signal-amber,1.6764713662854707,0.08449418819060384,16.631654212920296,-8.0,braking,emergency,emergency,45.1230698643364,11.457866190279608,-0.3336812712684944
w74,0.5,60,541,117,route-77/lane-2,signal-amber,11.090747924375385,0.3394201612051688,181.19826630994447,-8.0,braking,emergency,emergency,42.03144710719022,13.210931209608923,-0.3364788747927294
w74,0.5,60,660,155,route-89/lane-2,signal-amber,11.249784443783573,4.348668858306212,14.551309165546416,-8.0,braking,free,emergency,79.62645973420717,13.013113826937042,0.0
w74,0.5,60,662,121,route-89/lane-1,signal-amber,4.236206426171144,0.2205901790579219,40.67598331388461,-8.0,braking,emergency,emergency,29.488331104680526,11.735263754124754,0.0
w74,0.5,60,664,160,route-83/lane-1,leader,7.728824322206259,3.315479965811363,9.008458205071491,-1.523550305642825,braking,emergency,emergency,5.315479965811363,6.2520264730817106,-1.3030522593137832
w74,0.5,60,780,172,route-77/lane-2,signal-amber,13.985961447083392,4.282498468816243,22.83796702131363,-8.0,braking,free,emergency,37.69769623353358,15.923708861905991,0.36717615339451265
w74,0.5,60,851,170,route-83/lane-1,signal-amber,7.324803072283975,0.4832796424624348,55.509000725093834,-8.0,braking,emergency,emergency,40.28758890357449,12.999076714920811,0.0
w74,0.5,60,1041,250,route-77/lane-2,leader,8.175560418634246,3.8836015361898717,8.6053869759659,0.4253530807798477,braking,emergency,emergency,5.883601536189872,7.8359471330322625,2.202431972214459
w74,0.5,60,1140,219,route-89/lane-1,signal-amber,13.208256299047001,1.394109896220698,62.56968512104184,-8.0,braking,free,emergency,31.86819328078832,15.988635801882484,1.5239637934748298
w74,0.5,60,1143,278,route-89/lane-2,signal-amber,7.768988524586895,2.2967363873606246,13.139771509547172,-8.0,braking,emergency,emergency,157.09202127874852,11.826970341798992,-0.014136227353031822
w74,0.5,60,1259,314,route-91/lane-1,leader,4.792805193306584,1.231436257630918,9.32690647958465,-6.066121139151155,braking,emergency,emergency,3.231436257630918,1.3225320452728373,-0.7578989596939619
w74,0.5,60,1260,316,route-77/lane-2,signal-amber,15.998481807061474,3.293531740268577,38.85668035341371,-8.0,braking,free,emergency,126.2153334565985,13.64512755801697,-0.6220665389593789
w74,0.5,60,1261,246,route-79/lane-1,signal-amber,10.551806063740514,3.8524910550590334,14.450469788966837,-8.0,braking,emergency,emergency,109.53744791909844,12.441870675846003,0.0
w74,0.5,60,1331,277,route-83/lane-1,signal-amber,8.5493912755372,0.5248951790879346,69.62541674438454,-8.0,braking,emergency,emergency,65.09096700970315,12.057879218286834,0.0
w74,0.5,60,1570,328,route-83/lane-1,signal-amber,13.312370638004504,2.210416963641819,40.087281024034304,-8.0,braking,free,emergency,132.00736533669937,13.604830878802996,-0.15626281906099398
w74,0.5,60,1740,418,route-79/lane-1,signal-amber,6.792621670609155,1.134646563002491,20.332194475579538,-8.0,braking,following,emergency,30.822345456077016,9.769517355706526,0.3925152710858801
w74,0.5,61,131,22,route-83/lane-2,signal-amber,9.331800311454572,1.7268499671802147,25.214262590241486,-8.0,braking,emergency,emergency,93.11602727368575,14.343675771732816,0.0
w74,0.5,61,540,112,route-77/lane-1,signal-amber,12.819160956919182,5.204953140982411,15.786010285616559,-8.0,braking,approaching,emergency,31.39212516295288,11.438652461688033,0.0
w74,0.5,61,710,201,route-95/lane-2,signal-amber,15.33227006092202,4.6008776443487704,25.547137241281693,-8.0,braking,free,emergency,152.18107637136757,14.384951751543543,-0.021498017241463385
w74,0.5,61,781,156,route-79/lane-1,signal-amber,8.32801053530071,1.4569355910948616,23.801930538315688,-8.0,braking,emergency,emergency,29.401263935252643,11.261151049989275,0.0
w74,0.5,61,901,244,route-93/lane-2,signal-amber,8.024106453140266,2.0061535791036817,16.047197244015102,-8.0,braking,emergency,emergency,135.91061799746853,11.942157372324727,0.0
w74,0.5,61,1022,221,route-77/lane-1,signal-amber,4.639862194647398,0.931874374987558,11.55108551279007,-8.0,braking,emergency,emergency,34.527323487037336,11.486436127037742,0.0
w74,0.5,61,1090,284,route-85/lane-1,signal-amber,12.357592367078178,0.6078283754752078,125.61941435481535,-8.0,braking,free,emergency,,,
w74,0.5,61,1382,258,route-89/lane-1,signal-amber,4.299349800354474,0.11660439658226096,79.26119960994717,-8.0,braking,emergency,emergency,32.62456969246256,11.445701317661442,0.0
w74,0.5,61,1431,393,route-95/lane-2,signal-amber,11.523124520783313,2.928915206290867,22.667504753343685,-8.0,braking,emergency,emergency,148.6905574943027,12.41651514222113,-0.036994154082763527
w74,0.5,61,1499,422,route-79/lane-1,leader,2.2806665240775392,0.8306841468245914,3.1308168176383107,-2.3013729346730454,braking,emergency,emergency,2.8306841468245914,0.7485528707774955,-0.14065443005867304
w74,0.5,61,1500,304,route-79/lane-1,signal-amber,9.57455866213486,2.2601453212292313,20.28015028803628,-8.0,braking,free,emergency,73.93989325871223,12.446813003843472,-0.16856823902349521
w74,0.5,61,1620,447,route-89/lane-2,signal-amber,11.44372090148269,3.801077977465752,17.22652742819346,-8.0,braking,free,emergency,28.48745979682309,11.347860663649625,0.0
w74,0.5,61,1621,331,route-89/lane-1,signal-amber,8.357133793696374,2.3005992605083634,15.179020189354713,-8.0,braking,emergency,emergency,32.75686121320405,11.500263948445207,0.0
w74,0.5,61,1622,452,route-93/lane-2,signal-amber,8.62915855253581,2.547202360159531,14.616502106283054,-8.0,braking,emergency,emergency,179.57051023951914,12.236158655318432,0.20421878838192242
w74,0.5,61,1671,458,route-95/lane-2,signal-amber,8.267404177333228,2.957806199796437,11.554166705731246,-8.0,braking,emergency,emergency,36.90343705974993,12.48237761280965,0.0
w74,0.5,61,1742,342,route-77/lane-1,signal-amber,4.764892369795945,1.0710863699155198,10.598678096113934,-8.0,braking,emergency,emergency,35.72108836650466,14.699813973899001,1.6301815219261222
w74,0.5,62,62,7,route-77/lane-1,signal-amber,13.936073754592801,5.104836422361018,19.022563665578247,-8.0,braking,approaching,emergency,,,
w74,0.5,62,300,27,route-77/lane-1,signal-amber,11.435481453682296,1.5728559739312118,41.57095062895789,-8.0,braking,free,emergency,43.40681735482377,14.862347623468377,0.0
w74,0.5,62,611,157,route-83/lane-1,signal-amber,9.870366924801239,1.4431175858453003,33.75474881111107,-8.0,braking,emergency,emergency,35.821774352078705,13.5458176927967,0.2914461873688578
w74,0.5,62,850,143,route-83/lane-2,signal-amber,15.201742811516386,5.556390345657917,20.795243866198085,-8.0,braking,free,emergency,34.90314807914655,13.386788346923971,-0.32273309812774736
w74,0.5,62,902,195,route-89/lane-1,signal-amber,4.250050903557259,1.0955802774724361,8.243545933712888,-8.0,braking,emergency,emergency,41.842832907917966,14.112825505263173,0.0
w74,0.5,62,970,268,route-87/lane-2,leader,1.7212056204684272,0.42877590297923973,3.4546586775837804,-2.209841864016975,braking,emergency,emergency,2.4287759029792397,0.6305701480350885,0.16408737906581022
w74,0.5,62,1156,327,route-79/lane-1,leader,6.588626368583892,3.202450626090112,6.777621654982148,-0.6538641402769059,braking,emergency,emergency,5.202450626090112,6.178015170021384,-0.47678506010696603
w74,0.5,62,1263,260,route-79/lane-1,signal-amber,5.0489895560204054,1.1028927963457136,11.557014254362896,-8.0,braking,emergency,emergency,183.24585987489417,14.746083525153809,0.0
w74,0.5,62,1500,315,route-77/lane-1,signal-amber,11.76070530911442,3.449220091883717,20.05006721567234,-8.0,braking,free,emergency,41.945775802407525,14.405560552370735,0.0
w74,0.5,62,1740,359,route-79/lane-1,signal-amber,13.276831646119245,1.3606968185991377,64.77352491382725,-8.0,braking,free,emergency,67.55461571513524,13.23111111797651,0.35690666023293605
w74,0.5,62,1744,364,route-77/lane-1,leader,3.244381598410345,1.0695010451682947,4.920991897884173,-3.4196171404784845,braking,emergency,emergency,3.0695010451682947,1.410959215387252,-2.0
w74,0.5,63,336,78,route-93/lane-2,leader,5.921465174491967,2.270364708713913,7.722052249610514,-1.066275830803562,braking,emergency,emergency,4.270364708713913,4.466498709476995,0.28226175695997663
w74,0.5,63,541,95,route-77/lane-1,signal-amber,9.753550297436306,1.2143524777897028,39.169740723786134,-8.0,braking,emergency,emergency,85.34661263631972,13.887208587639655,-0.025983830128265644
w74,0.5,63,780,134,route-77/lane-1,signal-amber,14.420785743813031,0.6084531060932363,170.89160971190321,-8.0,braking,free,emergency,42.292420895650935,15.306490608113819,0.0
w74,0.5,63,781,198,route-77/lane-2,signal-amber,7.311623647608794,2.5737695871872006,10.385514039486507,-8.0,braking,emergency,emergency,43.12864453488447,13.048730949299324,-0.08018197358950659
w74,0.5,63,852,191,route-83/lane-2,signal-amber,3.115090238177217,0.18323003588631082,26.47979395148927,-8.0,braking,emergency,emergency,45.99028396893635,13.210381907611154,0.0
w74,0.5,63,1090,249,route-83/lane-2,signal-amber,13.055009353081696,3.5731325856671106,23.849278626366775,-8.0,braking,following,emergency,34.244375877581774,13.16259461592345,-0.03560751357504526
w74,0.5,63,1251,354,route-85/lane-1,leader,7.527561011919824,2.580878144974804,10.977692786175417,-1.6773408939365724,braking,emergency,emergency,4.580878144974804,5.106301396591236,0.25357417301165014
w74,0.5,63,1570,343,route-85/lane-1,signal-amber,15.728660664198388,0.9909938667105394,124.81952441879359,-8.0,braking,free,emergency,83.91051299722227,13.69850668739062,0.0
w74,0.5,63,1622,391,route-89/lane-1,signal-amber,3.3519873011810706,0.18337260015016454,30.63658054168971,-8.0,braking,emergency,emergency,80.83334163037358,13.301725764130243,0.0
w74,0.5,63,1741,344,route-79/lane-1,signal-amber,9.972620484731161,1.0516660138937937,47.28362332650374,-8.0,braking,emergency,emergency,90.99130010664237,15.35129014960931,0.04619503248217843
w74,0.5,63,1781,501,route-81/lane-2,leader,7.395771942135775,3.4327026399525096,7.967110518614494,-1.5091016521696736,braking,emergency,emergency,5.43270263995251,6.2169654317831045,-1.247634467613572
w74,0.5,63,1790,498,route-81/lane-2,leader,3.593033695033988,1.5256554012696029,4.2309328577431,-1.1684514358871303,braking,emergency,emergency,3.525655401269603,2.2952269887328294,0.2986362824950942
w74,0.5,64,301,60,route-77/lane-2,signal-amber,10.094052327177488,2.3386903226430036,21.783536579706144,-8.0,braking,emergency,emergency,68.56817031300699,15.669670392221942,0.0698977550806496
w74,0.5,64,302,41,route-77/lane-1,signal-amber,9.240089630047503,2.4786880322356524,17.222670876879892,-8.0,braking,emergency,emergency,34.49330946874545,13.081431315061636,0.0
w74,0.5,64,540,85,route-77/lane-1,signal-amber,13.76747193274554,0.2970179147298495,319.07719032930044,-8.0,braking,following,emergency,32.22204503514655,12.23030374018581,-0.28280103046098937
w74,0.5,64,660,159,route-89/lane-1,signal-amber,12.61252881924064,2.3186447015340264,34.303635031044294,-8.0,braking,following,emergency,22.826446524591404,11.581326742977835,0.0
w74,0.5,64,713,181,route-95/lane-2,signal-amber,9.233941624849106,1.3605049369454036,31.33604135335181,-8.0,braking,emergency,emergency,47.459398350035315,13.553916610986926,0.0
w74,0.5,64,1020,253,route-77/lane-2,signal-amber,14.205242103016936,2.261564420078969,44.61268080930434,-8.0,braking,free,emergency,33.99608888459221,13.141285687949027,-0.03115438019178754
w74,0.5,64,1091,283,route-83/lane-2,signal-amber,11.841895542540588,0.38506908754612823,182.0848447405482,-8.0,braking,emergency,emergency,70.74005954388059,12.933673282254007,-0.3333444494235889
w74,0.5,64,1331,338,route-83/lane-1,signal-amber,9.34505827305137,3.0418499542822133,14.354770195647795,-8.0,braking,emergency,emergency,33.49512097284082,12.427053175964392,0.0
w74,0.5,64,1670,446,route-95/lane-1,signal-amber,16.069932535034607,2.3646722766179664,54.60433867180767,-8.0,braking,free,emergency,161.8505009871376,11.76503780154977,0.0
w74,0.5,64,1672,443,route-95/lane-2,signal-amber,3.669491309034637,0.25931349267671067,25.96310421044678,-8.0,braking,emergency,emergency,177.4971239961269,12.096856667217798,0.0
w74,0.5,64,1736,310,route-79/lane-1,leader,9.450376744971859,4.588239508180152,9.732449718751502,0.24538257332527258,braking,emergency,emergency,6.588239508180152,7.738363432436268,2.2123481285534163
w74,0.5,65,370,80,route-83/lane-1,signal-amber,14.612562153195032,0.9129021543834597,116.9495392554945,-8.0,braking,free,emergency,38.05835323569039,14.603653762481269,-0.2811000840574236
w74,0.5,65,541,140,route-81/lane-2,signal-amber,9.240013004341163,0.973069556129019,43.8703686610218,-8.0,braking,emergency,emergency,76.76918152594521,14.877579307020643,0.0
w74,0.5,65,610,142,route-83/lane-2,signal-amber,13.607783351014369,1.559622420283631,59.364293985485524,-8.0,braking,free,emergency,34.46827289441171,13.131694146364993,-0.04392981606797567
w74,0.5,65,633,182,route-81/lane-2,leader,4.952750280850376,1.911764511073386,6.415469897673465,-2.582438785775305,braking,emergency,emergency,3.911764511073386,2.549256138064828,-0.5732026557945318
w74,0.5,65,781,190,route-77/lane-2,signal-amber,9.25882223433528,3.458800663474051,12.392415393045171,-8.0,braking,emergency,emergency,44.78589537885466,15.106381196979704,-0.1190244365814909
w74,0.5,65,787,231,route-85/lane-1,leader,2.4778256436122197,0.9498651466801391,3.2318376674840703,-1.611506480909598,braking,emergency,emergency,2.949865146680139,1.5165647222488499,-0.5876946077345633
w74,0.5,65,850,211,route-83/lane-1,signal-amber,14.117546335910447,5.747633581964692,17.33801500255439,-8.0,braking,free,emergency,37.91415781161197,14.095385764697037,-0.20803661647372462
w74,0.5,65,951,223,route-95/lane-1,signal-amber,8.451798899680572,0.9704123179940893,36.80543997437016,-8.0,braking,emergency,emergency,73.63546829063182,12.086942878714762,0.0
w74,0.5,65,1021,254,route-77/lane-2,signal-amber,10.21288248794619,0.5561910230203466,93.76541906968386,-8.0,braking,emergency,emergency,44.39124750190075,14.099363803905435,0.0
w74,0.5,65,1190,291,route-97/lane-1,signal-amber,11.701593726132996,3.3458647068204073,20.462168636459577,-8.0,braking,free,emergency,114.97201890175137,13.484460124564357,0.0
w74,0.5,65,1332,382,route-83/lane-2,signal-amber,6.79105284693007,0.031117888282835793,741.0271280399719,-8.0,braking,emergency,emergency,41.75914278328281,14.04023986980819,-0.2328837789440802
w74,0.5,65,1500,347,route-79/lane-1,signal-amber,15.480613670772874,2.51085462994007,47.72267513341463,-8.0,braking,free,emergency,107.27298089362603,12.390068913535215,0.0
w74,0.5,65,1506,351,route-79/lane-1,leader,4.252676049792207,1.0638360626238637,8.500019044226827,-8.0,braking,emergency,emergency,3.0638360626238637,0.0,-8.0
w74,0.5,65,1573,432,route-87/lane-2,signal-amber,5.890468246006849,0.09471134397182368,183.17560865537624,-8.0,braking,emergency,emergency,191.68388272510617,12.076653460329288,-0.077925408734527
w74,0.5,65,1741,473,route-77/lane-2,signal-amber,9.261150088289,0.992900426568383,43.19108878533062,-8.0,braking,emergency,emergency,37.408762194027815,11.896238206005656,0.0
w74,0.5,66,181,35,route-89/lane-2,signal-amber,12.431850089873187,2.647420883362031,29.188954734845865,-8.0,braking,emergency,emergency,248.44771426365747,14.440549922096544,0.0
w74,0.5,66,301,71,route-77/lane-1,signal-amber,10.240632764782477,2.2280098678703553,23.53458145214074,-8.0,braking,emergency,emergency,79.79592839669886,13.359015691112287,-0.22832488898378747
w74,0.5,66,370,80,route-83/lane-1,signal-amber,11.727101297401823,3.5515249249986596,19.361388100011073,-8.0,braking,free,emergency,45.25210461332915,16.4512601976702,0.0
w74,0.5,66,517,145,route-83/lane-2,leader,4.459459128107483,1.721365437227007,5.776453763152489,-2.8786296764535693,braking,emergency,emergency,3.721365437227007,2.255319443969941,-1.2786767961252574
w74,0.5,66,610,135,route-83/lane-1,signal-amber,11.332399811851792,1.1965702217066791,53.66307934376271,-8.0,braking,free,emergency,77.15252813549046,13.544071378754007,-0.057943300273532464
w74,0.5,66,850,216,route-83/lane-2,signal-amber,13.498518675215015,0.7671320670532964,118.76052002690531,-8.0,braking,approaching,emergency,33.04814309204022,12.34841161623834,-0.02733949654394302
w74,0.5,66,851,193,route-83/lane-1,signal-amber,8.953127979019978,1.6848072474836044,23.78862648188199,-8.0,braking,emergency,emergency,36.70739256438685,12.506928890454583,0.0
w74,0.5,66,1020,254,route-77/lane-1,signal-amber,12.026463526613078,2.9576267207982596,24.451331863460723,-8.0,braking,free,emergency,82.99927576357999,14.225350073152223,0.0
w74,0.5,66,1027,255,route-77/lane-1,leader,0.6772068810576766,0.026809138442729363,8.553224504613667,-8.0,braking,emergency,emergency,2.0268091384427294,0.0,-8.0
w74,0.5,66,1331,341,route-83/lane-2,signal-amber,7.376743893907404,1.9108326412136307,14.238910646234988,-8.0,braking,emergency,emergency,29.716363919351068,11.223385871523059,0.0
w74,0.5,66,1360,379,route-79/lane-1,leader,3.759887969634123,1.444132783127145,4.894549071030531,-1.9425127501929045,braking,emergency,emergency,3.444132783127145,2.0600327753369263,-0.3145132333413386
w74,0.5,66,1380,263,route-91/lane-1,signal-amber,12.243498548115603,3.758162785326988,19.943688613353427,-8.0,braking,free,emergency,191.4064256097331,13.402292509426164,-0.01700491117318196
w74,0.5,66,1405,389,route-85/lane-1,leader,8.516551804773476,3.276101302200715,11.069812553517096,-1.9795411730955954,braking,emergency,emergency,5.276101302200715,6.2374266851705435,-0.9349621595008266
w74,0.5,67,132,30,route-87/lane-2,signal-amber,10.720397568601186,2.5781919064213525,22.288279577371338,-8.0,braking,emergency,emergency,,,
w74,0.5,67,372,78,route-85/lane-1,signal-amber,5.95190712242853,0.7468961271417243,23.714943153864752,-8.0,braking,emergency,emergency,152.4327200637403,15.764224057965913,0.0
w74,0.5,67,408,97,route-89/lane-1,leader,5.881975633533777,2.4646501902703335,7.018772377935357,0.2426801839979713,braking,emergency,emergency,4.4646501902703335,4.414472625238117,2.5
w74,0.5,67,710,203,route-95/lane-2,signal-amber,14.508736290312374,5.3573968761452875,19.64605512792316,-8.0,braking,free,emergency,32.79362280337199,15.273337163073013,0.0
w74,0.5,67,781,171,route-77/lane-2,signal-amber,8.710173114978373,0.8354661485763017,45.40406324192513,-8.0,braking,emergency,emergency,30.190460505359624,11.665961300940253,0.0
w74,0.5,67,951,227,route-95/lane-1,signal-amber,8.522528681544594,1.2417498442683836,29.24642812036935,-8.0,braking,emergency,emergency,43.49384353704079,16.305187312993223,0.0
w74,0.5,67,1020,216,route-77/lane-2,signal-amber,13.916289607728832,3.452769217559137,28.044607711008204,-8.0,braking,free,emergency,43.285969216802926,14.579064322109335,0.0
w74,0.5,67,1142,308,route-89/lane-2,signal-amber,7.820878112986449,2.094124043324939,14.604229069705474,-8.0,braking,emergency,emergency,32.10956675270825,13.956596208931684,0.2942864730517437
w74,0.5,67,1142,309,route-91/lane-1,signal-amber,4.313802871547162,0.7496273155809945,12.412097870356968,-8.0,braking,emergency,emergency,31.699868032250322,12.431135756471194,0.0
w74,0.5,67,1260,294,route-77/lane-2,signal-amber,15.184981968154483,2.816848245655706,40.92937518533263,-8.0,braking,free,emergency,42.441583716594835,15.852590732532555,0.0
w74,0.5,67,1380,369,route-89/lane-1,signal-amber,13.140336396739082,1.1724915488940724,73.63312800946484,-8.0,braking,free,emergency,40.739223245166386,16.21619593340747,-0.34802806599084735
w74,0.5,67,1500,356,route-77/lane-1,signal-amber,11.759455371466466,2.837498813133436,24.367374180644024,-8.0,braking,free,emergency,38.00906194629238,13.442981450133956,0.0
w74,0.5,67,1503,363,route-81/lane-2,signal-amber,5.566948645414531,1.373569089920295,11.281164321512582,-8.0,braking,emergency,emergency,295.87879830201217,15.233821855452845,0.0
w74,0.5,67,1670,480,route-95/lane-1,signal-amber,14.375137752526104,3.0878146196582748,33.46130044344605,-8.0,braking,approaching,emergency,26.01116420146235,12.593346188516492,-0.02289058292324726
w74,0.5,67,1741,429,route-77/lane-2,signal-amber,9.818501893927907,2.57462751206765,18.721733336028464,-8.0,braking,emergency,emergency,31.747981922642282,12.470491137996708,-0.009927157763370224
w74,0.5,68,300,39,route-77/lane-1,signal-amber,14.885234941611998,5.520796816328641,20.066869569593408,-8.0,braking,free,emergency,41.526616116020534,14.841085512819701,0.0
w74,0.5,68,304,65,route-77/lane-2,signal-amber,0.23137383515480892,0.002939467271403373,9.106046547115717,-8.0,braking,emergency,emergency,195.26259285679402,12.058791397926397,0.0
w74,0.5,68,520,67,route-79/lane-1,leader,7.44306731897725,3.2618513883087985,8.49199496233802,0.08335395966789139,braking,emergency,emergency,5.2618513883087985,5.527237207875801,2.463736398313764
w74,0.5,68,783,191,route-77/lane-2,signal-amber,7.003875108971261,0.47148126095555654,52.02143818255719,-8.0,braking,emergency,emergency,110.85559353430176,10.923918916156369,-0.2387968310194855
w74,0.5,68,900,195,route-89/lane-1,signal-amber,12.78709006971062,1.9865557453183555,41.15406095102776,-8.0,braking,free,emergency,137.58991816893763,11.999287615125068,0.0
w74,0.5,68,1140,226,route-89/lane-1,signal-amber,12.58531727373444,4.2429412232733625,18.66514318083847,-8.0,braking,free,emergency,36.87335441817595,14.381013870595869,0.12158752472858758
w74,0.5,68,1260,246,route-79/lane-1,signal-amber,13.227492117811925,4.265662128653389,20.50872085619345,-8.0,braking,free,emergency,78.81388931652663,13.80950205075089,0.0
w74,0.5,68,1331,321,route-85/lane-1,signal-amber,10.355406968440299,2.1142993432544017,25.359335664590184,-8.0,braking,emergency,emergency,33.382092763106186,12.727704880614764,0.0
w74,0.5,68,1380,262,route-89/lane-1,signal-amber,12.497183547994531,4.793577018244264,16.290506654826714,-8.0,braking,free,emergency,34.23129798430051,13.01769887733739,0.0
w74,0.5,68,1500,387,route-81/lane-2,signal-amber,11.188976030382328,1.647786999333107,37.98827902487959,-8.0,braking,free,emergency,,,
w74,0.5,68,1578,414,route-91/lane-1,leader,4.418509275500137,1.3066378897152475,7.470786042311765,-3.6928907837363867,braking,emergency,emergency,3.3066378897152475,1.889943678704191,-0.7938143574751728
w74,0.5,68,1741,336,route-79/lane-1,signal-amber,10.438828847561965,0.47972616664884526,113.57432144039807,-8.0,braking,emergency,emergency,60.35348233432228,11.309746159180067,0.0
w74,0.5,69,371,69,route-85/lane-1,signal-amber,8.1996972867148,1.479357504809002,22.724404133279023,-8.0,braking,emergency,emergency,50.77605432579401,15.399999664216303,0.0
w74,0.5,69,610,148,route-83/lane-2,signal-amber,14.398621672610753,5.732162509820284,18.08395223580952,-8.0,braking,free,emergency,48.78568612562498,16.37806656795088,0.0
w74,0.5,69,613,126,route-85/lane-1,signal-amber,8.388186925320182,1.7401257762607543,20.217412112964674,-8.0,braking,emergency,emergency,136.31450676145113,16.41158757904079,0.0
w74,0.5,69,661,167,route-89/lane-1,signal-amber,8.994380335514434,1.8429923648413933,21.94769744118035,-8.0,braking,emergency,emergency,62.945656046004615,12.125158252320253,0.0
w74,0.5,69,850,193,route-83/lane-2,signal-amber,16.425556403130454,4.404824273547206,30.625387801810163,-8.0,braking,free,emergency,64.24890106438471,14.730764685510659,0.0
w74,0.5,69,1020,155,route-77/lane-1,signal-amber,13.738728236895987,5.078967686743226,18.58179311319034,-8.0,braking,free,emergency,98.72448708232974,11.373030843264424,0.0
w74,0.5,69,1021,236,route-77/lane-2,signal-amber,7.405305175059475,1.0054481303507146,27.27069805014913,-8.0,braking,emergency,emergency,36.905015741849695,12.247282143332995,0.0
w74,0.5,69,1090,267,route-83/lane-2,signal-amber,15.23235718119811,4.119097196330472,28.164509628748082,-8.0,braking,free,emergency,39.436457709368426,13.009663234888576,0.0
w74,0.5,69,1091,256,route-83/lane-1,signal-amber,10.28623816236991,2.153083533654126,24.570968538648447,-8.0,braking,emergency,emergency,35.260341649186046,12.988809325848706,0.0
w74,0.5,69,1261,213,route-79/lane-1,signal-amber,10.230157277161453,0.2759021139931974,189.66168182031365,-8.0,braking,emergency,emergency,37.89820109276263,13.354804848753847,0.0
w74,0.5,69,1331,301,route-83/lane-1,signal-amber,10.126025343011149,3.675604792830427,13.948233695759376,-8.0,braking,emergency,emergency,33.57712861807107,13.378233031959745,0.2629635240712206
w74,0.5,69,1431,379,route-95/lane-2,signal-amber,8.364616357752233,2.2940177453262436,15.249839927115714,-8.0,braking,emergency,emergency,30.86972359080164,13.011602621669882,0.0
w74,0.5,69,1501,255,route-79/lane-1,signal-amber,7.459158366725184,1.8265853977294455,15.230342804954251,-8.0,braking,emergency,emergency,40.38097965757862,14.889302549792664,-0.060030867239225245
w74,0.5,69,1501,387,route-77/lane-2,signal-amber,9.047557027146869,1.9076345275129256,21.455443110006314,-8.0,braking,emergency,emergency,36.19740808871478,14.431923517271038,0.35712855961962586
w74,0.5,69,1570,350,route-83/lane-1,signal-amber,15.804233206045737,0.7625962388016774,163.76542036423254,-8.0,braking,free,emergency,78.6323485593951,13.644296267796008,-0.17720901209562695
w74,0.5,70,372,48,route-85/lane-1,signal-amber,5.091019791248254,1.1259540860843913,11.509564570707903,-8.0,braking,emergency,emergency,256.2259108537174,11.849612619155087,0.0
w74,0.5,70,540,144,route-77/lane-1,signal-amber,12.582104577529243,2.5471337195273804,31.07598050039881,-8.0,braking,free,emergency,34.14020092028926,12.072907455834784,-0.29387034868827844
w74,0.5,70,660,185,route-89/lane-2,signal-amber,15.839507087242115,1.4154970841742625,88.62257208857169,-8.0,braking,approaching,emergency,55.57650629467469,12.095339711611159,0.0
w74,0.5,70,780,198,route-77/lane-2,signal-amber,14.301117643886247,5.526264837819667,18.504538948676828,-8.0,braking,free,emergency,30.235689163577717,14.076135470694863,0.26570226869530505
w74,0.5,70,1020,228,route-77/lane-1,signal-amber,15.666276882517845,1.1369592277771403,107.93361158585942,-8.0,braking,free,emergency,42.12270981699129,16.418502073581333,0.0
w74,0.5,70,1021,267,route-77/lane-2,signal-amber,8.491684801341034,2.382008674693566,15.136114223975854,-8.0,braking,emergency,emergency,36.164252402916304,13.061685049745005,-0.04001621123238773
w74,0.5,70,1141,287,route-91/lane-1,signal-amber,8.390441581612498,3.051147257379057,11.536563789930836,-8.0,braking,emergency,emergency,179.90217297705357,16.068680045851508,0.0
w74,0.5,70,1260,290,route-77/lane-1,signal-amber,14.344105983879459,6.020748889285358,17.087025240575073,-8.0,braking,approaching,emergency,34.82951803487845,12.988203345960937,0.0
w74,0.5,70,1260,341,route-77/lane-2,signal-amber,14.778135734875686,2.3769700493496657,45.9394294551927,-8.0,braking,free,emergency,36.44030713763641,14.944342167547026,-0.13907673138222254
w74,0.5,70,1430,393,route-95/lane-2,signal-amber,11.896136562735773,3.2825771008380684,21.555939247112914,-8.0,braking,free,emergency,168.7887452433181,12.23139926425647,0.0
w74,0.5,70,1462,414,route-79/lane-1,leader,9.748678292052425,4.113707951041967,11.551224536717806,-2.676892568369521,braking,emergency,emergency,6.113707951041967,5.9769943289452545,-0.7555966754846041
w74,0.5,70,1504,417,route-77/lane-2,signal-amber,5.967697233916262,1.2191309779170751,14.606064041018163,-8.0,braking,emergency,emergency,94.97381394036842,12.052533801351673,0.0
w74,0.5,70,1570,350,route-83/lane-1,signal-amber,11.511078461217693,2.635122872615284,25.142077570144295,-8.0,braking,free,emergency,50.64555036349827,16.044851365289652,0.0
w74,0.5,70,1621,361,route-89/lane-1,signal-amber,8.317954372392057,1.5700684099150521,22.033551055568193,-8.0,braking,emergency,emergency,78.87547350614733,13.782857407958602,-0.040132223113283155
w74,0.5,70,1680,479,route-79/lane-1,leader,2.7582601941572666,0.8446735553199858,4.50351455349538,-4.1266185815716785,braking,emergency,emergency,2.844673555319986,0.4557298818881748,-0.21527582473428397
w74,0.5,70,1740,397,route-77/lane-1,signal-amber,12.130328579052177,1.4494308452865994,50.759534997571656,-8.0,braking,approaching,emergency,28.25353317130339,11.28613869451452,0.0
w74,0.5,70,1741,492,route-77/lane-2,signal-amber,11.661594628165478,0.8422677518337309,80.73014132120292,-8.0,braking,emergency,emergency,165.89625658703972,14.574352247648378,-0.1641647864396054
w74,0.5,71,60,5,route-77/lane-2,signal-amber,16.041072954698468,2.739846820987566,46.95810356383541,-8.0,braking,free,emergency,,,
w74,0.5,71,181,47,route-93/lane-2,signal-amber,12.6332714639185,4.664299349403166,17.10863046359573,-8.0,braking,emergency,emergency,188.6693004078508,13.527316727652215,0.37593252999346705
w74,0.5,71,300,86,route-77/lane-2,signal-amber,11.838602897762321,2.880390030165529,24.328739702458318,-8.0,braking,free,emergency,63.41642346539834,13.786442665813398,0.3891801851571847
w74,0.5,71,302,76,route-77/lane-1,signal-amber,4.292146266051567,0.01399672105907257,658.10126141076,-8.0,braking,emergency,emergency,52.78506338327418,15.414839762854392,0.0
w74,0.5,71,370,71,route-83/lane-1,signal-amber,11.282655419255606,2.936642991847066,21.67412137993506,-8.0,braking,free,emergency,232.2063776059606,16.116362706138755,0.0
w74,0.5,71,540,124,route-77/lane-1,signal-amber,12.198473355048336,2.583507244931866,28.798593943511186,-8.0,braking,free,emergency,37.377928952218326,13.31936713702697,-0.3119108787907869
w74,0.5,71,780,203,route-77/lane-2,signal-amber,11.524835892100818,1.659593227422306,40.01638478187671,-8.0,braking,following,emergency,33.696210186103656,11.514227750753053,0.0
w74,0.5,71,1021,215,route-77/lane-1,signal-amber,7.756090299212374,0.8542251698660834,35.211404938446776,-8.0,braking,emergency,emergency,108.86180201987622,12.305000629550777,0.0
w74,0.5,71,1329,332,route-85/lane-1,leader,7.444956533000804,2.437724303070951,11.3686723532366,-8.0,braking,emergency,emergency,4.437724303070951,1.0785935561376296,-0.21173098980793867
w74,0.5,71,1331,313,route-83/lane-1,signal-amber,8.021379945642817,0.27062426284589947,118.87798890559765,-8.0,braking,emergency,emergency,29.50717690759791,11.276557896235026,0.0
w74,0.5,71,1382,340,route-93/lane-2,signal-amber,3.5748093429068106,0.3274190847991463,19.515145010519472,-8.0,braking,emergency,emergency,251.79408471021594,14.484330285764301,0.0
w74,0.5,71,1382,345,route-89/lane-1,signal-amber,5.570071110106074,0.5571109907788809,27.845162530595726,-8.0,braking,emergency,emergency,148.76749791126122,13.436788581046459,-0.2860759491442156
w74,0.5,71,1412,363,route-79/lane-1,leader,1.1189288506830823,0.38372874451800953,1.6313630276297992,-1.3890283090906164,braking,emergency,emergency,2.3837287445180095,0.5369848790098614,-0.07238194445021325
w74,0.5,71,1620,413,route-89/lane-2,signal-amber,14.29865553832237,4.4666695035318185,22.88635302454503,-8.0,braking,approaching,emergency,30.21266248727261,12.824919740390694,-0.04838380655595495
w74,0.5,71,1740,374,route-77/lane-1,signal-amber,15.249130130368286,2.0794770284649076,55.9121275565536,-8.0,braking,free,emergency,37.68633911895279,13.928235387816095,0.0
w74,0.5,71,1740,414,route-77/lane-2,signal-amber,13.16434671906484,3.016577119775775,28.72461363637121,-8.0,braking,approaching,emergency,29.810764576447696,11.812546583557749,-0.019324047794906072
w74,0.5,72,60,3,route-77/lane-1,signal-amber,15.11246391690802,0.12193170209076243,936.5348048280443,-8.0,braking,free,emergency,,,
w74,0.5,72,303,59,route-79/lane-1,signal-amber,7.8725336091970455,2.9090222351516104,10.652511465713667,-8.0,braking,emergency,emergency,90.02572441882364,16.43928113500122,0.0
w74,0.5,72,371,61,route-83/lane-1,signal-amber,9.909437269992038,3.2945507420491253,14.902934375026698,-8.0,braking,emergency,emergency,34.64717824972013,15.16529784573708,0.0
w74,0.5,72,540,123,route-79/lane-1,signal-amber,12.788390551065095,4.852705832265713,16.85069511108335,-8.0,braking,free,emergency,90.1681952101361,14.890034682140687,0.0
w74,0.5,72,612,94,route-85/lane-1,signal-amber,4.838987911115401,1.0930766151165585,10.710961921650883,-8.0,braking,emergency,emergency,44.76343870728982,13.212478363323026,0.0
w74,0.5,72,851,127,route-85/lane-1,signal-amber,10.491848533711936,2.7476110000177414,20.031744969291964,-8.0,braking,emergency,emergency,106.8720264593992,11.946389842252247,0.0
w74,0.5,72,953,223,route-97/lane-1,signal-amber,9.615944846221247,3.4585398080809,13.367837355741957,-8.0,braking,emergency,emergency,,,
w74,0.5,72,1020,221,route-77/lane-2,signal-amber,13.660654671123803,5.647889536272601,16.520638801910298,-8.0,braking,approaching,emergency,31.879188186300496,12.65992630863375,-0.015886957405500498
w74,0.5,72,1022,222,route-79/lane-1,signal-amber,4.852817194056698,1.2747849542505492,9.236787208858045,-8.0,braking,emergency,emergency,273.2588837711761,14.00723158142239,-0.31957259555939627
w74,0.5,72,1062,264,route-85/lane-1,leader,7.574787828415283,3.268417411976884,8.777552468551423,-1.7376786551892147,braking,emergency,emergency,5.268417411976884,5.3863310438400145,-0.6285111309636231
w74,0.5,72,1069,269,route-85/lane-1,leader,2.5749305001697307,1.0791750260640782,3.0719146202289216,-0.7568558410704171,braking,emergency,emergency,3.0791750260640782,2.038265978709277,0.31530639148371087
w74,0.5,72,1330,246,route-85/lane-1,signal-amber,14.674849478309044,2.3747785475499654,45.34132402223417,-8.0,braking,free,emergency,94.69471280471026,11.29292616247665,0.0
w74,0.5,72,1330,340,route-87/lane-2,signal-amber,15.051282018828207,1.356028455806154,83.53109753719123,-8.0,braking,free,emergency,122.68179694406592,13.191846835442986,-0.3822659420561088
w74,0.5,72,1431,357,route-97/lane-1,signal-amber,8.49900345415213,2.0581371072201478,17.548165149029465,-8.0,braking,emergency,emergency,88.06896765292032,16.496230212333614,0.0
w74,0.5,72,1501,359,route-77/lane-2,signal-amber,8.864969786932134,0.25207378936369196,155.8823103377743,-8.0,braking,emergency,emergency,28.440182663639632,11.674756994056516,0.0
w74,0.5,73,301,73,route-77/lane-2,signal-amber,7.688153421452364,1.083436442727077,27.27788207078023,-8.0,braking,emergency,emergency,14.281514565141094,11.214107702658511,0.0
w74,0.5,73,370,83,route-83/lane-2,signal-amber,13.607233403767014,5.032128984377891,18.397461738302724,-8.0,braking,approaching,emergency,28.219711128915662,11.867881098152138,0.0
w74,0.5,73,370,92,route-83/lane-1,signal-amber,11.922686948101036,3.2319232482361713,21.991621264520703,-8.0,braking,free,emergency,76.47986447555422,13.37423829578329,0.0
w74,0.5,73,610,133,route-83/lane-1,signal-amber,14.247236033433891,4.567823251384766,22.21886918794868,-8.0,braking,free,emergency,42.36762651011526,14.619047771764116,-0.04238636039022692
w74,0.5,73,781,193,route-77/lane-1,signal-amber,9.782464348063804,0.9688901733608191,49.38465233329472,-8.0,braking,emergency,emergency,118.68336277713667,12.862528168811481,-0.257533395882683
w74,0.5,73,902,148,route-89/lane-1,signal-amber,4.131875281466204,0.6640396796991013,12.854949684126932,-8.0,braking,emergency,emergency,46.22336793317373,15.519668522742577,0.0
w74,0.5,73,952,252,route-95/lane-1,signal-amber,4.3223813038996965,0.20459271787507305,45.65895680536809,-8.0,braking,emergency,emergency,46.32415971084151,15.598146062575351,-0.03715798645347957
w74,0.5,73,1020,270,route-77/lane-2,signal-amber,14.32701382263098,2.205657200970336,46.53110306160847,-8.0,braking,free,emergency,36.77812555248693,13.870374750765594,-0.049302967966047516
w74,0.5,73,1090,295,route-83/lane-1,signal-amber,12.838376023847735,1.462979835776764,56.331568931774,-8.0,braking,free,emergency,31.378759313969738,14.510775766589598,-0.10061663901325188
w74,0.5,73,1090,298,route-83/lane-2,signal-amber,14.836009070208869,2.3024101457684765,47.79929534619353,-8.0,braking,free,emergency,30.975949965946256,14.907264124504291,0.0
w74,0.5,73,1095,300,route-83/lane-1,leader,5.106895323425162,1.479515285519824,8.813825750795981,-8.0,braking,emergency,emergency,3.479515285519824,0.0,-8.0
w74,0.5,73,1140,181,route-89/lane-1,signal-amber,12.605338293855345,3.0609492400428735,25.955110823776746,-8.0,braking,free,emergency,32.68606124673727,12.819148631482385,0.2715259835745886
w74,0.5,73,1408,413,route-97/lane-1,leader,4.702154312938992,1.9401235867997002,5.698156378574414,-1.6768934403906155,braking,emergency,emergency,3.9401235867997,3.3495411276829246,-0.8343002809000871
w74,0.5,73,1430,417,route-95/lane-2,signal-amber,13.295812669018153,0.46710623545527596,189.22744026026777,-8.0,braking,following,emergency,31.783574288167017,12.294432048001326,0.0
w74,0.5,73,1501,425,route-77/lane-2,signal-amber,10.2840621253429,0.5151186145496922,102.65784501921713,-8.0,braking,emergency,emergency,45.80366392845258,14.77938066654373,0.0
w74,0.5,73,1502,345,route-77/lane-1,signal-amber,8.589520712169229,2.0387483970166045,18.09440198033992,-8.0,braking,emergency,emergency,116.13600748909005,12.556688043377362,0.0
w74,0.5,73,1570,418,route-83/lane-2,signal-amber,14.903136386615225,3.6710876873114557,30.25036352655384,-8.0,braking,free,emergency,42.9309818837786,13.111293666580513,-0.03471885921329976
w74,0.5,73,1570,424,route-83/lane-1,signal-amber,14.090770877576492,1.1462276787383416,86.6101157768684,-8.0,braking,approaching,emergency,32.25483916361418,13.058762838630937,0.0
w74,0.5,73,1620,461,route-89/lane-2,signal-amber,12.754391433235186,4.675073749568583,17.398067875099805,-8.0,braking,free,emergency,42.63496844834742,13.811282492815518,0.0
w74,0.5,73,1764,516,route-85/lane-1,leader,2.1706574802784084,0.9037053313207508,2.6069083214339663,-1.1527996460452077,braking,emergency,emergency,2.903705331320751,1.5722763327463747,-0.32744780861815614
w74,0.5,74,63,6,route-77/lane-1,signal-amber,8.642661194480025,2.8822790430425584,12.95773091485993,-8.0,braking,emergency,emergency,68.9964121852575,15.256146928393283,0.0
w74,0.5,74,181,37,route-89/lane-2,signal-amber,12.120062275459059,2.712985651099757,27.07273986160947,-8.0,braking,emergency,emergency,86.47117241986075,15.764841157938356,0.0
w74,0.5,74,471,110,route-97/lane-1,signal-amber,7.252434234390966,0.8730181775804908,30.124116355708214,-8.0,braking,emergency,emergency,,,
w74,0.5,74,541,99,route-79/lane-1,signal-amber,10.199821453983896,2.5962756383827923,20.03569192636917,-8.0,braking,emergency,emergency,223.61347339339085,15.487828395948746,0.0
w74,0.5,74,681,155,route-79/lane-1,leader,7.714254402184158,2.610166412686226,11.399602855278076,-2.252783385804979,braking,emergency,emergency,4.610166412686226,4.978875612003469,-0.20978745705163343
w74,0.5,74,686,154,route-77/lane-1,leader,3.6033738087034326,1.3467219405587514,4.820706641143282,-2.199265476656657,braking,emergency,emergency,3.3467219405587514,1.576026929637656,0.2173512864251037
w74,0.5,74,781,176,route-81/lane-2,signal-amber,10.483800341023532,3.927591050058197,13.992046039113024,-8.0,braking,emergency,emergency,34.76105027019992,14.190483568063938,0.0
w74,0.5,74,950,210,route-95/lane-1,signal-amber,13.209108037395534,4.670165196037033,18.680338683912773,-8.0,braking,free,emergency,30.433394399986867,14.489701772113332,0.0
w74,0.5,74,1021,222,route-77/lane-1,signal-amber,9.419881153133835,3.030345411408348,14.640931790334582,-8.0,braking,emergency,emergency,33.574047559911264,12.419889816187743,-0.017665949315631983
w74,0.5,74,1091,242,route-83/lane-2,signal-amber,10.168655207407525,3.0992776270168747,16.681556344899395,-8.0,braking,emergency,emergency,32.17049287579766,12.658911886536517,0.0
w74,0.5,74,1191,259,route-95/lane-1,signal-amber,8.59110136583119,0.3165431389177229,116.58288176824254,-8.0,braking,emergency,emergency,34.85593802721928,13.93402526638005,0.0
w74,0.5,74,1503,376,route-81/lane-2,signal-amber,6.0342597388522705,1.5281815168176536,11.913601295139298,-8.0,braking,emergency,emergency,40.82483338332361,14.647953440840357,0.0
w74,0.5,74,1570,325,route-83/lane-1,signal-amber,15.528783596600407,2.6925061338318415,44.78042165996163,-8.0,braking,free,emergency,40.660908033199235,15.260690025393853,0.0
w74,0.5,74,1742,377,route-77/lane-1,signal-amber,5.52468372067335,0.7494596172311958,20.362758387325865,-8.0,braking,emergency,emergency,196.52671185007,11.503846818454441,0.2682859372649551
w74,0.5,75,131,21,route-83/lane-1,signal-amber,8.358058138103225,0.8261193343054742,42.280293499390766,-8.0,braking,emergency,emergency,171.1410187523378,9.015135743817886,0.07370286216535626
w74,0.5,75,181,38,route-93/lane-2,signal-amber,12.587435632213023,5.214329329868804,15.193088676573158,-8.0,braking,emergency,emergency,,,
w74,0.5,75,301,48,route-79/lane-1,signal-amber,7.484625822561792,2.046923457741002,13.683858937642546,-8.0,braking,emergency,emergency,164.97442420798188,13.232683470440097,0.0
w74,0.5,75,470,117,route-95/lane-1,signal-amber,14.216009139888921,4.695291346180795,21.521019779719495,-8.0,braking,free,emergency,118.31704361771193,14.249872456700542,0.0
w74,0.5,75,535,140,route-79/lane-1,leader,2.8402664193624894,0.8042901338440345,5.015051778891127,-2.6654245851004204,braking,emergency,emergency,2.8042901338440345,1.2839445817330009,-0.5643619273564436
w74,0.5,75,541,127,route-77/lane-2,signal-amber,8.384134300402366,2.5393799043451963,13.840723053471075,-8.0,braking,emergency,emergency,46.09533177268736,13.43508796094451,0.3958743199662882
w74,0.5,75,610,144,route-83/lane-1,signal-amber,11.71194435661193,3.7038256806804384,18.51729163819263,-8.0,braking,free,emergency,180.95803235884688,13.578787936361405,-0.27685178555678314
w74,0.5,75,832,234,route-81/lane-2,leader,5.6805650961346945,2.4586134438789458,6.562402050586969,-2.0542549883472416,braking,emergency,emergency,4.458613443878946,3.232956549197449,-0.24080053557244233
w74,0.5,75,851,227,route-83/lane-1,signal-amber,8.971355765633266,1.5436780200503222,26.069304358864134,-8.0,braking,emergency,emergency,37.56546804757767,12.597348679588176,0.0
w74,0.5,75,951,256,route-95/lane-1,signal-amber,11.657698519439439,0.894865219634994,75.93430372988094,-8.0,braking,emergency,emergency,180.3175700677026,16.474796553342607,0.0
w74,0.5,75,1191,296,route-97/lane-1,signal-amber,8.978815801483265,1.374013373294929,29.337099173801434,-8.0,braking,emergency,emergency,231.79222703659627,16.121572583611126,0.0
w74,0.5,75,1260,280,route-77/lane-1,signal-amber,13.998517024652102,3.008862231047374,32.563551243298754,-8.0,braking,free,emergency,32.9699466562011,13.681012970195152,0.0
w74,0.5,75,1261,315,route-77/lane-2,signal-amber,10.303532581463644,0.213421725057799,248.71597216387366,-8.0,braking,emergency,emergency,31.6996925216784,12.689900003834628,0.0
w74,0.5,75,1330,361,route-87/lane-2,signal-amber,15.855291204317474,5.501968807498315,22.845482041910326,-8.0,braking,free,emergency,,,
w74,0.5,75,1500,389,route-77/lane-2,signal-amber,13.193737517509657,4.013109218394504,21.688259676942295,-8.0,braking,approaching,emergency,26.859997343968246,11.37150847001467,0.0
w74,0.5,75,1570,421,route-83/lane-2,signal-amber,12.948385361027904,1.2631238483018592,66.36747603296556,-8.0,braking,free,emergency,251.23013714263112,12.695462912894687,-0.13948243989772505
w74,0.5,75,1672,426,route-95/lane-1,signal-amber,4.208849844457935,1.0934755055830578,8.100052046318124,-8.0,braking,emergency,emergency,35.79444275715673,12.046130966054287,-0.010261585023273768
w74,0.5,76,301,47,route-77/lane-1,signal-amber,7.510205194107256,2.3862827036635395,11.818210384503613,-8.0,braking,emergency,emergency,48.29283981018267,16.063732128576376,0.0
w74,0.5,76,301,84,route-77/lane-2,signal-amber,11.390205970913113,3.2583600198738623,19.908296085840007,-8.0,braking,emergency,emergency,29.338653109833274,13.461699260793889,-0.11612936984921322
w74,0.5,76,458,143,route-83/lane-1,leader,7.309886122645633,2.3416303848473774,11.409664708790057,-0.8623344365451672,braking,emergency,emergency,4.341630384847377,4.781392557459863,2.5
w74,0.5,76,540,80,route-77/lane-1,signal-amber,12.787645013637691,4.9414976594700875,16.545982236926605,-8.0,braking,approaching,emergency,31.66596688218874,11.93872134512756,0.0
w74,0.5,76,540,161,route-81/lane-2,signal-amber,14.731680385000073,4.539793407722243,23.902233810534,-8.0,braking,free,emergency,143.19090478119244,14.806152208256536,0.0
w74,0.5,76,611,153,route-85/lane-1,signal-amber,9.736842186390422,2.7161487677113882,17.452301746077648,-8.0,braking,emergency,emergency,43.405253184451226,15.449534067999497,-0.12097484463209307
w74,0.5,76,710,209,route-95/lane-1,signal-amber,12.16029801374767,3.6360023380691473,20.334536949401624,-8.0,braking,free,emergency,135.94257677065866,11.323620652950963,-0.37574109733946065
w74,0.5,76,781,129,route-77/lane-1,signal-amber,10.930166250524044,0.8323470188435067,71.76606124575828,-8.0,braking,emergency,emergency,84.15251845023545,13.856929311536373,-0.3921316848785448
w74,0.5,76,781,222,route-77/lane-2,signal-amber,7.267712120017968,1.4963048604598725,17.65002602585363,-8.0,braking,emergency,emergency,40.036007527673064,12.843610362024046,0.0
w74,0.5,76,850,227,route-83/lane-2,signal-amber,11.920349284342313,4.8587382521008635,14.622595382585194,-8.0,braking,approaching,emergency,28.932572221921134,11.249664007700048,0.0
w74,0.5,76,863,256,route-85/lane-1,leader,8.750307208872558,3.099351914860115,12.352239815449101,-2.057704168981008,braking,emergency,emergency,5.099351914860115,6.005481126288925,-0.4696412229842237
w74,0.5,76,1024,285,route-81/lane-2,signal-amber,6.8389646930985375,1.211066630025357,19.31001850512101,-8.0,braking,emergency,emergency,,,
w74,0.5,76,1091,216,route-85/lane-1,signal-amber,7.647494564685038,0.3669023124644468,79.69992438049076,-8.0,braking,emergency,emergency,,,
w74,0.5,76,1260,239,route-79/lane-1,signal-amber,15.433935381465346,4.986813890581004,23.8836225479727,-8.0,braking,free,emergency,,,
w74,0.5,76,1305,364,route-77/lane-2,leader,6.07599978231765,2.897293499880277,6.371079311821474,-1.0583259351186443,braking,emergency,emergency,4.897293499880277,5.543786820623547,-0.7145112359166219
w74,0.5,77,371,87,route-83/lane-2,signal-amber,10.959890129949985,0.8115738205073626,74.00386053944021,-8.0,braking,emergency,emergency,36.10308300202888,14.396504319165834,0.0
w74,0.5,77,422,117,route-89/lane-1,signal-amber,9.642283596633279,0.8953359999623558,51.92108491215156,-8.0,braking,emergency,emergency,38.76820769921409,12.84033504788298,0.0
w74,0.5,77,470,130,route-97/lane-1,signal-amber,14.170550673888066,0.7340984231183825,136.76947128440247,-8.0,braking,free,emergency,217.3981084918177,16.220741207455287,0.0
w74,0.5,77,611,133,route-85/lane-1,signal-amber,7.27439188109245,1.8581567079785373,14.239051263138936,-8.0,braking,emergency,emergency,139.22209420055964,14.456841660407372,0.0
w74,0.5,77,662,151,route-89/lane-1,signal-amber,4.003242569682188,0.6657269113999291,12.036430251869605,-8.0,braking,emergency,emergency,40.312749917750295,13.059079583321559,-0.0856177866761362
w74,0.5,77,711,193,route-97/lane-1,signal-amber,7.253142928131856,0.2287905074996388,114.96998479273056,-8.0,braking,emergency,emergency,141.01261282354267,12.063138910890556,0.0
w74,0.5,77,950,238,route-95/lane-1,signal-amber,13.08683556236387,1.9989534166035696,42.838733412644814,-8.0,braking,free,emergency,38.39197559548228,12.7379939942575,-0.024412207698815545
w74,0.5,77,1020,174,route-77/lane-1,signal-amber,13.007342596198432,4.724302304286709,17.906449515451065,-8.0,braking,free,emergency,115.85354297318696,12.192974761931286,0.24174970638865553
w74,0.5,77,1090,280,route-83/lane-1,signal-amber,14.919056962171853,1.034482931229718,107.57947469270644,-8.0,braking,approaching,emergency,33.672701876454994,13.154417627048678,0.0
w74,0.5,77,1094,281,route-83/lane-1,leader,10.443975359701753,3.738947450439639,14.586541100120535,-8.0,braking,approaching,emergency,5.738947450439639,0.0,-8.0
w74,0.5,77,1191,315,route-95/lane-1,signal-amber,7.738428891398943,0.6207447744132537,48.23502683839853,-8.0,braking,emergency,emergency,33.742736243338015,16.16458546577109,1.5381441574989767
w74,0.5,77,1217,350,route-79/lane-1,leader,3.771548835305475,1.6212208492759501,4.38699657219647,-1.2931994418009556,braking,emergency,emergency,3.62122084927595,2.588916594139019,-0.258088346263037
w74,0.5,77,1383,387,route-89/lane-2,signal-amber,3.2135503449896365,0.04940332241272927,104.51630897927403,-8.0,braking,emergency,emergency,153.9853707577829,10.24334240765027,-0.36574431359166076
w74,0.5,77,1431,378,route-95/lane-1,signal-amber,8.18584844767683,1.5436007124125695,21.705132120470097,-8.0,braking,emergency,emergency,38.95711874229721,14.60982586161721,-0.07917523583679248
w74,0.5,77,1500,292,route-77/lane-1,leader,8.528590504282505,3.9585959581066845,9.187203841905385,-2.254005711461092,braking,emergency,emergency,5.9585959581066845,3.75,2.5
w74,0.5,77,1571,432,route-83/lane-2,signal-amber,8.049288104954176,1.1429704853605358,28.343268626100727,-8.0,braking,emergency,emergency,128.76899075070708,11.597903674566187,0.0
w74,0.5,77,1624,446,route-89/lane-2,signal-amber,5.528208510871046,1.0936350896271279,13.972251635637805,-8.0,braking,emergency,emergency,183.04454388923182,14.430659817173147,0.0
w74,0.5,78,131,17,route-83/lane-1,signal-amber,8.153020951370708,0.6258266477293546,53.107159046890054,-8.0,braking,emergency,emergency,173.2326943142861,15.852271955045872,0.0
w74,0.5,78,370,73,route-83/lane-1,signal-amber,13.83939860234277,4.366936850493801,21.92943935665906,-8.0,braking,free,emergency,118.6870957368705,11.848518436530734,-0.3804303805943126
w74,0.5,78,542,125,route-81/lane-2,signal-amber,8.237385382545181,1.7042996100803407,19.90686307126784,-8.0,braking,emergency,emergency,,,
w74,0.5,78,611,143,route-85/lane-1,signal-amber,10.133569656866603,2.293535386036581,22.38666876817258,-8.0,braking,emergency,emergency,189.0702556612709,12.520951796206646,0.0
w74,0.5,78,897,229,route-79/lane-1,leader,5.875444670230294,1.9207091225223962,8.986485685974827,-3.954524709570506,braking,emergency,emergency,3.9207091225223962,2.536913339918224,-0.5275243531995975
w74,0.5,78,1091,250,route-83/lane-1,signal-amber,10.927307926935988,2.6336754967039155,22.669090911070207,-8.0,braking,emergency,emergency,88.07267613003881,14.007258598062474,-0.018592533055905875
w74,0.5,78,1502,397,route-77/lane-2,signal-amber,4.995654086050685,1.3926308532014673,8.960220754158646,-8.0,braking,emergency,emergency,51.32544792496566,15.752409782265314,0.0
w74,0.5,78,1740,310,route-77/lane-1,signal-amber,11.838388199866749,0.8734116189679639,80.22988939415791,-8.0,braking,free,emergency,27.69078507418834,12.04262504860293,0.0
w74,0.5,79,610,125,route-85/lane-1,signal-amber,15.074070412758115,0.2808651283717154,404.51372537081505,-8.0,braking,following,emergency,28.73063923467157,13.051730375405615,-0.03723055471677355
w74,0.5,79,664,154,route-89/lane-2,signal-amber,5.671427993471735,0.3761155000501617,42.75959842235303,-8.0,braking,emergency,emergency,88.20732267460113,13.81941429486964,0.0
w74,0.5,79,780,172,route-77/lane-1,signal-amber,14.074914265326225,3.462618100446207,28.605986255133836,-8.0,braking,free,emergency,69.70730942380936,12.773539600311778,0.0
w74,0.5,79,850,182,route-83/lane-1,signal-amber,14.182755862637423,5.424823785313436,18.53982468552701,-8.0,braking,free,emergency,62.69494593374594,11.20251282169278,0.3342595516144109
w74,0.5,79,901,192,route-89/lane-1,signal-amber,8.359306410131724,2.304791160229911,15.159291840458717,-8.0,braking,emergency,emergency,106.59107752765044,12.066403964520433,0.17921811474134192
w74,0.5,79,1096,212,route-83/lane-1,signal-red,2.7141531695834473,0.3377050350508739,10.90689605331191,-8.0,braking,emergency,emergency,46.67236207604782,15.451493242247963,0.0
w74,0.5,79,1381,314,route-89/lane-1,signal-amber,7.40883432875853,1.7762102004325016,15.45166954272223,-8.0,braking,emergency,emergency,72.71495695578403,12.563199879522436,0.0
w74,0.5,79,1522,387,route-91/lane-1,leader,3.7886779435711126,1.5256682948131015,4.704194420537738,-2.858355521291279,braking,emergency,emergency,3.5256682948131015,1.3222879525021596,-0.2359506629289881
w74,0.5,79,1622,373,route-91/lane-1,signal-amber,4.411197450723018,0.3077778819818491,31.611535604778783,-8.0,braking,emergency,emergency,150.73210849255446,12.304908678489737,0.0
w74,0.5,79,1742,393,route-77/lane-1,signal-amber,4.210549817490392,0.0868161277019226,102.10504796089725,-8.0,braking,emergency,emergency,51.230385276044274,14.943810560222028,0.36946088200074656
w74,0.5,80,346,97,route-83/lane-2,leader,12.246008693490376,5.450678485218873,13.756519424849179,-1.9366430842602058,braking,emergency,emergency,7.450678485218873,8.056918583964475,0.387932138975439
w74,0.5,80,370,97,route-83/lane-2,signal-amber,15.7033427335741,2.698844257192775,45.68529146335259,-8.0,braking,free,emergency,59.998190512786834,14.534472558614798,0.0
w74,0.5,80,372,71,route-85/lane-1,signal-amber,6.550945036996376,0.8621930140673726,24.88704975426421,-8.0,braking,emergency,emergency,82.15916027865,13.311861427449621,0.0
w74,0.5,80,540,124,route-77/lane-2,signal-amber,12.688416673862376,3.450483097126437,23.32947491086483,-8.0,braking,free,emergency,43.03218132177045,13.74063116818201,0.0
w74,0.5,80,545,138,route-77/lane-2,leader,6.642176858975059,1.0271911644420015,21.475317814805276,-8.0,braking,emergency,emergency,3.0271911644420015,0.0,-8.0
w74,0.5,80,610,163,route-83/lane-2,signal-amber,16.330061554661953,7.148025798793412,18.653465857947968,-8.0,braking,free,emergency,302.6738148847689,14.976718958515608,1.617998422746245
w74,0.5,80,660,177,route-91/lane-1,signal-amber,12.58161145679187,1.7576353482730838,45.03122533499533,-8.0,braking,free,emergency,,,
w74,0.5,80,712,169,route-95/lane-1,signal-amber,4.372507763952905,0.09142155482578573,104.56409422406755,-8.0,braking,emergency,emergency,38.75336834849355,13.018300841851504,-0.04308120770243999
w74,0.5,80,851,192,route-83/lane-1,signal-amber,10.070391074672726,3.4156220806108877,14.845432838212345,-8.0,braking,emergency,emergency,31.800159717526867,12.605047528459691,0.0
w74,0.5,80,1020,264,route-77/lane-2,signal-amber,13.332100100652315,0.7216036562196564,123.15964003355042,-8.0,braking,free,emergency,53.40502603784796,11.309355972367339,0.0
w74,0.5,80,1140,296,route-89/lane-1,signal-amber,15.539893539859914,1.694148939218394,71.27126949699948,-8.0,braking,free,emergency,111.92534925974036,13.732071694390706,-0.13267199574213095
w74,0.5,80,1192,280,route-95/lane-1,signal-amber,4.196948963824898,0.40531847932913934,21.729061840586727,-8.0,braking,emergency,emergency,36.42653717300482,12.41561041953998,-0.20614240016668284
w74,0.5,80,1262,303,route-77/lane-1,signal-amber,4.568929498871395,0.30751172149081185,33.9419854704318,-8.0,braking,emergency,emergency,34.03777700418914,11.924910618099384,0.0
w74,0.5,80,1500,365,route-77/lane-2,signal-amber,11.402714562979526,0.4224627640788299,153.88563260515403,-8.0,braking,free,emergency,45.95695563899301,14.805555580910658,-0.10163755865830676
w74,0.5,80,1620,391,route-89/lane-1,signal-amber,12.80819130130492,4.419473509072191,18.559876428047993,-8.0,braking,free,emergency,32.81035178523064,12.836443485575728,0.0
w74,0.5,80,1742,390,route-77/lane-1,signal-amber,8.958087424705738,2.8026681213493134,14.316238461733546,-8.0,braking,emergency,emergency,66.05045645366022,13.72221185239708,0.22125819755764106
w74,0.5,81,180,22,route-89/lane-2,signal-amber,12.566719933911227,0.2515750227465787,313.8675059495934,-8.0,braking,free,emergency,185.54564183050405,13.125274001516235,-0.23697764221446385
w74,0.5,81,353,81,route-79/lane-1,leader,13.366450742607304,6.189292980185115,14.433151413782625,-1.2421784808089085,braking,emergency,emergency,8.189292980185115,11.185018355704383,-0.7030516927270111
w74,0.5,81,371,58,route-83/lane-1,signal-amber,11.108098883171005,0.3324810264819007,185.55925146155957,-8.0,braking,emergency,emergency,35.441815548140596,13.603982820039404,-0.0739316716856734
w74,0.5,81,420,95,route-89/lane-1,signal-amber,12.74819474863354,0.8652000603315742,93.91843389770796,-8.0,braking,free,emergency,71.90058485270708,14.099824719117024,0.0
w74,0.5,81,541,132,route-77/lane-2,signal-amber,8.450512848845888,3.0701985362478013,11.62973119904219,-8.0,braking,emergency,emergency,26.804821970329442,11.383220705022104,0.0
w74,0.5,81,611,107,route-85/lane-1,signal-amber,7.53484832572285,0.7438593966696203,38.16174101304266,-8.0,braking,emergency,emergency,53.22704520825141,15.339386714459398,0.0
w74,0.5,81,661,146,route-89/lane-1,signal-amber,8.206743526426145,0.5497964732142009,61.25051959209059,-8.0,braking,emergency,emergency,38.56903663138269,13.789646362843923,0.0
w74,0.5,81,780,181,route-77/lane-2,signal-amber,15.160124368765072,4.967348928463878,23.134007111867806,-8.0,braking,free,emergency,36.91802734279901,13.53206651841756,0.0
w74,0.5,81,853,222,route-87/lane-2,signal-amber,5.857263881932013,0.8390346565613527,20.444650238399664,-8.0,braking,emergency,emergency,127.41777032053545,16.4399741234025,0.0
w74,0.5,81,895,235,route-85/lane-1,leader,5.36431436107263,1.1495172011853754,12.516501943049025,-6.190522886947859,braking,emergency,emergency,3.1495172011853754,1.844221317212623,0.11511559729829195
w74,0.5,81,1020,209,route-79/lane-1,signal-amber,13.586729290806689,3.39857082707681,27.15835894178532,-8.0,braking,free,emergency,33.87630696352181,13.27533718700055,0.0
w74,0.5,81,1020,243,route-77/lane-2,signal-amber,13.739901733347216,3.3576105164938213,28.112983729747206,-8.0,braking,free,emergency,36.19844782285878,14.88345865242649,0.24481218980994415
w74,0.5,81,1024,261,route-77/lane-2,leader,8.567102176218322,1.9025634684777515,19.288512818047675,-8.0,braking,emergency,emergency,3.9025634684777515,0.0,-8.0
w74,0.5,81,1091,212,route-83/lane-1,signal-amber,9.460874285162427,2.647350579971601,16.90523025488522,-8.0,braking,emergency,emergency,85.41723837366283,13.927900307024494,-0.011805449315086517
w74,0.5,81,1330,279,route-83/lane-1,signal-amber,13.837601699866633,1.440923452005677,66.44323143523849,-8.0,braking,approaching,emergency,32.25508247933533,11.845435594306327,0.0
w74,0.5,81,1330,363,route-83/lane-2,signal-amber,13.042565955030732,5.167025620446225,16.46097186147067,-8.0,braking,free,emergency,42.1550063647735,14.637964865282656,-0.3053529509997413
w74,0.5,81,1570,433,route-83/lane-2,signal-amber,13.813170541108772,2.5209096624109293,37.844212199035276,-8.0,braking,free,emergency,33.86105115273523,14.833930194010028,0.0
w74,0.5,81,1655,476,route-85/lane-1,leader,6.3089139224771635,1.910050485593544,10.419199696927823,-3.4925913278373524,braking,emergency,emergency,3.910050485593544,3.153797731786931,-0.2267841276793036
w74,0.5,81,1740,360,route-79/lane-1,signal-amber,14.35342134077363,2.9364228360139464,35.08021761359122,-8.0,braking,free,emergency,147.61746539719007,12.441456090868451,0.0
w74,0.5,81,1741,459,route-77/lane-2,signal-amber,9.912779475830364,3.5319866482408884,13.910471177090074,-8.0,braking,emergency,emergency,33.354754514179206,12.306781714494816,-0.027512082618988562
